[{"EventSourceName":"Microsoft-Windows-WinRM","Provider":"Microsoft-Windows-WinRM","ProviderGuid":"{a7975c8f-ac13-49f1-87da-5a984a4ab417}","Level":"4","Keywords":"0x4000000000000002","Channel":"Microsoft-Windows-WinRM/Operational","Computer":"WORKSTATION6.mssentinel.local","TimeCreated":"2022-09-26T07:26:05.749Z","TimeGenerated":"2022-09-26T11:26:05.749Z","EventRecordID":"3386","EventID":2,"Message":"Initializing WSMan API","Task":1},{"EventSourceName":"Microsoft-Windows-WinRM","Provider":"Microsoft-Windows-WinRM","ProviderGuid":"{a7975c8f-ac13-49f1-87da-5a984a4ab417}","Level":"4","Keywords":"0x4000000000000002","Channel":"Microsoft-Windows-WinRM/Operational","Computer":"WORKSTATION6.mssentinel.local","TimeCreated":"2022-09-26T07:26:05.750Z","TimeGenerated":"2022-09-26T11:26:05.750Z","EventRecordID":"3387","EventID":29,"Message":"Initialization of WSMan API completed successfuly","Task":1},{"EventSourceName":"Microsoft-Windows-WinRM","Provider":"Microsoft-Windows-WinRM","ProviderGuid":"{a7975c8f-ac13-49f1-87da-5a984a4ab417}","Level":"4","Keywords":"0x4000000000000002","Channel":"Microsoft-Windows-WinRM/Operational","Computer":"WORKSTATION6.mssentinel.local","TimeCreated":"2022-09-26T07:26:05.750Z","TimeGenerated":"2022-09-26T11:26:05.750Z","EventRecordID":"3388","EventID":6,"Message":"Creating WSMan Session. The connection string is: DC01.mssentinel.local/wsman?PSVersion=5.1.19041.1320","EventData":"\u003cEventData xmlns=\"http://schemas.microsoft.com/win/2004/08/events/event\"\u003e\u003cData Name=\"connection\"\u003eDC01.mssentinel.local/wsman?PSVersion=5.1.19041.1320\u003c/Data\u003e\u003c/EventData\u003e","Task":3},{"EventSourceName":"Microsoft-Windows-WinRM","Provider":"Microsoft-Windows-WinRM","ProviderGuid":"{a7975c8f-ac13-49f1-87da-5a984a4ab417}","Level":"4","Keywords":"0x4000000000000002","Channel":"Microsoft-Windows-WinRM/Operational","Computer":"WORKSTATION6.mssentinel.local","TimeCreated":"2022-09-26T07:26:05.753Z","TimeGenerated":"2022-09-26T11:26:05.753Z","EventRecordID":"3389","EventID":31,"Message":"WSMan Create Session operation completed successfuly","Task":3},{"EventSourceName":"Microsoft-Windows-WinRM","Provider":"Microsoft-Windows-WinRM","ProviderGuid":"{a7975c8f-ac13-49f1-87da-5a984a4ab417}","Level":"4","Keywords":"0x4000000000000002","Channel":"Microsoft-Windows-WinRM/Operational","Computer":"WORKSTATION6.mssentinel.local","TimeCreated":"2022-09-26T07:26:05.753Z","TimeGenerated":"2022-09-26T11:26:05.753Z","EventRecordID":"3390","EventID":10,"Message":"Setting WSMan Session Option (34) - WSMAN_OPTION_USE_INTEARACTIVE_TOKEN with value (0) completed successfully.","EventData":"\u003cEventData xmlns=\"http://schemas.microsoft.com/win/2004/08/events/event\"\u003e\u003cData Name=\"optionCode\"\u003e34\u003c/Data\u003e\u003cData Name=\"optionName\"\u003eWSMAN_OPTION_USE_INTEARACTIVE_TOKEN\u003c/Data\u003e\u003cData Name=\"optionValue\"\u003e0\u003c/Data\u003e\u003c/EventData\u003e","Task":5,"optionCode":34,"optionName":"WSMAN_OPTION_USE_INTEARACTIVE_TOKEN","optionValue":"0"},{"EventSourceName":"Microsoft-Windows-WinRM","Provider":"Microsoft-Windows-WinRM","ProviderGuid":"{a7975c8f-ac13-49f1-87da-5a984a4ab417}","Level":"4","Keywords":"0x4000000000000002","Channel":"Microsoft-Windows-WinRM/Operational","Computer":"WORKSTATION6.mssentinel.local","TimeCreated":"2022-09-26T07:26:05.753Z","TimeGenerated":"2022-09-26T11:26:05.753Z","EventRecordID":"3391","EventID":10,"Message":"Setting WSMan Session Option (26) - WSMAN_OPTION_UI_LANGUAGE with value (en-US) completed successfully.","EventData":"\u003cEventData xmlns=\"http://schemas.microsoft.com/win/2004/08/events/event\"\u003e\u003cData Name=\"optionCode\"\u003e26\u003c/Data\u003e\u003cData Name=\"optionName\"\u003eWSMAN_OPTION_UI_LANGUAGE\u003c/Data\u003e\u003cData Name=\"optionValue\"\u003een-US\u003c/Data\u003e\u003c/EventData\u003e","Task":5,"optionCode":26,"optionName":"WSMAN_OPTION_UI_LANGUAGE","optionValue":"en-US"},{"EventSourceName":"Microsoft-Windows-WinRM","Provider":"Microsoft-Windows-WinRM","ProviderGuid":"{a7975c8f-ac13-49f1-87da-5a984a4ab417}","Level":"4","Keywords":"0x4000000000000002","Channel":"Microsoft-Windows-WinRM/Operational","Computer":"WORKSTATION6.mssentinel.local","TimeCreated":"2022-09-26T07:26:05.753Z","TimeGenerated":"2022-09-26T11:26:05.753Z","EventRecordID":"3392","EventID":10,"Message":"Setting WSMan Session Option (25) - WSMAN_OPTION_LOCALE with value (en-US) completed successfully.","EventData":"\u003cEventData xmlns=\"http://schemas.microsoft.com/win/2004/08/events/event\"\u003e\u003cData Name=\"optionCode\"\u003e25\u003c/Data\u003e\u003cData Name=\"optionName\"\u003eWSMAN_OPTION_LOCALE\u003c/Data\u003e\u003cData Name=\"optionValue\"\u003een-US\u003c/Data\u003e\u003c/EventData\u003e","Task":5,"optionCode":25,"optionName":"WSMAN_OPTION_LOCALE","optionValue":"en-US"},{"EventSourceName":"Microsoft-Windows-WinRM","Provider":"Microsoft-Windows-WinRM","ProviderGuid":"{a7975c8f-ac13-49f1-87da-5a984a4ab417}","Level":"4","Keywords":"0x4000000000000002","Channel":"Microsoft-Windows-WinRM/Operational","Computer":"WORKSTATION6.mssentinel.local","TimeCreated":"2022-09-26T07:26:05.753Z","TimeGenerated":"2022-09-26T11:26:05.753Z","EventRecordID":"3393","EventID":10,"Message":"Setting WSMan Session Option (1) - WSMAN_OPTION_DEFAULT_OPERATION_TIMEOUTMS with value (180000) completed successfully.","EventData":"\u003cEventData xmlns=\"http://schemas.microsoft.com/win/2004/08/events/event\"\u003e\u003cData Name=\"optionCode\"\u003e1\u003c/Data\u003e\u003cData Name=\"optionName\"\u003eWSMAN_OPTION_DEFAULT_OPERATION_TIMEOUTMS\u003c/Data\u003e\u003cData Name=\"optionValue\"\u003e180000\u003c/Data\u003e\u003c/EventData\u003e","Task":5,"optionCode":1,"optionName":"WSMAN_OPTION_DEFAULT_OPERATION_TIMEOUTMS","optionValue":"180000"},{"EventSourceName":"Microsoft-Windows-WinRM","Provider":"Microsoft-Windows-WinRM","ProviderGuid":"{a7975c8f-ac13-49f1-87da-5a984a4ab417}","Level":"4","Keywords":"0x4000000000000002","Channel":"Microsoft-Windows-WinRM/Operational","Computer":"WORKSTATION6.mssentinel.local","TimeCreated":"2022-09-26T07:26:05.753Z","TimeGenerated":"2022-09-26T11:26:05.753Z","EventRecordID":"3394","EventID":10,"Message":"Setting WSMan Session Option (12) - WSMAN_OPTION_TIMEOUTMS_CREATE_SHELL with value (180000) completed successfully.","EventData":"\u003cEventData xmlns=\"http://schemas.microsoft.com/win/2004/08/events/event\"\u003e\u003cData Name=\"optionCode\"\u003e12\u003c/Data\u003e\u003cData Name=\"optionName\"\u003eWSMAN_OPTION_TIMEOUTMS_CREATE_SHELL\u003c/Data\u003e\u003cData Name=\"optionValue\"\u003e180000\u003c/Data\u003e\u003c/EventData\u003e","Task":5,"optionCode":12,"optionName":"WSMAN_OPTION_TIMEOUTMS_CREATE_SHELL","optionValue":"180000"},{"EventSourceName":"Microsoft-Windows-WinRM","Provider":"Microsoft-Windows-WinRM","ProviderGuid":"{a7975c8f-ac13-49f1-87da-5a984a4ab417}","Level":"4","Keywords":"0x4000000000000002","Channel":"Microsoft-Windows-WinRM/Operational","Computer":"WORKSTATION6.mssentinel.local","TimeCreated":"2022-09-26T07:26:05.753Z","TimeGenerated":"2022-09-26T11:26:05.753Z","EventRecordID":"3395","EventID":10,"Message":"Setting WSMan Session Option (17) - WSMAN_OPTION_TIMEOUTMS_CLOSE_SHELL with value (60000) completed successfully.","EventData":"\u003cEventData xmlns=\"http://schemas.microsoft.com/win/2004/08/events/event\"\u003e\u003cData Name=\"optionCode\"\u003e17\u003c/Data\u003e\u003cData Name=\"optionName\"\u003eWSMAN_OPTION_TIMEOUTMS_CLOSE_SHELL\u003c/Data\u003e\u003cData Name=\"optionValue\"\u003e60000\u003c/Data\u003e\u003c/EventData\u003e","Task":5,"optionCode":17,"optionName":"WSMAN_OPTION_TIMEOUTMS_CLOSE_SHELL","optionValue":"60000"},{"EventSourceName":"Microsoft-Windows-WinRM","Provider":"Microsoft-Windows-WinRM","ProviderGuid":"{a7975c8f-ac13-49f1-87da-5a984a4ab417}","Level":"4","Keywords":"0x4000000000000002","Channel":"Microsoft-Windows-WinRM/Operational","Computer":"WORKSTATION6.mssentinel.local","TimeCreated":"2022-09-26T07:26:05.753Z","TimeGenerated":"2022-09-26T11:26:05.753Z","EventRecordID":"3396","EventID":10,"Message":"Setting WSMan Session Option (16) - WSMAN_OPTION_TIMEOUTMS_SIGNAL_SHELL with value (60000) completed successfully.","EventData":"\u003cEventData xmlns=\"http://schemas.microsoft.com/win/2004/08/events/event\"\u003e\u003cData Name=\"optionCode\"\u003e16\u003c/Data\u003e\u003cData Name=\"optionName\"\u003eWSMAN_OPTION_TIMEOUTMS_SIGNAL_SHELL\u003c/Data\u003e\u003cData Name=\"optionValue\"\u003e60000\u003c/Data\u003e\u003c/EventData\u003e","Task":5,"optionCode":16,"optionName":"WSMAN_OPTION_TIMEOUTMS_SIGNAL_SHELL","optionValue":"60000"},{"EventSourceName":"Microsoft-Windows-WinRM","Provider":"Microsoft-Windows-WinRM","ProviderGuid":"{a7975c8f-ac13-49f1-87da-5a984a4ab417}","Level":"4","Keywords":"0x4000000000000002","Channel":"Microsoft-Windows-WinRM/Operational","Computer":"WORKSTATION6.mssentinel.local","TimeCreated":"2022-09-26T07:26:05.759Z","TimeGenerated":"2022-09-26T11:26:05.759Z","EventRecordID":"3397","EventID":11,"Message":"Creating WSMan shell with the ResourceUri: http://schemas.microsoft.com/powershell/Microsoft.PowerShell and ShellId: 9DB0731A-FFA8-45B5-8023-9A271FD214DF","EventData":"\u003cEventData xmlns=\"http://schemas.microsoft.com/win/2004/08/events/event\"\u003e\u003cData Name=\"resourceUri\"\u003ehttp://schemas.microsoft.com/powershell/Microsoft.PowerShell\u003c/Data\u003e\u003cData Name=\"shellId\"\u003e9DB0731A-FFA8-45B5-8023-9A271FD214DF\u003c/Data\u003e\u003c/EventData\u003e","Task":5,"resourceUri":"http://schemas.microsoft.com/powershell/Microsoft.PowerShell","shellId":"9DB0731A-FFA8-45B5-8023-9A271FD214DF"},{"EventSourceName":"Microsoft-Windows-WinRM","Provider":"Microsoft-Windows-WinRM","ProviderGuid":"{a7975c8f-ac13-49f1-87da-5a984a4ab417}","Level":"4","Keywords":"0x4000000000000002","Channel":"Microsoft-Windows-WinRM/Operational","Computer":"WORKSTATION6.mssentinel.local","TimeCreated":"2022-09-26T07:26:06.416Z","TimeGenerated":"2022-09-26T11:26:06.416Z","EventRecordID":"3398","EventID":13,"Message":"Running WSMan command with CommandId: 0FADCF52-22C9-46AE-A0E5-F098A637918F","EventData":"\u003cEventData xmlns=\"http://schemas.microsoft.com/win/2004/08/events/event\"\u003e\u003cData Name=\"commandId\"\u003e0FADCF52-22C9-46AE-A0E5-F098A637918F\u003c/Data\u003e\u003c/EventData\u003e","Task":5},{"EventSourceName":"Microsoft-Windows-WinRM","Provider":"Microsoft-Windows-WinRM","ProviderGuid":"{a7975c8f-ac13-49f1-87da-5a984a4ab417}","Level":"4","Keywords":"0x4000000000000002","Channel":"Microsoft-Windows-WinRM/Operational","Computer":"WORKSTATION6.mssentinel.local","TimeCreated":"2022-09-26T07:26:06.429Z","TimeGenerated":"2022-09-26T11:26:06.429Z","EventRecordID":"3399","EventID":15,"Message":"Closing WSMan command","Task":5},{"EventSourceName":"Microsoft-Windows-WinRM","Provider":"Microsoft-Windows-WinRM","ProviderGuid":"{a7975c8f-ac13-49f1-87da-5a984a4ab417}","Level":"4","Keywords":"0x4000000000000002","Channel":"Microsoft-Windows-WinRM/Operational","Computer":"WORKSTATION6.mssentinel.local","TimeCreated":"2022-09-26T07:26:06.432Z","TimeGenerated":"2022-09-26T11:26:06.432Z","EventRecordID":"3400","EventID":13,"Message":"Running WSMan command with CommandId: 6D87098A-3909-487A-9970-1C1959EA1DE6","EventData":"\u003cEventData xmlns=\"http://schemas.microsoft.com/win/2004/08/events/event\"\u003e\u003cData Name=\"commandId\"\u003e6D87098A-3909-487A-9970-1C1959EA1DE6\u003c/Data\u003e\u003c/EventData\u003e","Task":5},{"EventSourceName":"Microsoft-Windows-WinRM","Provider":"Microsoft-Windows-WinRM","ProviderGuid":"{a7975c8f-ac13-49f1-87da-5a984a4ab417}","Level":"4","Keywords":"0x4000000000000002","Channel":"Microsoft-Windows-WinRM/Operational","Computer":"WORKSTATION6.mssentinel.local","TimeCreated":"2022-09-26T07:26:08.150Z","TimeGenerated":"2022-09-26T11:26:08.150Z","EventRecordID":"3401","EventID":15,"Message":"Closing WSMan command","Task":5},{"EventSourceName":"Microsoft-Windows-WinRM","Provider":"Microsoft-Windows-WinRM","ProviderGuid":"{a7975c8f-ac13-49f1-87da-5a984a4ab417}","Level":"4","Keywords":"0x4000000000000002","Channel":"Microsoft-Windows-WinRM/Operational","Computer":"WORKSTATION6.mssentinel.local","TimeCreated":"2022-09-26T07:26:08.153Z","TimeGenerated":"2022-09-26T11:26:08.153Z","EventRecordID":"3402","EventID":16,"Message":"Closing WSMan shell","Task":5},{"EventSourceName":"Microsoft-Windows-WinRM","Provider":"Microsoft-Windows-WinRM","ProviderGuid":"{a7975c8f-ac13-49f1-87da-5a984a4ab417}","Level":"4","Keywords":"0x4000000000000002","Channel":"Microsoft-Windows-WinRM/Operational","Computer":"WORKSTATION6.mssentinel.local","TimeCreated":"2022-09-26T07:26:08.160Z","TimeGenerated":"2022-09-26T11:26:08.160Z","EventRecordID":"3403","EventID":8,"Message":"Closing WSMan Session","Task":4},{"EventSourceName":"Microsoft-Windows-WinRM","Provider":"Microsoft-Windows-WinRM","ProviderGuid":"{a7975c8f-ac13-49f1-87da-5a984a4ab417}","Level":"4","Keywords":"0x4000000000000002","Channel":"Microsoft-Windows-WinRM/Operational","Computer":"WORKSTATION6.mssentinel.local","TimeCreated":"2022-09-26T07:26:08.160Z","TimeGenerated":"2022-09-26T11:26:08.160Z","EventRecordID":"3404","EventID":4,"Message":"Deinitializing WSMan API","Task":2},{"EventSourceName":"Microsoft-Windows-WinRM","Provider":"Microsoft-Windows-WinRM","ProviderGuid":"{a7975c8f-ac13-49f1-87da-5a984a4ab417}","Level":"4","Keywords":"0x4000000000000002","Channel":"Microsoft-Windows-WinRM/Operational","Computer":"WORKSTATION6.mssentinel.local","TimeCreated":"2022-09-26T07:26:08.166Z","TimeGenerated":"2022-09-26T11:26:08.166Z","EventRecordID":"3405","EventID":33,"Message":"Closing WSMan Session completed successfuly","Task":4},{"EventSourceName":"Microsoft-Windows-WinRM","Provider":"Microsoft-Windows-WinRM","ProviderGuid":"{a7975c8f-ac13-49f1-87da-5a984a4ab417}","Level":"4","Keywords":"0x4000000000000002","Channel":"Microsoft-Windows-WinRM/Operational","Computer":"WORKSTATION6.mssentinel.local","TimeCreated":"2022-09-26T07:26:08.166Z","TimeGenerated":"2022-09-26T11:26:08.166Z","EventRecordID":"3406","EventID":30,"Message":"Deinitialization of WSMan API completed successfuly","Task":2}]
