[{"EventSourceName":"Microsoft-Windows-WinRM","Provider":"Microsoft-Windows-WinRM","ProviderGuid":"{a7975c8f-ac13-49f1-87da-5a984a4ab417}","Level":"4","Keywords":"0x4000000000000002","Channel":"Microsoft-Windows-WinRM/Operational","Computer":"WORKSTATION6.mssentinel.local","TimeCreated":"2022-09-23T12:19:11.902Z","TimeGenerated":"2022-09-23T04:19:11.902Z","EventRecordID":"2345","EventID":2,"Message":"Initializing WSMan API","Task":"1"},{"EventSourceName":"Microsoft-Windows-WinRM","Provider":"Microsoft-Windows-WinRM","ProviderGuid":"{a7975c8f-ac13-49f1-87da-5a984a4ab417}","Level":"4","Keywords":"0x4000000000000002","Channel":"Microsoft-Windows-WinRM/Operational","Computer":"WORKSTATION6.mssentinel.local","TimeCreated":"2022-09-23T12:19:11.903Z","TimeGenerated":"2022-09-23T04:19:11.903Z","EventRecordID":"2346","EventID":29,"Message":"Initialization of WSMan API completed successfuly","Task":"1"},{"EventSourceName":"Microsoft-Windows-WinRM","Provider":"Microsoft-Windows-WinRM","ProviderGuid":"{a7975c8f-ac13-49f1-87da-5a984a4ab417}","Level":"4","Keywords":"0x4000000000000002","Channel":"Microsoft-Windows-WinRM/Operational","Computer":"WORKSTATION6.mssentinel.local","TimeCreated":"2022-09-23T12:19:11.903Z","TimeGenerated":"2022-09-23T04:19:11.903Z","EventRecordID":"2347","EventID":6,"Message":"Creating WSMan Session. The connection string is: DC01.mssentinel.local/wsman?PSVersion=5.1.19041.1320","EventData":"\u003cEventData xmlns=\"http://schemas.microsoft.com/win/2004/08/events/event\"\u003e\u003cData Name=\"connection\"\u003eDC01.mssentinel.local/wsman?PSVersion=5.1.19041.1320\u003c/Data\u003e\u003c/EventData\u003e","Task":"3"},{"EventSourceName":"Microsoft-Windows-WinRM","Provider":"Microsoft-Windows-WinRM","ProviderGuid":"{a7975c8f-ac13-49f1-87da-5a984a4ab417}","Level":"4","Keywords":"0x4000000000000002","Channel":"Microsoft-Windows-WinRM/Operational","Computer":"WORKSTATION6.mssentinel.local","TimeCreated":"2022-09-23T12:19:11.906Z","TimeGenerated":"2022-09-23T04:19:11.906Z","EventRecordID":"2348","EventID":31,"Message":"WSMan Create Session operation completed successfuly","Task":"3"},{"EventSourceName":"Microsoft-Windows-WinRM","Provider":"Microsoft-Windows-WinRM","ProviderGuid":"{a7975c8f-ac13-49f1-87da-5a984a4ab417}","Level":"4","Keywords":"0x4000000000000002","Channel":"Microsoft-Windows-WinRM/Operational","Computer":"WORKSTATION6.mssentinel.local","TimeCreated":"2022-09-23T12:19:11.906Z","TimeGenerated":"2022-09-23T04:19:11.906Z","EventRecordID":"2349","EventID":10,"Message":"Setting WSMan Session Option (34) - WSMAN_OPTION_USE_INTEARACTIVE_TOKEN with value (0) completed successfully.","EventData":"\u003cEventData xmlns=\"http://schemas.microsoft.com/win/2004/08/events/event\"\u003e\u003cData Name=\"optionCode\"\u003e34\u003c/Data\u003e\u003cData Name=\"optionName\"\u003eWSMAN_OPTION_USE_INTEARACTIVE_TOKEN\u003c/Data\u003e\u003cData Name=\"optionValue\"\u003e0\u003c/Data\u003e\u003c/EventData\u003e","Task":"5","optionCode":"34","optionName":"WSMAN_OPTION_USE_INTEARACTIVE_TOKEN","optionValue":"0"},{"EventSourceName":"Microsoft-Windows-WinRM","Provider":"Microsoft-Windows-WinRM","ProviderGuid":"{a7975c8f-ac13-49f1-87da-5a984a4ab417}","Level":"4","Keywords":"0x4000000000000002","Channel":"Microsoft-Windows-WinRM/Operational","Computer":"WORKSTATION6.mssentinel.local","TimeCreated":"2022-09-23T12:19:11.906Z","TimeGenerated":"2022-09-23T04:19:11.906Z","EventRecordID":"2350","EventID":10,"Message":"Setting WSMan Session Option (26) - WSMAN_OPTION_UI_LANGUAGE with value (en-US) completed successfully.","EventData":"\u003cEventData xmlns=\"http://schemas.microsoft.com/win/2004/08/events/event\"\u003e\u003cData Name=\"optionCode\"\u003e26\u003c/Data\u003e\u003cData Name=\"optionName\"\u003eWSMAN_OPTION_UI_LANGUAGE\u003c/Data\u003e\u003cData Name=\"optionValue\"\u003een-US\u003c/Data\u003e\u003c/EventData\u003e","Task":"5","optionCode":"26","optionName":"WSMAN_OPTION_UI_LANGUAGE","optionValue":"en-US"},{"EventSourceName":"Microsoft-Windows-WinRM","Provider":"Microsoft-Windows-WinRM","ProviderGuid":"{a7975c8f-ac13-49f1-87da-5a984a4ab417}","Level":"4","Keywords":"0x4000000000000002","Channel":"Microsoft-Windows-WinRM/Operational","Computer":"WORKSTATION6.mssentinel.local","TimeCreated":"2022-09-23T12:19:11.906Z","TimeGenerated":"2022-09-23T04:19:11.906Z","EventRecordID":"2351","EventID":10,"Message":"Setting WSMan Session Option (25) - WSMAN_OPTION_LOCALE with value (en-US) completed successfully.","EventData":"\u003cEventData xmlns=\"http://schemas.microsoft.com/win/2004/08/events/event\"\u003e\u003cData Name=\"optionCode\"\u003e25\u003c/Data\u003e\u003cData Name=\"optionName\"\u003eWSMAN_OPTION_LOCALE\u003c/Data\u003e\u003cData Name=\"optionValue\"\u003een-US\u003c/Data\u003e\u003c/EventData\u003e","Task":"5","optionCode":"25","optionName":"WSMAN_OPTION_LOCALE","optionValue":"en-US"},{"EventSourceName":"Microsoft-Windows-WinRM","Provider":"Microsoft-Windows-WinRM","ProviderGuid":"{a7975c8f-ac13-49f1-87da-5a984a4ab417}","Level":"4","Keywords":"0x4000000000000002","Channel":"Microsoft-Windows-WinRM/Operational","Computer":"WORKSTATION6.mssentinel.local","TimeCreated":"2022-09-23T12:19:11.906Z","TimeGenerated":"2022-09-23T04:19:11.906Z","EventRecordID":"2352","EventID":10,"Message":"Setting WSMan Session Option (1) - WSMAN_OPTION_DEFAULT_OPERATION_TIMEOUTMS with value (180000) completed successfully.","EventData":"\u003cEventData xmlns=\"http://schemas.microsoft.com/win/2004/08/events/event\"\u003e\u003cData Name=\"optionCode\"\u003e1\u003c/Data\u003e\u003cData Name=\"optionName\"\u003eWSMAN_OPTION_DEFAULT_OPERATION_TIMEOUTMS\u003c/Data\u003e\u003cData Name=\"optionValue\"\u003e180000\u003c/Data\u003e\u003c/EventData\u003e","Task":"5","optionCode":"1","optionName":"WSMAN_OPTION_DEFAULT_OPERATION_TIMEOUTMS","optionValue":"180000"},{"EventSourceName":"Microsoft-Windows-WinRM","Provider":"Microsoft-Windows-WinRM","ProviderGuid":"{a7975c8f-ac13-49f1-87da-5a984a4ab417}","Level":"4","Keywords":"0x4000000000000002","Channel":"Microsoft-Windows-WinRM/Operational","Computer":"WORKSTATION6.mssentinel.local","TimeCreated":"2022-09-23T12:19:11.906Z","TimeGenerated":"2022-09-23T04:19:11.906Z","EventRecordID":"2353","EventID":10,"Message":"Setting WSMan Session Option (12) - WSMAN_OPTION_TIMEOUTMS_CREATE_SHELL with value (180000) completed successfully.","EventData":"\u003cEventData xmlns=\"http://schemas.microsoft.com/win/2004/08/events/event\"\u003e\u003cData Name=\"optionCode\"\u003e12\u003c/Data\u003e\u003cData Name=\"optionName\"\u003eWSMAN_OPTION_TIMEOUTMS_CREATE_SHELL\u003c/Data\u003e\u003cData Name=\"optionValue\"\u003e180000\u003c/Data\u003e\u003c/EventData\u003e","Task":"5","optionCode":"12","optionName":"WSMAN_OPTION_TIMEOUTMS_CREATE_SHELL","optionValue":"180000"},{"EventSourceName":"Microsoft-Windows-WinRM","Provider":"Microsoft-Windows-WinRM","ProviderGuid":"{a7975c8f-ac13-49f1-87da-5a984a4ab417}","Level":"4","Keywords":"0x4000000000000002","Channel":"Microsoft-Windows-WinRM/Operational","Computer":"WORKSTATION6.mssentinel.local","TimeCreated":"2022-09-23T12:19:11.906Z","TimeGenerated":"2022-09-23T04:19:11.906Z","EventRecordID":"2354","EventID":10,"Message":"Setting WSMan Session Option (17) - WSMAN_OPTION_TIMEOUTMS_CLOSE_SHELL with value (60000) completed successfully.","EventData":"\u003cEventData xmlns=\"http://schemas.microsoft.com/win/2004/08/events/event\"\u003e\u003cData Name=\"optionCode\"\u003e17\u003c/Data\u003e\u003cData Name=\"optionName\"\u003eWSMAN_OPTION_TIMEOUTMS_CLOSE_SHELL\u003c/Data\u003e\u003cData Name=\"optionValue\"\u003e60000\u003c/Data\u003e\u003c/EventData\u003e","Task":"5","optionCode":"17","optionName":"WSMAN_OPTION_TIMEOUTMS_CLOSE_SHELL","optionValue":"60000"},{"EventSourceName":"Microsoft-Windows-WinRM","Provider":"Microsoft-Windows-WinRM","ProviderGuid":"{a7975c8f-ac13-49f1-87da-5a984a4ab417}","Level":"4","Keywords":"0x4000000000000002","Channel":"Microsoft-Windows-WinRM/Operational","Computer":"WORKSTATION6.mssentinel.local","TimeCreated":"2022-09-23T12:19:11.906Z","TimeGenerated":"2022-09-23T04:19:11.906Z","EventRecordID":"2355","EventID":10,"Message":"Setting WSMan Session Option (16) - WSMAN_OPTION_TIMEOUTMS_SIGNAL_SHELL with value (60000) completed successfully.","EventData":"\u003cEventData xmlns=\"http://schemas.microsoft.com/win/2004/08/events/event\"\u003e\u003cData Name=\"optionCode\"\u003e16\u003c/Data\u003e\u003cData Name=\"optionName\"\u003eWSMAN_OPTION_TIMEOUTMS_SIGNAL_SHELL\u003c/Data\u003e\u003cData Name=\"optionValue\"\u003e60000\u003c/Data\u003e\u003c/EventData\u003e","Task":"5","optionCode":"16","optionName":"WSMAN_OPTION_TIMEOUTMS_SIGNAL_SHELL","optionValue":"60000"},{"EventSourceName":"Microsoft-Windows-WinRM","Provider":"Microsoft-Windows-WinRM","ProviderGuid":"{a7975c8f-ac13-49f1-87da-5a984a4ab417}","Level":"4","Keywords":"0x4000000000000002","Channel":"Microsoft-Windows-WinRM/Operational","Computer":"WORKSTATION6.mssentinel.local","TimeCreated":"2022-09-23T12:19:11.912Z","TimeGenerated":"2022-09-23T04:19:11.912Z","EventRecordID":"2356","EventID":11,"Message":"Creating WSMan shell with the ResourceUri: http://schemas.microsoft.com/powershell/Microsoft.PowerShell and ShellId: CE536EF5-C5F7-4A5D-BB83-F3FE5256A517","EventData":"\u003cEventData xmlns=\"http://schemas.microsoft.com/win/2004/08/events/event\"\u003e\u003cData Name=\"resourceUri\"\u003ehttp://schemas.microsoft.com/powershell/Microsoft.PowerShell\u003c/Data\u003e\u003cData Name=\"shellId\"\u003eCE536EF5-C5F7-4A5D-BB83-F3FE5256A517\u003c/Data\u003e\u003c/EventData\u003e","Task":"5","resourceUri":"http://schemas.microsoft.com/powershell/Microsoft.PowerShell","shellId":"CE536EF5-C5F7-4A5D-BB83-F3FE5256A517"},{"EventSourceName":"Microsoft-Windows-WinRM","Provider":"Microsoft-Windows-WinRM","ProviderGuid":"{a7975c8f-ac13-49f1-87da-5a984a4ab417}","Level":"4","Keywords":"0x4000000000000002","Channel":"Microsoft-Windows-WinRM/Operational","Computer":"WORKSTATION6.mssentinel.local","TimeCreated":"2022-09-23T12:19:12.357Z","TimeGenerated":"2022-09-23T04:19:12.357Z","EventRecordID":"2357","EventID":13,"Message":"Running WSMan command with CommandId: 56A9BF5F-3448-4134-8D59-29395C26EC56","EventData":"\u003cEventData xmlns=\"http://schemas.microsoft.com/win/2004/08/events/event\"\u003e\u003cData Name=\"commandId\"\u003e56A9BF5F-3448-4134-8D59-29395C26EC56\u003c/Data\u003e\u003c/EventData\u003e","Task":"5"},{"EventSourceName":"Microsoft-Windows-WinRM","Provider":"Microsoft-Windows-WinRM","ProviderGuid":"{a7975c8f-ac13-49f1-87da-5a984a4ab417}","Level":"4","Keywords":"0x4000000000000002","Channel":"Microsoft-Windows-WinRM/Operational","Computer":"WORKSTATION6.mssentinel.local","TimeCreated":"2022-09-23T12:19:12.369Z","TimeGenerated":"2022-09-23T04:19:12.369Z","EventRecordID":"2358","EventID":15,"Message":"Closing WSMan command","Task":"5"},{"EventSourceName":"Microsoft-Windows-WinRM","Provider":"Microsoft-Windows-WinRM","ProviderGuid":"{a7975c8f-ac13-49f1-87da-5a984a4ab417}","Level":"4","Keywords":"0x4000000000000002","Channel":"Microsoft-Windows-WinRM/Operational","Computer":"WORKSTATION6.mssentinel.local","TimeCreated":"2022-09-23T12:19:12.372Z","TimeGenerated":"2022-09-23T04:19:12.372Z","EventRecordID":"2359","EventID":13,"Message":"Running WSMan command with CommandId: BBD01EE7-CF72-4B44-9BED-D42EE251595A","EventData":"\u003cEventData xmlns=\"http://schemas.microsoft.com/win/2004/08/events/event\"\u003e\u003cData Name=\"commandId\"\u003eBBD01EE7-CF72-4B44-9BED-D42EE251595A\u003c/Data\u003e\u003c/EventData\u003e","Task":"5"},{"EventSourceName":"Microsoft-Windows-WinRM","Provider":"Microsoft-Windows-WinRM","ProviderGuid":"{a7975c8f-ac13-49f1-87da-5a984a4ab417}","Level":"4","Keywords":"0x4000000000000002","Channel":"Microsoft-Windows-WinRM/Operational","Computer":"WORKSTATION6.mssentinel.local","TimeCreated":"2022-09-23T12:19:13.031Z","TimeGenerated":"2022-09-23T04:19:13.031Z","EventRecordID":"2360","EventID":15,"Message":"Closing WSMan command","Task":"5"},{"EventSourceName":"Microsoft-Windows-WinRM","Provider":"Microsoft-Windows-WinRM","ProviderGuid":"{a7975c8f-ac13-49f1-87da-5a984a4ab417}","Level":"4","Keywords":"0x4000000000000002","Channel":"Microsoft-Windows-WinRM/Operational","Computer":"WORKSTATION6.mssentinel.local","TimeCreated":"2022-09-23T12:19:13.033Z","TimeGenerated":"2022-09-23T04:19:13.033Z","EventRecordID":"2361","EventID":16,"Message":"Closing WSMan shell","Task":"5"},{"EventSourceName":"Microsoft-Windows-WinRM","Provider":"Microsoft-Windows-WinRM","ProviderGuid":"{a7975c8f-ac13-49f1-87da-5a984a4ab417}","Level":"4","Keywords":"0x4000000000000002","Channel":"Microsoft-Windows-WinRM/Operational","Computer":"WORKSTATION6.mssentinel.local","TimeCreated":"2022-09-23T12:19:13.041Z","TimeGenerated":"2022-09-23T04:19:13.041Z","EventRecordID":"2362","EventID":8,"Message":"Closing WSMan Session","Task":"4"},{"EventSourceName":"Microsoft-Windows-WinRM","Provider":"Microsoft-Windows-WinRM","ProviderGuid":"{a7975c8f-ac13-49f1-87da-5a984a4ab417}","Level":"4","Keywords":"0x4000000000000002","Channel":"Microsoft-Windows-WinRM/Operational","Computer":"WORKSTATION6.mssentinel.local","TimeCreated":"2022-09-23T12:19:13.041Z","TimeGenerated":"2022-09-23T04:19:13.041Z","EventRecordID":"2363","EventID":4,"Message":"Deinitializing WSMan API","Task":"2"},{"EventSourceName":"Microsoft-Windows-WinRM","Provider":"Microsoft-Windows-WinRM","ProviderGuid":"{a7975c8f-ac13-49f1-87da-5a984a4ab417}","Level":"4","Keywords":"0x4000000000000002","Channel":"Microsoft-Windows-WinRM/Operational","Computer":"WORKSTATION6.mssentinel.local","TimeCreated":"2022-09-23T12:19:13.047Z","TimeGenerated":"2022-09-23T04:19:13.047Z","EventRecordID":"2364","EventID":33,"Message":"Closing WSMan Session completed successfuly","Task":"4"},{"EventSourceName":"Microsoft-Windows-WinRM","Provider":"Microsoft-Windows-WinRM","ProviderGuid":"{a7975c8f-ac13-49f1-87da-5a984a4ab417}","Level":"4","Keywords":"0x4000000000000002","Channel":"Microsoft-Windows-WinRM/Operational","Computer":"WORKSTATION6.mssentinel.local","TimeCreated":"2022-09-23T12:19:13.047Z","TimeGenerated":"2022-09-23T04:19:13.047Z","EventRecordID":"2365","EventID":30,"Message":"Deinitialization of WSMan API completed successfuly","Task":"2"}]
