<Backups xmlns="http://www.microsoft.com/GroupPolicy/GPOOperations/Manifest" xmlns:mfst="http://www.microsoft.com/GroupPolicy/GPOOperations/Manifest" mfst:version="1.0"><BackupInst><GPOGuid><![CDATA[{668b715f-ddaa-4760-9227-a08f29474df6}]]></GPOGuid><GPODomain><![CDATA[shire.com]]></GPODomain><GPODomainGuid><![CDATA[{0071b080-6b81-498b-b00b-51b45474a348}]]></GPODomainGuid><GPODomainController><![CDATA[HFDC01.shire.com]]></GPODomainController><BackupTime><![CDATA[2019-05-15T11:21:18]]></BackupTime><ID><![CDATA[{6A1BC872-8BD0-471E-8221-7A921175B263}]]></ID><Comment><![CDATA[]]></Comment><GPODisplayName><![CDATA[Inactivity Limit]]></GPODisplayName></BackupInst></Backups>