<Backups xmlns="http://www.microsoft.com/GroupPolicy/GPOOperations/Manifest" xmlns:mfst="http://www.microsoft.com/GroupPolicy/GPOOperations/Manifest" mfst:version="1.0"><BackupInst><GPOGuid><![CDATA[{dccfd2bd-15ba-4d61-b71a-7e6dbfeaf83c}]]></GPOGuid><GPODomain><![CDATA[shire.com]]></GPODomain><GPODomainGuid><![CDATA[{0071b080-6b81-498b-b00b-51b45474a348}]]></GPODomainGuid><GPODomainController><![CDATA[HFDC01.shire.com]]></GPODomainController><BackupTime><![CDATA[2019-05-15T11:30:41]]></BackupTime><ID><![CDATA[{A0AFF499-94CE-4E1E-8470-BC0C32632122}]]></ID><Comment><![CDATA[]]></Comment><GPODisplayName><![CDATA[Disable Open File Security Warning]]></GPODisplayName></BackupInst></Backups>