{"Timestamp":"2021-08-02T13:11:39.7724491Z","DeviceId":"00000000-0000-0000-0000-000000000000","DeviceName":"adfs01.simulandlabs.com","ActionType":"LdapSearch","FileName":"","FolderPath":"","SHA1":"","SHA256":"","MD5":"","FileSize":null,"AccountDomain":"","AccountName":"","AccountSid":"","RemoteUrl":"","RemoteDeviceName":"","ProcessId":null,"ProcessCommandLine":"","ProcessCreationTime":null,"ProcessTokenElevation":"","LogonId":null,"RegistryKey":"","RegistryValueName":"","RegistryValueData":"","RemoteIP":"","RemotePort":null,"LocalIP":"","LocalPort":null,"FileOriginUrl":"","FileOriginIP":"","InitiatingProcessSHA1":"6cbce4a295c163791b60fc23d285e6d84f28ee4c","InitiatingProcessSHA256":"de96a6e69944335375dc1ac238336066889d9ffc7d73628ef4fe1b1b160ab32c","InitiatingProcessMD5":"7353f60b1739074eb17c5f4dddefe239","InitiatingProcessFileName":"powershell.exe","InitiatingProcessFileSize":448000,"InitiatingProcessFolderPath":"c:\\windows\\system32\\windowspowershell\\v1.0\\powershell.exe","InitiatingProcessId":5692,"InitiatingProcessCommandLine":"\"powershell.exe\" ","InitiatingProcessCreationTime":"2021-08-02T10:45:40.0664337Z","InitiatingProcessAccountDomain":"simulandlabs","InitiatingProcessAccountName":"wardog","InitiatingProcessAccountSid":"S-1-5-21-2490359158-13971675-3780420524-500","InitiatingProcessAccountUpn":"wardog@simulandlabs.com","InitiatingProcessAccountObjectId":"","InitiatingProcessVersionInfoCompanyName":"Microsoft Corporation","InitiatingProcessVersionInfoProductName":"Microsoft® Windows® Operating System","InitiatingProcessVersionInfoProductVersion":"10.0.17763.1","InitiatingProcessVersionInfoInternalFileName":"POWERSHELL","InitiatingProcessVersionInfoOriginalFileName":"PowerShell.EXE","InitiatingProcessVersionInfoFileDescription":"Windows PowerShell","InitiatingProcessParentId":820,"InitiatingProcessParentFileName":"svchost.exe","InitiatingProcessParentCreationTime":"2021-06-24T04:49:41.1741012Z","InitiatingProcessLogonId":1357805418,"ReportId_long":113597,"ReportId_string":"","AppGuardContainerId":"","AdditionalFields_string":"{\"AttributeList\":[\"objectClass\"],\"DistinguishedName\":\"CN=596f0e13-7a4b-49a1-a106-0cbcba66b065,CN=ADFS,CN=Microsoft,CN=Program Data,DC=simulandlabs,DC=com\",\"ScopeOfSearch\":\"Base\",\"SearchFilter\":\"(objectClass=*)\"}","AdditionalFields_dynamic":null,"Application":"","TargetAccountUpn":"","TargetAccountDisplayName":"","TargetDeviceName":"","DestinationDeviceName":"","DestinationIPAddress":"","DestinationPort":null,"Protocol":"","AccountUpn":"","AccountObjectId":"","AccountDisplayName":"","IPAddress":"","Port":null,"Location":"","ISP":"","ApplicationId":null,"IsAdminOperation":null,"DeviceType":"","OSPlatform":"","IsAnonymousProxy":null,"CountryCode":"","City":"","UserAgent":"","ActivityType":"","ActivityObjects":null,"ObjectName":"","ObjectType":"","ObjectId":"","RawEventData":null,"rawData":null,"AppId":"","OAuthAppId":""}
{"Timestamp":"2021-08-02T13:11:39.7747609Z","DeviceId":"00000000-0000-0000-0000-000000000000","DeviceName":"adfs01.simulandlabs.com","ActionType":"LdapSearch","FileName":"","FolderPath":"","SHA1":"","SHA256":"","MD5":"","FileSize":null,"AccountDomain":"","AccountName":"","AccountSid":"","RemoteUrl":"","RemoteDeviceName":"","ProcessId":null,"ProcessCommandLine":"","ProcessCreationTime":null,"ProcessTokenElevation":"","LogonId":null,"RegistryKey":"","RegistryValueName":"","RegistryValueData":"","RemoteIP":"","RemotePort":null,"LocalIP":"","LocalPort":null,"FileOriginUrl":"","FileOriginIP":"","InitiatingProcessSHA1":"6cbce4a295c163791b60fc23d285e6d84f28ee4c","InitiatingProcessSHA256":"de96a6e69944335375dc1ac238336066889d9ffc7d73628ef4fe1b1b160ab32c","InitiatingProcessMD5":"7353f60b1739074eb17c5f4dddefe239","InitiatingProcessFileName":"powershell.exe","InitiatingProcessFileSize":448000,"InitiatingProcessFolderPath":"c:\\windows\\system32\\windowspowershell\\v1.0\\powershell.exe","InitiatingProcessId":5692,"InitiatingProcessCommandLine":"\"powershell.exe\" ","InitiatingProcessCreationTime":"2021-08-02T10:45:40.0664337Z","InitiatingProcessAccountDomain":"simulandlabs","InitiatingProcessAccountName":"wardog","InitiatingProcessAccountSid":"S-1-5-21-2490359158-13971675-3780420524-500","InitiatingProcessAccountUpn":"wardog@simulandlabs.com","InitiatingProcessAccountObjectId":"","InitiatingProcessVersionInfoCompanyName":"Microsoft Corporation","InitiatingProcessVersionInfoProductName":"Microsoft® Windows® Operating System","InitiatingProcessVersionInfoProductVersion":"10.0.17763.1","InitiatingProcessVersionInfoInternalFileName":"POWERSHELL","InitiatingProcessVersionInfoOriginalFileName":"PowerShell.EXE","InitiatingProcessVersionInfoFileDescription":"Windows PowerShell","InitiatingProcessParentId":820,"InitiatingProcessParentFileName":"svchost.exe","InitiatingProcessParentCreationTime":"2021-06-24T04:49:41.1741012Z","InitiatingProcessLogonId":1357805418,"ReportId_long":113598,"ReportId_string":"","AppGuardContainerId":"","AdditionalFields_string":"{\"AttributeList\":[\"thumbnailphoto\"],\"DistinguishedName\":\"CN=596f0e13-7a4b-49a1-a106-0cbcba66b065,CN=ADFS,CN=Microsoft,CN=Program Data,DC=simulandlabs,DC=com\",\"ScopeOfSearch\":\"SubTree\",\"SearchFilter\":\"(\u0026(objectclass=contact)(!name=CryptoPolicy)(ThumbnailPhoto=*))\"}","AdditionalFields_dynamic":null,"Application":"","TargetAccountUpn":"","TargetAccountDisplayName":"","TargetDeviceName":"","DestinationDeviceName":"","DestinationIPAddress":"","DestinationPort":null,"Protocol":"","AccountUpn":"","AccountObjectId":"","AccountDisplayName":"","IPAddress":"","Port":null,"Location":"","ISP":"","ApplicationId":null,"IsAdminOperation":null,"DeviceType":"","OSPlatform":"","IsAnonymousProxy":null,"CountryCode":"","City":"","UserAgent":"","ActivityType":"","ActivityObjects":null,"ObjectName":"","ObjectType":"","ObjectId":"","RawEventData":null,"rawData":null,"AppId":"","OAuthAppId":""}
{"Timestamp":"2021-08-02T13:11:53.5836949Z","DeviceId":"00000000-0000-0000-0000-000000000000","DeviceName":"adfs01.simulandlabs.com","ActionType":"LdapSearch","FileName":"","FolderPath":"","SHA1":"","SHA256":"","MD5":"","FileSize":null,"AccountDomain":"","AccountName":"","AccountSid":"","RemoteUrl":"","RemoteDeviceName":"","ProcessId":null,"ProcessCommandLine":"","ProcessCreationTime":null,"ProcessTokenElevation":"","LogonId":null,"RegistryKey":"","RegistryValueName":"","RegistryValueData":"","RemoteIP":"","RemotePort":null,"LocalIP":"","LocalPort":null,"FileOriginUrl":"","FileOriginIP":"","InitiatingProcessSHA1":"6cbce4a295c163791b60fc23d285e6d84f28ee4c","InitiatingProcessSHA256":"de96a6e69944335375dc1ac238336066889d9ffc7d73628ef4fe1b1b160ab32c","InitiatingProcessMD5":"7353f60b1739074eb17c5f4dddefe239","InitiatingProcessFileName":"powershell.exe","InitiatingProcessFileSize":448000,"InitiatingProcessFolderPath":"c:\\windows\\system32\\windowspowershell\\v1.0\\powershell.exe","InitiatingProcessId":5692,"InitiatingProcessCommandLine":"\"powershell.exe\" ","InitiatingProcessCreationTime":"2021-08-02T10:45:40.0664337Z","InitiatingProcessAccountDomain":"simulandlabs","InitiatingProcessAccountName":"wardog","InitiatingProcessAccountSid":"S-1-5-21-2490359158-13971675-3780420524-500","InitiatingProcessAccountUpn":"wardog@simulandlabs.com","InitiatingProcessAccountObjectId":"","InitiatingProcessVersionInfoCompanyName":"Microsoft Corporation","InitiatingProcessVersionInfoProductName":"Microsoft® Windows® Operating System","InitiatingProcessVersionInfoProductVersion":"10.0.17763.1","InitiatingProcessVersionInfoInternalFileName":"POWERSHELL","InitiatingProcessVersionInfoOriginalFileName":"PowerShell.EXE","InitiatingProcessVersionInfoFileDescription":"Windows PowerShell","InitiatingProcessParentId":820,"InitiatingProcessParentFileName":"svchost.exe","InitiatingProcessParentCreationTime":"2021-06-24T04:49:41.1741012Z","InitiatingProcessLogonId":1357805418,"ReportId_long":113608,"ReportId_string":"","AppGuardContainerId":"","AdditionalFields_string":"{\"AttributeList\":[\"\"],\"DistinguishedName\":\"CN=596f0e13-7a4b-49a1-a106-0cbcba66b065,CN=ADFS,CN=Microsoft,CN=Program Data,DC=simulandlabs,DC=com\",\"ScopeOfSearch\":\"SubTree\",\"SearchFilter\":\"(name=CryptoPolicy)\"}","AdditionalFields_dynamic":null,"Application":"","TargetAccountUpn":"","TargetAccountDisplayName":"","TargetDeviceName":"","DestinationDeviceName":"","DestinationIPAddress":"","DestinationPort":null,"Protocol":"","AccountUpn":"","AccountObjectId":"","AccountDisplayName":"","IPAddress":"","Port":null,"Location":"","ISP":"","ApplicationId":null,"IsAdminOperation":null,"DeviceType":"","OSPlatform":"","IsAnonymousProxy":null,"CountryCode":"","City":"","UserAgent":"","ActivityType":"","ActivityObjects":null,"ObjectName":"","ObjectType":"","ObjectId":"","RawEventData":null,"rawData":null,"AppId":"","OAuthAppId":""}
{"Timestamp":"2021-08-02T13:11:53.6344905Z","DeviceId":"00000000-0000-0000-0000-000000000000","DeviceName":"adfs01.simulandlabs.com","ActionType":"LdapSearch","FileName":"","FolderPath":"","SHA1":"","SHA256":"","MD5":"","FileSize":null,"AccountDomain":"","AccountName":"","AccountSid":"","RemoteUrl":"","RemoteDeviceName":"","ProcessId":null,"ProcessCommandLine":"","ProcessCreationTime":null,"ProcessTokenElevation":"","LogonId":null,"RegistryKey":"","RegistryValueName":"","RegistryValueData":"","RemoteIP":"","RemotePort":null,"LocalIP":"","LocalPort":null,"FileOriginUrl":"","FileOriginIP":"","InitiatingProcessSHA1":"6cbce4a295c163791b60fc23d285e6d84f28ee4c","InitiatingProcessSHA256":"de96a6e69944335375dc1ac238336066889d9ffc7d73628ef4fe1b1b160ab32c","InitiatingProcessMD5":"7353f60b1739074eb17c5f4dddefe239","InitiatingProcessFileName":"powershell.exe","InitiatingProcessFileSize":448000,"InitiatingProcessFolderPath":"c:\\windows\\system32\\windowspowershell\\v1.0\\powershell.exe","InitiatingProcessId":5692,"InitiatingProcessCommandLine":"\"powershell.exe\" ","InitiatingProcessCreationTime":"2021-08-02T10:45:40.0664337Z","InitiatingProcessAccountDomain":"simulandlabs","InitiatingProcessAccountName":"wardog","InitiatingProcessAccountSid":"S-1-5-21-2490359158-13971675-3780420524-500","InitiatingProcessAccountUpn":"wardog@simulandlabs.com","InitiatingProcessAccountObjectId":"","InitiatingProcessVersionInfoCompanyName":"Microsoft Corporation","InitiatingProcessVersionInfoProductName":"Microsoft® Windows® Operating System","InitiatingProcessVersionInfoProductVersion":"10.0.17763.1","InitiatingProcessVersionInfoInternalFileName":"POWERSHELL","InitiatingProcessVersionInfoOriginalFileName":"PowerShell.EXE","InitiatingProcessVersionInfoFileDescription":"Windows PowerShell","InitiatingProcessParentId":820,"InitiatingProcessParentFileName":"svchost.exe","InitiatingProcessParentCreationTime":"2021-06-24T04:49:41.1741012Z","InitiatingProcessLogonId":1357805418,"ReportId_long":113616,"ReportId_string":"","AppGuardContainerId":"","AdditionalFields_string":"{\"AttributeList\":[\"thumbnailphoto\"],\"DistinguishedName\":\"CN=596f0e13-7a4b-49a1-a106-0cbcba66b065,CN=ADFS,CN=Microsoft,CN=Program Data,DC=simulandlabs,DC=com\",\"ScopeOfSearch\":\"SubTree\",\"SearchFilter\":\"(l=9736f74f-fd37-4b02-80e8-8120a72ad6c2)\"}","AdditionalFields_dynamic":null,"Application":"","TargetAccountUpn":"","TargetAccountDisplayName":"","TargetDeviceName":"","DestinationDeviceName":"","DestinationIPAddress":"","DestinationPort":null,"Protocol":"","AccountUpn":"","AccountObjectId":"","AccountDisplayName":"","IPAddress":"","Port":null,"Location":"","ISP":"","ApplicationId":null,"IsAdminOperation":null,"DeviceType":"","OSPlatform":"","IsAnonymousProxy":null,"CountryCode":"","City":"","UserAgent":"","ActivityType":"","ActivityObjects":null,"ObjectName":"","ObjectType":"","ObjectId":"","RawEventData":null,"rawData":null,"AppId":"","OAuthAppId":""}
{"Timestamp":"2021-08-02T13:15:30.513652Z","DeviceId":"00000000-0000-0000-0000-000000000000","DeviceName":"adfs01.simulandlabs.com","ActionType":"LdapSearch","FileName":"","FolderPath":"","SHA1":"","SHA256":"","MD5":"","FileSize":null,"AccountDomain":"","AccountName":"","AccountSid":"","RemoteUrl":"","RemoteDeviceName":"","ProcessId":null,"ProcessCommandLine":"","ProcessCreationTime":null,"ProcessTokenElevation":"","LogonId":null,"RegistryKey":"","RegistryValueName":"","RegistryValueData":"","RemoteIP":"","RemotePort":null,"LocalIP":"","LocalPort":null,"FileOriginUrl":"","FileOriginIP":"","InitiatingProcessSHA1":"6cbce4a295c163791b60fc23d285e6d84f28ee4c","InitiatingProcessSHA256":"de96a6e69944335375dc1ac238336066889d9ffc7d73628ef4fe1b1b160ab32c","InitiatingProcessMD5":"7353f60b1739074eb17c5f4dddefe239","InitiatingProcessFileName":"powershell.exe","InitiatingProcessFileSize":448000,"InitiatingProcessFolderPath":"c:\\windows\\system32\\windowspowershell\\v1.0\\powershell.exe","InitiatingProcessId":5692,"InitiatingProcessCommandLine":"\"powershell.exe\" ","InitiatingProcessCreationTime":"2021-08-02T10:45:40.0664337Z","InitiatingProcessAccountDomain":"simulandlabs","InitiatingProcessAccountName":"wardog","InitiatingProcessAccountSid":"S-1-5-21-2490359158-13971675-3780420524-500","InitiatingProcessAccountUpn":"wardog@simulandlabs.com","InitiatingProcessAccountObjectId":"","InitiatingProcessVersionInfoCompanyName":"Microsoft Corporation","InitiatingProcessVersionInfoProductName":"Microsoft® Windows® Operating System","InitiatingProcessVersionInfoProductVersion":"10.0.17763.1","InitiatingProcessVersionInfoInternalFileName":"POWERSHELL","InitiatingProcessVersionInfoOriginalFileName":"PowerShell.EXE","InitiatingProcessVersionInfoFileDescription":"Windows PowerShell","InitiatingProcessParentId":820,"InitiatingProcessParentFileName":"svchost.exe","InitiatingProcessParentCreationTime":"2021-06-24T04:49:41.1741012Z","InitiatingProcessLogonId":1357805418,"ReportId_long":113771,"ReportId_string":"","AppGuardContainerId":"","AdditionalFields_string":"{\"AttributeList\":[\"\"],\"DistinguishedName\":\"DC=simulandlabs,DC=com\",\"ScopeOfSearch\":\"SubTree\",\"SearchFilter\":\"(\u0026(objectCategory=user)(memberOf=CN=Domain Admins,CN=Users,DC=simulandlabs,DC=com))\"}","AdditionalFields_dynamic":null,"Application":"","TargetAccountUpn":"","TargetAccountDisplayName":"","TargetDeviceName":"","DestinationDeviceName":"","DestinationIPAddress":"","DestinationPort":null,"Protocol":"","AccountUpn":"","AccountObjectId":"","AccountDisplayName":"","IPAddress":"","Port":null,"Location":"","ISP":"","ApplicationId":null,"IsAdminOperation":null,"DeviceType":"","OSPlatform":"","IsAnonymousProxy":null,"CountryCode":"","City":"","UserAgent":"","ActivityType":"","ActivityObjects":null,"ObjectName":"","ObjectType":"","ObjectId":"","RawEventData":null,"rawData":null,"AppId":"","OAuthAppId":""}
{"Timestamp":"2021-08-02T13:13:02.057Z","ActionType":"Directory Services replication","Application":"Active Directory","ApplicationId":null,"AccountObjectId":"aead923d-498b-4f64-a66c-2af91447a8b6","AccountDisplayName":"Gustavo Pedro","IsAdminOperation":null,"DeviceType":"","OSPlatform":"","IPAddress":"192.168.2.5","IsAnonymousProxy":null,"CountryCode":"","City":"","ISP":"INTERNAL_NETWORK","UserAgent_dynamic":null,"UserAgent_string":"","ActivityType":"","ActivityObjects":null,"ObjectName":"","ObjectType":"","ObjectId":"","ReportId":"3ab932f1-c0d9-4c09-bb4d-dfc0852bbdf7_106830890_1627909982057_20940","AdditionalFields":{"DestinationComputerOperatingSystemVersion":"10.0 (17763)","DestinationComputerOperatingSystemType":"windows","DestinationComputerOperatingSystem":"windows server 2019 datacenter","SourceComputerOperatingSystemType":"windows","SourceComputerOperatingSystemVersion":"10.0 (17763)","SourceComputerOperatingSystem":"windows server 2019 datacenter","ACTOR.ACCOUNT":"Gustavo Pedro","TO.DEVICE":"DC01","Count":"1","ACTOR.ENTITY_USER":"Gustavo Pedro","FROM.DEVICE":"ADFS01","ARG.TASK":"Directory Services replication"},"UserId":"","Permissions":null,"PermissionsAddedTo":"","RawEventData":null,"spnID":"","rawData":null,"AppId":"","OAuthAppId":"","TargetAccountUpn":"","TargetAccountDisplayName":"","TargetDeviceName":"","DestinationDeviceName":"dc01.simulandlabs.com","DestinationIPAddress":"192.168.2.4","DestinationPort":49668,"Protocol":"Drsr","AccountName":"pgustavo","AccountDomain":"simulandlabs.com","AccountUpn":"pgustavo@simulandlabs.com","AccountSid":"S-1-5-21-2490359158-13971675-3780420524-1105","DeviceName":"adfs01.simulandlabs.com","Port":53163,"Location":""}
{"Timestamp":"2021-08-02T13:08:18.374Z","ActionType":"Directory Services replication","Application":"Active Directory","ApplicationId":null,"AccountObjectId":"aead923d-498b-4f64-a66c-2af91447a8b6","AccountDisplayName":"Gustavo Pedro","IsAdminOperation":null,"DeviceType":"","OSPlatform":"","IPAddress":"192.168.2.5","IsAnonymousProxy":null,"CountryCode":"","City":"","ISP":"INTERNAL_NETWORK","UserAgent_dynamic":null,"UserAgent_string":"","ActivityType":"","ActivityObjects":null,"ObjectName":"","ObjectType":"","ObjectId":"","ReportId":"85a25128-abab-4d26-8906-5fe01c1afe17_106830890_1627909698374_20940","AdditionalFields":{"DestinationComputerOperatingSystemVersion":"10.0 (17763)","DestinationComputerOperatingSystemType":"windows","DestinationComputerOperatingSystem":"windows server 2019 datacenter","SourceComputerOperatingSystemType":"windows","SourceComputerOperatingSystemVersion":"10.0 (17763)","SourceComputerOperatingSystem":"windows server 2019 datacenter","ACTOR.ACCOUNT":"Gustavo Pedro","Count":"1","TO.DEVICE":"DC01","ACTOR.ENTITY_USER":"Gustavo Pedro","FROM.DEVICE":"ADFS01","ARG.TASK":"Directory Services replication"},"UserId":"","Permissions":null,"PermissionsAddedTo":"","RawEventData":null,"spnID":"","rawData":null,"AppId":"","OAuthAppId":"","TargetAccountUpn":"","TargetAccountDisplayName":"","TargetDeviceName":"","DestinationDeviceName":"dc01.simulandlabs.com","DestinationIPAddress":"192.168.2.4","DestinationPort":49668,"Protocol":"Drsr","AccountName":"pgustavo","AccountDomain":"simulandlabs.com","AccountUpn":"pgustavo@simulandlabs.com","AccountSid":"S-1-5-21-2490359158-13971675-3780420524-1105","DeviceName":"adfs01.simulandlabs.com","Port":53115,"Location":""}
{"Timestamp":"2021-08-02T13:32:07Z","ActionType":"MailItemsAccessed","Application":"Microsoft Exchange Online","ApplicationId":20893,"AccountObjectId":"5a95e683-08ad-424e-a441-1d1aec52c02c","AccountDisplayName":"SimuLandApp","IsAdminOperation":0,"DeviceType":"Other","OSPlatform":"Unknown","IPAddress":"1.2.3.4","IsAnonymousProxy":0,"CountryCode":"US","City":"chicago","ISP":"Microsoft 365 Common and Office Online server","UserAgent_dynamic":null,"UserAgent_string":"Client=REST;;","ActivityType":"Run","ActivityObjects":[{"ServiceObjectType":"Session ID","Type":"Structured object","Role":"Parameter"},{"Type":"Task","Role":"Target object","Name":"MailItemsAccessed"},{"Type":"Property","Role":"Parameter","Name":"MailAccessType","Value":"Bind"},{"Type":"Property","Role":"Parameter","Name":"IsThrottled","Value":"False"},{"ApplicationInstance":0,"ApplicationId":11161,"Type":"User","Role":"Parameter","Name":"Gustavo Pedro","Id":"aead923d-498b-4f64-a66c-2af91447a8b6"},{"ApplicationInstance":0,"ApplicationId":11161,"Type":"Account","Role":"Actor","Name":"SimuLandApp","Id":"5a95e683-08ad-424e-a441-1d1aec52c02c"}],"ObjectName":"MailItemsAccessed","ObjectType":"Task","ObjectId":"","ReportId":"106830890_20893_699e0b10-1c53-403e-976f-ce0847a92b44","AdditionalFields":{"IsSatelliteProvider":false},"UserId":"","Permissions":null,"PermissionsAddedTo":"","RawEventData":{"OrganizationId":"00000000-0000-0000-0000-000000000000","CreationTime":"2021-08-02T13:32:07.0000000Z","RecordType":50,"Operation":"MailItemsAccessed","UserType":0,"Workload":"Exchange","Version":1,"UserKey":"100320015858B802","UserId":"pgustavo@simulandlabs.com","OriginatingServer":"AB1CD23EF4567 (15.20.4200.000)\r\n","InternalLogonType":0,"OrganizationName":"simulandlabs.onmicrosoft.com","ClientInfoString":"Client=REST;;","MailboxOwnerSid":"S-1-5-21-1825954961-3338807533-2873504967-26087451","ClientIPAddress":"1.2.3.4","MailboxOwnerUPN":"pgustavo@simulandlabs.com","ExternalAccess":false,"ResultStatus":"Succeeded","Id":"699e0b10-1c53-403e-976f-ce0847a92b44","LogonUserSid":"S-1-5-21-1825954961-3338807533-2873504967-26087451","MailboxGuid":"d0c5f8ae-9ed7-4e46-bfdf-ea1460f5a31b","LogonType":0,"OperationProperties":["@{Value=Bind; Name=MailAccessType}","@{Value=False; Name=IsThrottled}"],"OperationCount":7,"AppId":"00000003-0000-0000-c000-000000000000","Folders":["@{Id=LgAAAAAM7KyTTmWeRac2KXBEz/7aAQARGHK+grzLTpRJraC1QR6kAAAAAAEMAAAB; Path=\\Inbox; FolderItems=System.Object[]}"],"ClientAppId":"5a95e683-08ad-424e-a441-1d1aec52c02c"},"spnID":"","rawData":{"OrganizationId":"00000000-0000-0000-0000-000000000000","CreationTime":"2021-08-02T13:32:07.0000000Z","RecordType":50,"Operation":"MailItemsAccessed","UserType":0,"Workload":"Exchange","Version":1,"UserKey":"100320015858B802","UserId":"pgustavo@simulandlabs.com","OriginatingServer":"AB1CD23EF4567 (15.20.4200.000)\r\n","InternalLogonType":0,"OrganizationName":"simulandlabs.onmicrosoft.com","ClientInfoString":"Client=REST;;","MailboxOwnerSid":"S-1-5-21-1825954961-3338807533-2873504967-26087451","ClientIPAddress":"1.2.3.4","MailboxOwnerUPN":"pgustavo@simulandlabs.com","ExternalAccess":false,"ResultStatus":"Succeeded","Id":"699e0b10-1c53-403e-976f-ce0847a92b44","LogonUserSid":"S-1-5-21-1825954961-3338807533-2873504967-26087451","MailboxGuid":"d0c5f8ae-9ed7-4e46-bfdf-ea1460f5a31b","LogonType":0,"OperationProperties":["@{Value=Bind; Name=MailAccessType}","@{Value=False; Name=IsThrottled}"],"OperationCount":7,"AppId":"00000003-0000-0000-c000-000000000000","Folders":["@{Id=LgAAAAAM7KyTTmWeRac2KXBEz/7aAQARGHK+grzLTpRJraC1QR6kAAAAAAEMAAAB; Path=\\Inbox; FolderItems=System.Object[]}"],"ClientAppId":"5a95e683-08ad-424e-a441-1d1aec52c02c"},"AppId":"00000003-0000-0000-c000-000000000000","OAuthAppId":"5a95e683-08ad-424e-a441-1d1aec52c02c","TargetAccountUpn":"","TargetAccountDisplayName":"","TargetDeviceName":"","DestinationDeviceName":"","DestinationIPAddress":"","DestinationPort":null,"Protocol":"","AccountName":"","AccountDomain":"","AccountUpn":"","AccountSid":"","DeviceName":"","Port":null,"Location":""}
{"Timestamp":"2021-08-02T13:27:20Z","ActionType":"Add delegated permission grant.","Application":"Office 365","ApplicationId":11161,"AccountObjectId":"aead923d-498b-4f64-a66c-2af91447a8b6","AccountDisplayName":"Gustavo Pedro","IsAdminOperation":0,"DeviceType":"Desktop","OSPlatform":"Windows 10","IPAddress":"","IsAnonymousProxy":null,"CountryCode":"","City":"","ISP":"","UserAgent_dynamic":null,"UserAgent_string":"","ActivityType":"Basic","ActivityObjects":[{"ApplicationInstance":0,"ApplicationId":11161,"Type":"User","Role":"Actor","Name":"Gustavo Pedro","Id":"aead923d-498b-4f64-a66c-2af91447a8b6"}],"ObjectName":"","ObjectType":"","ObjectId":"","ReportId":"106830890_11161_e417c1fd-ae0b-4efa-891b-bb6b0ea7d35e","AdditionalFields":{},"UserId":"pgustavo@simulandlabs.com","Permissions":"User.Read Mail.ReadWrite","PermissionsAddedTo":"Microsoft Graph","RawEventData":null,"spnID":"","rawData":null,"AppId":"","OAuthAppId":"","TargetAccountUpn":"","TargetAccountDisplayName":"","TargetDeviceName":"","DestinationDeviceName":"","DestinationIPAddress":"","DestinationPort":null,"Protocol":"","AccountName":"","AccountDomain":"","AccountUpn":"","AccountSid":"","DeviceName":"","Port":null,"Location":""}
