{"Timestamp":"2021-08-02T13:11:39.7724491Z","DeviceId":"00000000-0000-0000-0000-000000000000","DeviceName":"adfs01.simulandlabs.com","ActionType":"LdapSearch","FileName":"","FolderPath":"","SHA1":"","SHA256":"","MD5":"","FileSize":null,"AccountDomain":"","AccountName":"","AccountSid":"","RemoteUrl":"","RemoteDeviceName":"","ProcessId":null,"ProcessCommandLine":"","ProcessCreationTime":null,"ProcessTokenElevation":"","LogonId":null,"RegistryKey":"","RegistryValueName":"","RegistryValueData":"","RemoteIP":"","RemotePort":null,"LocalIP":"","LocalPort":null,"FileOriginUrl":"","FileOriginIP":"","InitiatingProcessSHA1":"6cbce4a295c163791b60fc23d285e6d84f28ee4c","InitiatingProcessSHA256":"de96a6e69944335375dc1ac238336066889d9ffc7d73628ef4fe1b1b160ab32c","InitiatingProcessMD5":"7353f60b1739074eb17c5f4dddefe239","InitiatingProcessFileName":"powershell.exe","InitiatingProcessFileSize":448000,"InitiatingProcessFolderPath":"c:\\windows\\system32\\windowspowershell\\v1.0\\powershell.exe","InitiatingProcessId":5692,"InitiatingProcessCommandLine":"\"powershell.exe\" ","InitiatingProcessCreationTime":"2021-08-02T10:45:40.0664337Z","InitiatingProcessAccountDomain":"simulandlabs","InitiatingProcessAccountName":"wardog","InitiatingProcessAccountSid":"S-1-5-21-2490359158-13971675-3780420524-500","InitiatingProcessAccountUpn":"wardog@simulandlabs.com","InitiatingProcessAccountObjectId":"","InitiatingProcessVersionInfoCompanyName":"Microsoft Corporation","InitiatingProcessVersionInfoProductName":"Microsoft® Windows® Operating System","InitiatingProcessVersionInfoProductVersion":"10.0.17763.1","InitiatingProcessVersionInfoInternalFileName":"POWERSHELL","InitiatingProcessVersionInfoOriginalFileName":"PowerShell.EXE","InitiatingProcessVersionInfoFileDescription":"Windows PowerShell","InitiatingProcessParentId":820,"InitiatingProcessParentFileName":"svchost.exe","InitiatingProcessParentCreationTime":"2021-06-24T04:49:41.1741012Z","InitiatingProcessLogonId":1357805418,"ReportId_long":113597,"ReportId_string":"","AppGuardContainerId":"","AdditionalFields_string":"{\"AttributeList\":[\"objectClass\"],\"DistinguishedName\":\"CN=596f0e13-7a4b-49a1-a106-0cbcba66b065,CN=ADFS,CN=Microsoft,CN=Program Data,DC=simulandlabs,DC=com\",\"ScopeOfSearch\":\"Base\",\"SearchFilter\":\"(objectClass=*)\"}","AdditionalFields_dynamic":null,"Application":"","TargetAccountUpn":"","TargetAccountDisplayName":"","TargetDeviceName":"","DestinationDeviceName":"","DestinationIPAddress":"","DestinationPort":null,"Protocol":"","AccountUpn":"","AccountObjectId":"","AccountDisplayName":"","IPAddress":"","Port":null,"Location":"","ISP":"","ApplicationId":null,"IsAdminOperation":null,"DeviceType":"","OSPlatform":"","IsAnonymousProxy":null,"CountryCode":"","City":"","UserAgent":"","ActivityType":"","ActivityObjects":null,"ObjectName":"","ObjectType":"","ObjectId":"","RawEventData":null,"rawData":null,"AppId":"","OAuthAppId":""}
{"Timestamp":"2021-08-02T13:11:39.7747609Z","DeviceId":"00000000-0000-0000-0000-000000000000","DeviceName":"adfs01.simulandlabs.com","ActionType":"LdapSearch","FileName":"","FolderPath":"","SHA1":"","SHA256":"","MD5":"","FileSize":null,"AccountDomain":"","AccountName":"","AccountSid":"","RemoteUrl":"","RemoteDeviceName":"","ProcessId":null,"ProcessCommandLine":"","ProcessCreationTime":null,"ProcessTokenElevation":"","LogonId":null,"RegistryKey":"","RegistryValueName":"","RegistryValueData":"","RemoteIP":"","RemotePort":null,"LocalIP":"","LocalPort":null,"FileOriginUrl":"","FileOriginIP":"","InitiatingProcessSHA1":"6cbce4a295c163791b60fc23d285e6d84f28ee4c","InitiatingProcessSHA256":"de96a6e69944335375dc1ac238336066889d9ffc7d73628ef4fe1b1b160ab32c","InitiatingProcessMD5":"7353f60b1739074eb17c5f4dddefe239","InitiatingProcessFileName":"powershell.exe","InitiatingProcessFileSize":448000,"InitiatingProcessFolderPath":"c:\\windows\\system32\\windowspowershell\\v1.0\\powershell.exe","InitiatingProcessId":5692,"InitiatingProcessCommandLine":"\"powershell.exe\" ","InitiatingProcessCreationTime":"2021-08-02T10:45:40.0664337Z","InitiatingProcessAccountDomain":"simulandlabs","InitiatingProcessAccountName":"wardog","InitiatingProcessAccountSid":"S-1-5-21-2490359158-13971675-3780420524-500","InitiatingProcessAccountUpn":"wardog@simulandlabs.com","InitiatingProcessAccountObjectId":"","InitiatingProcessVersionInfoCompanyName":"Microsoft Corporation","InitiatingProcessVersionInfoProductName":"Microsoft® Windows® Operating System","InitiatingProcessVersionInfoProductVersion":"10.0.17763.1","InitiatingProcessVersionInfoInternalFileName":"POWERSHELL","InitiatingProcessVersionInfoOriginalFileName":"PowerShell.EXE","InitiatingProcessVersionInfoFileDescription":"Windows PowerShell","InitiatingProcessParentId":820,"InitiatingProcessParentFileName":"svchost.exe","InitiatingProcessParentCreationTime":"2021-06-24T04:49:41.1741012Z","InitiatingProcessLogonId":1357805418,"ReportId_long":113598,"ReportId_string":"","AppGuardContainerId":"","AdditionalFields_string":"{\"AttributeList\":[\"thumbnailphoto\"],\"DistinguishedName\":\"CN=596f0e13-7a4b-49a1-a106-0cbcba66b065,CN=ADFS,CN=Microsoft,CN=Program Data,DC=simulandlabs,DC=com\",\"ScopeOfSearch\":\"SubTree\",\"SearchFilter\":\"(\u0026(objectclass=contact)(!name=CryptoPolicy)(ThumbnailPhoto=*))\"}","AdditionalFields_dynamic":null,"Application":"","TargetAccountUpn":"","TargetAccountDisplayName":"","TargetDeviceName":"","DestinationDeviceName":"","DestinationIPAddress":"","DestinationPort":null,"Protocol":"","AccountUpn":"","AccountObjectId":"","AccountDisplayName":"","IPAddress":"","Port":null,"Location":"","ISP":"","ApplicationId":null,"IsAdminOperation":null,"DeviceType":"","OSPlatform":"","IsAnonymousProxy":null,"CountryCode":"","City":"","UserAgent":"","ActivityType":"","ActivityObjects":null,"ObjectName":"","ObjectType":"","ObjectId":"","RawEventData":null,"rawData":null,"AppId":"","OAuthAppId":""}
{"Timestamp":"2021-08-02T13:11:53.5836949Z","DeviceId":"00000000-0000-0000-0000-000000000000","DeviceName":"adfs01.simulandlabs.com","ActionType":"LdapSearch","FileName":"","FolderPath":"","SHA1":"","SHA256":"","MD5":"","FileSize":null,"AccountDomain":"","AccountName":"","AccountSid":"","RemoteUrl":"","RemoteDeviceName":"","ProcessId":null,"ProcessCommandLine":"","ProcessCreationTime":null,"ProcessTokenElevation":"","LogonId":null,"RegistryKey":"","RegistryValueName":"","RegistryValueData":"","RemoteIP":"","RemotePort":null,"LocalIP":"","LocalPort":null,"FileOriginUrl":"","FileOriginIP":"","InitiatingProcessSHA1":"6cbce4a295c163791b60fc23d285e6d84f28ee4c","InitiatingProcessSHA256":"de96a6e69944335375dc1ac238336066889d9ffc7d73628ef4fe1b1b160ab32c","InitiatingProcessMD5":"7353f60b1739074eb17c5f4dddefe239","InitiatingProcessFileName":"powershell.exe","InitiatingProcessFileSize":448000,"InitiatingProcessFolderPath":"c:\\windows\\system32\\windowspowershell\\v1.0\\powershell.exe","InitiatingProcessId":5692,"InitiatingProcessCommandLine":"\"powershell.exe\" ","InitiatingProcessCreationTime":"2021-08-02T10:45:40.0664337Z","InitiatingProcessAccountDomain":"simulandlabs","InitiatingProcessAccountName":"wardog","InitiatingProcessAccountSid":"S-1-5-21-2490359158-13971675-3780420524-500","InitiatingProcessAccountUpn":"wardog@simulandlabs.com","InitiatingProcessAccountObjectId":"","InitiatingProcessVersionInfoCompanyName":"Microsoft Corporation","InitiatingProcessVersionInfoProductName":"Microsoft® Windows® Operating System","InitiatingProcessVersionInfoProductVersion":"10.0.17763.1","InitiatingProcessVersionInfoInternalFileName":"POWERSHELL","InitiatingProcessVersionInfoOriginalFileName":"PowerShell.EXE","InitiatingProcessVersionInfoFileDescription":"Windows PowerShell","InitiatingProcessParentId":820,"InitiatingProcessParentFileName":"svchost.exe","InitiatingProcessParentCreationTime":"2021-06-24T04:49:41.1741012Z","InitiatingProcessLogonId":1357805418,"ReportId_long":113608,"ReportId_string":"","AppGuardContainerId":"","AdditionalFields_string":"{\"AttributeList\":[\"\"],\"DistinguishedName\":\"CN=596f0e13-7a4b-49a1-a106-0cbcba66b065,CN=ADFS,CN=Microsoft,CN=Program Data,DC=simulandlabs,DC=com\",\"ScopeOfSearch\":\"SubTree\",\"SearchFilter\":\"(name=CryptoPolicy)\"}","AdditionalFields_dynamic":null,"Application":"","TargetAccountUpn":"","TargetAccountDisplayName":"","TargetDeviceName":"","DestinationDeviceName":"","DestinationIPAddress":"","DestinationPort":null,"Protocol":"","AccountUpn":"","AccountObjectId":"","AccountDisplayName":"","IPAddress":"","Port":null,"Location":"","ISP":"","ApplicationId":null,"IsAdminOperation":null,"DeviceType":"","OSPlatform":"","IsAnonymousProxy":null,"CountryCode":"","City":"","UserAgent":"","ActivityType":"","ActivityObjects":null,"ObjectName":"","ObjectType":"","ObjectId":"","RawEventData":null,"rawData":null,"AppId":"","OAuthAppId":""}
{"Timestamp":"2021-08-02T13:11:53.6344905Z","DeviceId":"00000000-0000-0000-0000-000000000000","DeviceName":"adfs01.simulandlabs.com","ActionType":"LdapSearch","FileName":"","FolderPath":"","SHA1":"","SHA256":"","MD5":"","FileSize":null,"AccountDomain":"","AccountName":"","AccountSid":"","RemoteUrl":"","RemoteDeviceName":"","ProcessId":null,"ProcessCommandLine":"","ProcessCreationTime":null,"ProcessTokenElevation":"","LogonId":null,"RegistryKey":"","RegistryValueName":"","RegistryValueData":"","RemoteIP":"","RemotePort":null,"LocalIP":"","LocalPort":null,"FileOriginUrl":"","FileOriginIP":"","InitiatingProcessSHA1":"6cbce4a295c163791b60fc23d285e6d84f28ee4c","InitiatingProcessSHA256":"de96a6e69944335375dc1ac238336066889d9ffc7d73628ef4fe1b1b160ab32c","InitiatingProcessMD5":"7353f60b1739074eb17c5f4dddefe239","InitiatingProcessFileName":"powershell.exe","InitiatingProcessFileSize":448000,"InitiatingProcessFolderPath":"c:\\windows\\system32\\windowspowershell\\v1.0\\powershell.exe","InitiatingProcessId":5692,"InitiatingProcessCommandLine":"\"powershell.exe\" ","InitiatingProcessCreationTime":"2021-08-02T10:45:40.0664337Z","InitiatingProcessAccountDomain":"simulandlabs","InitiatingProcessAccountName":"wardog","InitiatingProcessAccountSid":"S-1-5-21-2490359158-13971675-3780420524-500","InitiatingProcessAccountUpn":"wardog@simulandlabs.com","InitiatingProcessAccountObjectId":"","InitiatingProcessVersionInfoCompanyName":"Microsoft Corporation","InitiatingProcessVersionInfoProductName":"Microsoft® Windows® Operating System","InitiatingProcessVersionInfoProductVersion":"10.0.17763.1","InitiatingProcessVersionInfoInternalFileName":"POWERSHELL","InitiatingProcessVersionInfoOriginalFileName":"PowerShell.EXE","InitiatingProcessVersionInfoFileDescription":"Windows PowerShell","InitiatingProcessParentId":820,"InitiatingProcessParentFileName":"svchost.exe","InitiatingProcessParentCreationTime":"2021-06-24T04:49:41.1741012Z","InitiatingProcessLogonId":1357805418,"ReportId_long":113616,"ReportId_string":"","AppGuardContainerId":"","AdditionalFields_string":"{\"AttributeList\":[\"thumbnailphoto\"],\"DistinguishedName\":\"CN=596f0e13-7a4b-49a1-a106-0cbcba66b065,CN=ADFS,CN=Microsoft,CN=Program Data,DC=simulandlabs,DC=com\",\"ScopeOfSearch\":\"SubTree\",\"SearchFilter\":\"(l=9736f74f-fd37-4b02-80e8-8120a72ad6c2)\"}","AdditionalFields_dynamic":null,"Application":"","TargetAccountUpn":"","TargetAccountDisplayName":"","TargetDeviceName":"","DestinationDeviceName":"","DestinationIPAddress":"","DestinationPort":null,"Protocol":"","AccountUpn":"","AccountObjectId":"","AccountDisplayName":"","IPAddress":"","Port":null,"Location":"","ISP":"","ApplicationId":null,"IsAdminOperation":null,"DeviceType":"","OSPlatform":"","IsAnonymousProxy":null,"CountryCode":"","City":"","UserAgent":"","ActivityType":"","ActivityObjects":null,"ObjectName":"","ObjectType":"","ObjectId":"","RawEventData":null,"rawData":null,"AppId":"","OAuthAppId":""}
{"Timestamp":"2021-08-02T13:15:30.513652Z","DeviceId":"00000000-0000-0000-0000-000000000000","DeviceName":"adfs01.simulandlabs.com","ActionType":"LdapSearch","FileName":"","FolderPath":"","SHA1":"","SHA256":"","MD5":"","FileSize":null,"AccountDomain":"","AccountName":"","AccountSid":"","RemoteUrl":"","RemoteDeviceName":"","ProcessId":null,"ProcessCommandLine":"","ProcessCreationTime":null,"ProcessTokenElevation":"","LogonId":null,"RegistryKey":"","RegistryValueName":"","RegistryValueData":"","RemoteIP":"","RemotePort":null,"LocalIP":"","LocalPort":null,"FileOriginUrl":"","FileOriginIP":"","InitiatingProcessSHA1":"6cbce4a295c163791b60fc23d285e6d84f28ee4c","InitiatingProcessSHA256":"de96a6e69944335375dc1ac238336066889d9ffc7d73628ef4fe1b1b160ab32c","InitiatingProcessMD5":"7353f60b1739074eb17c5f4dddefe239","InitiatingProcessFileName":"powershell.exe","InitiatingProcessFileSize":448000,"InitiatingProcessFolderPath":"c:\\windows\\system32\\windowspowershell\\v1.0\\powershell.exe","InitiatingProcessId":5692,"InitiatingProcessCommandLine":"\"powershell.exe\" ","InitiatingProcessCreationTime":"2021-08-02T10:45:40.0664337Z","InitiatingProcessAccountDomain":"simulandlabs","InitiatingProcessAccountName":"wardog","InitiatingProcessAccountSid":"S-1-5-21-2490359158-13971675-3780420524-500","InitiatingProcessAccountUpn":"wardog@simulandlabs.com","InitiatingProcessAccountObjectId":"","InitiatingProcessVersionInfoCompanyName":"Microsoft Corporation","InitiatingProcessVersionInfoProductName":"Microsoft® Windows® Operating System","InitiatingProcessVersionInfoProductVersion":"10.0.17763.1","InitiatingProcessVersionInfoInternalFileName":"POWERSHELL","InitiatingProcessVersionInfoOriginalFileName":"PowerShell.EXE","InitiatingProcessVersionInfoFileDescription":"Windows PowerShell","InitiatingProcessParentId":820,"InitiatingProcessParentFileName":"svchost.exe","InitiatingProcessParentCreationTime":"2021-06-24T04:49:41.1741012Z","InitiatingProcessLogonId":1357805418,"ReportId_long":113771,"ReportId_string":"","AppGuardContainerId":"","AdditionalFields_string":"{\"AttributeList\":[\"\"],\"DistinguishedName\":\"DC=simulandlabs,DC=com\",\"ScopeOfSearch\":\"SubTree\",\"SearchFilter\":\"(\u0026(objectCategory=user)(memberOf=CN=Domain Admins,CN=Users,DC=simulandlabs,DC=com))\"}","AdditionalFields_dynamic":null,"Application":"","TargetAccountUpn":"","TargetAccountDisplayName":"","TargetDeviceName":"","DestinationDeviceName":"","DestinationIPAddress":"","DestinationPort":null,"Protocol":"","AccountUpn":"","AccountObjectId":"","AccountDisplayName":"","IPAddress":"","Port":null,"Location":"","ISP":"","ApplicationId":null,"IsAdminOperation":null,"DeviceType":"","OSPlatform":"","IsAnonymousProxy":null,"CountryCode":"","City":"","UserAgent":"","ActivityType":"","ActivityObjects":null,"ObjectName":"","ObjectType":"","ObjectId":"","RawEventData":null,"rawData":null,"AppId":"","OAuthAppId":""}
