{"TenantId":"00000000-0000-0000-0000-000000000000","RecordType":"50","TimeGenerated":"2021-08-02T13:32:07Z","Operation":"MailItemsAccessed","OrganizationId":"00000000-0000-0000-0000-000000000000","OrganizationId_":"00000000-0000-0000-0000-000000000000","UserType":"Regular","UserKey":"100320015858B802","OfficeWorkload":"Exchange","ResultStatus":"Succeeded","ResultReasonType":"Succeeded","UserId":"pgustavo@simulandlabs.com","UserId_":"pgustavo@simulandlabs.com","ExternalAccess":"False","OriginatingServer":"AB1CD23EF4567 (15.20.4200.000)\r\n","OrganizationName":"simulandlabs.onmicrosoft.com","Logon_Type":"Owner","MailboxGuid":"d0c5f8ae-9ed7-4e46-bfdf-ea1460f5a31b","MailboxOwnerUPN":"pgustavo@simulandlabs.com","MailboxOwnerSid":"S-1-5-21-1825954961-3338807533-2873504967-26087451","LogonUserSid":"S-1-5-21-1825954961-3338807533-2873504967-26087451","ClientInfoString":"Client=REST;;","Client_IPAddress":"1.2.3.4","Folders":"[{\"FolderItems\":[{\"InternetMessageId\":\"\u003c00000000-0000-0000-0000-000000000000@az.centralus.production.microsoft.com\u003e\"},{\"InternetMessageId\":\"\u003cAB1CD23EF4567DAC24353B8AD047DDEB0B1EB9@AB1CD23EF4567.abcdef12.prod.outlook.com\u003e\"},{\"InternetMessageId\":\"\u003c00000000-0000-0000-0000-000000000000@az.southcentralus.production.microsoft.com\u003e\"},{\"InternetMessageId\":\"\u003c00000000-0000-0000-0000-000000000000@az.eastus.production.microsoft.com\u003e\"},{\"InternetMessageId\":\"\u003c00000000-0000-0000-0000-000000000000@az.northcentralus.production.microsoft.com\u003e\"},{\"InternetMessageId\":\"\u003c00000000-0000-0000-0000-000000000000@az.northcentralus.production.microsoft.com\u003e\"},{\"InternetMessageId\":\"\u003c00000000-0000-0000-0000-000000000000@az.westus2.production.microsoft.com\u003e\"}],\"Id\":\"LgAAAAAM7KyTTmWeRac2KXBEz/7aAQARGHK+grzLTpRJraC1QR6kAAAAAAEMAAAB\",\"Path\":\"\\\\Inbox\"}]","ElevationTime":"2021-08-02T13:41:16Z","SourceSystem":"OfficeActivityManager","OfficeId":"699e0b10-1c53-403e-976f-ce0847a92b44","SourceRecordId":"699e0b10-1c53-403e-976f-ce0847a92b44","Start_Time":"2021-08-02T13:41:16Z","OfficeTenantId":"$RestApiTenantId$","OfficeTenantId_":"$RestApiTenantId$","OperationProperties":"[{\"Name\":\"MailAccessType\",\"Value\":\"Bind\"},{\"Name\":\"IsThrottled\",\"Value\":\"False\"}]","AppId":"00000003-0000-0000-c000-000000000000","ClientAppId":"5a95e683-08ad-424e-a441-1d1aec52c02c","Type":"OfficeActivity"}
