<Backups xmlns="http://www.microsoft.com/GroupPolicy/GPOOperations/Manifest" xmlns:mfst="http://www.microsoft.com/GroupPolicy/GPOOperations/Manifest" mfst:version="1.0"><BackupInst><GPOGuid><![CDATA[{645b14ad-45e1-4f32-9ecb-b27c4179df83}]]></GPOGuid><GPODomain><![CDATA[shire.com]]></GPODomain><GPODomainGuid><![CDATA[{d9b80ea0-0b7a-4e5f-b704-0e940bee3935}]]></GPODomainGuid><GPODomainController><![CDATA[HFDC01.shire.com]]></GPODomainController><BackupTime><![CDATA[2019-09-27T13:51:12]]></BackupTime><ID><![CDATA[{D7C69034-AB09-4CE0-A90E-980EFA571595}]]></ID><Comment><![CDATA[]]></Comment><GPODisplayName><![CDATA[remote desktop users]]></GPODisplayName></BackupInst></Backups>