{"Source":"Raccine","TimeCreated":"2020-10-18 05:15:14.796","Hostname":"WORKSTATION5","Task":"0","Channel":"Application","Message":"Raccine detected malicious activity:\npowershell -ENCOD JAB \n(simulation mode)","EventID":2}
{"Source":"Raccine","TimeCreated":"2020-10-18 05:13:36.152","Hostname":"WORKSTATION5","Task":"0","Channel":"Application","Message":"Raccine detected malicious activity:\nwmic delete shadowcopy \n(simulation mode)","EventID":2}
{"Source":"Raccine","TimeCreated":"2020-10-18 05:13:10.356","Hostname":"WORKSTATION5","Task":"0","Channel":"Application","Message":"Raccine detected malicious activity:\nvssadmin delete shadows \n(simulation mode)","EventID":2}
