[{"EventSourceName":"Microsoft-Windows-Sysmon","Provider":"Microsoft-Windows-Sysmon","ProviderGuid":"{5770385f-c22a-43e0-bf4c-06f5698ffbd9}","Level":"4","Keywords":"0x8000000000000000","Channel":"Microsoft-Windows-Sysmon/Operational","Computer":"WORKSTATION6.mssentinel.local","TimeCreated":"2022-09-22T12:03:45.362Z","TimeGenerated":"2022-09-22T04:03:45.362Z","EventRecordID":"3311739","EventID":10,"Message":"Process accessed:\r\nRuleName: -\r\nUtcTime: 2022-09-22 16:03:45.355\r\nSourceProcessGUID: {03bfca49-7152-632c-7a0b-000000000b00}\r\nSourceProcessId: 8740\r\nSourceThreadId: 12324\r\nSourceImage: C:\\Windows\\Explorer.EXE\r\nTargetProcessGUID: {03bfca49-871a-632c-160d-000000000b00}\r\nTargetProcessId: 5016\r\nTargetImage: C:\\Windows\\System32\\WindowsPowerShell\\v1.0\\powershell.exe\r\nGrantedAccess: 0x1000\r\nCallTrace: C:\\Windows\\SYSTEM32\\ntdll.dll+9d234|C:\\Windows\\System32\\KERNELBASE.dll+2c0ce|C:\\Windows\\System32\\TaskFlowDataEngine.dll+d0e63|C:\\Windows\\System32\\TaskFlowDataEngine.dll+9cf99|C:\\Windows\\System32\\TaskFlowDataEngine.dll+9c6f2|C:\\Windows\\System32\\TaskFlowDataEngine.dll+9c1f9|C:\\Windows\\System32\\TaskFlowDataEngine.dll+9bc02|C:\\Windows\\System32\\TaskFlowDataEngine.dll+99a79|C:\\Windows\\System32\\TaskFlowDataEngine.dll+98394|C:\\Windows\\System32\\TaskFlowDataEngine.dll+a3341|C:\\Windows\\System32\\shcore.dll+3e0b6|C:\\Windows\\System32\\shcore.dll+17295|C:\\Windows\\System32\\shcore.dll+17170|C:\\Windows\\System32\\shcore.dll+15971|C:\\Windows\\System32\\KERNEL32.DLL+17034|C:\\Windows\\SYSTEM32\\ntdll.dll+52651\r\nSourceUser: MSSENTINEL\\wardog\r\nTargetUser: MSSENTINEL\\wardog","EventData":"\u003cEventData xmlns=\"http://schemas.microsoft.com/win/2004/08/events/event\"\u003e\u003cData Name=\"RuleName\"\u003e-\u003c/Data\u003e\u003cData Name=\"UtcTime\"\u003e2022-09-22 16:03:45.355\u003c/Data\u003e\u003cData Name=\"SourceProcessGUID\"\u003e{03bfca49-7152-632c-7a0b-000000000b00}\u003c/Data\u003e\u003cData Name=\"SourceProcessId\"\u003e8740\u003c/Data\u003e\u003cData Name=\"SourceThreadId\"\u003e12324\u003c/Data\u003e\u003cData Name=\"SourceImage\"\u003eC:\\Windows\\Explorer.EXE\u003c/Data\u003e\u003cData Name=\"TargetProcessGUID\"\u003e{03bfca49-871a-632c-160d-000000000b00}\u003c/Data\u003e\u003cData Name=\"TargetProcessId\"\u003e5016\u003c/Data\u003e\u003cData Name=\"TargetImage\"\u003eC:\\Windows\\System32\\WindowsPowerShell\\v1.0\\powershell.exe\u003c/Data\u003e\u003cData Name=\"GrantedAccess\"\u003e0x1000\u003c/Data\u003e\u003cData Name=\"CallTrace\"\u003eC:\\Windows\\SYSTEM32\\ntdll.dll+9d234|C:\\Windows\\System32\\KERNELBASE.dll+2c0ce|C:\\Windows\\System32\\TaskFlowDataEngine.dll+d0e63|C:\\Windows\\System32\\TaskFlowDataEngine.dll+9cf99|C:\\Windows\\System32\\TaskFlowDataEngine.dll+9c6f2|C:\\Windows\\System32\\TaskFlowDataEngine.dll+9c1f9|C:\\Windows\\System32\\TaskFlowDataEngine.dll+9bc02|C:\\Windows\\System32\\TaskFlowDataEngine.dll+99a79|C:\\Windows\\System32\\TaskFlowDataEngine.dll+98394|C:\\Windows\\System32\\TaskFlowDataEngine.dll+a3341|C:\\Windows\\System32\\shcore.dll+3e0b6|C:\\Windows\\System32\\shcore.dll+17295|C:\\Windows\\System32\\shcore.dll+17170|C:\\Windows\\System32\\shcore.dll+15971|C:\\Windows\\System32\\KERNEL32.DLL+17034|C:\\Windows\\SYSTEM32\\ntdll.dll+52651\u003c/Data\u003e\u003cData Name=\"SourceUser\"\u003eMSSENTINEL\\wardog\u003c/Data\u003e\u003cData Name=\"TargetUser\"\u003eMSSENTINEL\\wardog\u003c/Data\u003e\u003c/EventData\u003e","Task":"10","RuleName":"-","UtcTime":"2022-09-22 16:03:45.355","SourceProcessGUID":"{03bfca49-7152-632c-7a0b-000000000b00}","SourceProcessId":"8740","SourceThreadId":"12324","SourceImage":"C:\\Windows\\Explorer.EXE","TargetProcessGUID":"{03bfca49-871a-632c-160d-000000000b00}","TargetProcessId":"5016","TargetImage":"C:\\Windows\\System32\\WindowsPowerShell\\v1.0\\powershell.exe","GrantedAccess":"0x1000","CallTrace":"C:\\Windows\\SYSTEM32\\ntdll.dll+9d234|C:\\Windows\\System32\\KERNELBASE.dll+2c0ce|C:\\Windows\\System32\\TaskFlowDataEngine.dll+d0e63|C:\\Windows\\System32\\TaskFlowDataEngine.dll+9cf99|C:\\Windows\\System32\\TaskFlowDataEngine.dll+9c6f2|C:\\Windows\\System32\\TaskFlowDataEngine.dll+9c1f9|C:\\Windows\\System32\\TaskFlowDataEngine.dll+9bc02|C:\\Windows\\System32\\TaskFlowDataEngine.dll+99a79|C:\\Windows\\System32\\TaskFlowDataEngine.dll+98394|C:\\Windows\\System32\\TaskFlowDataEngine.dll+a3341|C:\\Windows\\System32\\shcore.dll+3e0b6|C:\\Windows\\System32\\shcore.dll+17295|C:\\Windows\\System32\\shcore.dll+17170|C:\\Windows\\System32\\shcore.dll+15971|C:\\Windows\\System32\\KERNEL32.DLL+17034|C:\\Windows\\SYSTEM32\\ntdll.dll+52651","SourceUser":"MSSENTINEL\\wardog","TargetUser":"MSSENTINEL\\wardog"},{"EventSourceName":"Microsoft-Windows-Sysmon","Provider":"Microsoft-Windows-Sysmon","ProviderGuid":"{5770385f-c22a-43e0-bf4c-06f5698ffbd9}","Level":"4","Keywords":"0x8000000000000000","Channel":"Microsoft-Windows-Sysmon/Operational","Computer":"WORKSTATION6.mssentinel.local","TimeCreated":"2022-09-22T12:03:45.364Z","TimeGenerated":"2022-09-22T04:03:45.364Z","EventRecordID":"3311740","EventID":13,"Message":"Registry value set:\r\nRuleName: -\r\nEventType: SetValue\r\nUtcTime: 2022-09-22 16:03:45.355\r\nProcessGuid: {03bfca49-7152-632c-7a0b-000000000b00}\r\nProcessId: 8740\r\nImage: C:\\Windows\\Explorer.EXE\r\nTargetObject: HKU\\S-1-5-21-1569727641-2518674866-3296776394-500\\SOFTWARE\\Microsoft\\Windows\\CurrentVersion\\ActivityDataModel\\ReaderRevisionInfo\\E5AB7B0D-F424-306D-98B1-DD999277F3B1\r\nDetails: Binary Data\r\nUser: MSSENTINEL\\wardog","EventData":"\u003cEventData xmlns=\"http://schemas.microsoft.com/win/2004/08/events/event\"\u003e\u003cData Name=\"RuleName\"\u003e-\u003c/Data\u003e\u003cData Name=\"EventType\"\u003eSetValue\u003c/Data\u003e\u003cData Name=\"UtcTime\"\u003e2022-09-22 16:03:45.355\u003c/Data\u003e\u003cData Name=\"ProcessGuid\"\u003e{03bfca49-7152-632c-7a0b-000000000b00}\u003c/Data\u003e\u003cData Name=\"ProcessId\"\u003e8740\u003c/Data\u003e\u003cData Name=\"Image\"\u003eC:\\Windows\\Explorer.EXE\u003c/Data\u003e\u003cData Name=\"TargetObject\"\u003eHKU\\S-1-5-21-1569727641-2518674866-3296776394-500\\SOFTWARE\\Microsoft\\Windows\\CurrentVersion\\ActivityDataModel\\ReaderRevisionInfo\\E5AB7B0D-F424-306D-98B1-DD999277F3B1\u003c/Data\u003e\u003cData Name=\"Details\"\u003eBinary Data\u003c/Data\u003e\u003cData Name=\"User\"\u003eMSSENTINEL\\wardog\u003c/Data\u003e\u003c/EventData\u003e","Task":"13","RuleName":"-","EventType":"SetValue","UtcTime":"2022-09-22 16:03:45.355","ProcessGuid":"{03bfca49-7152-632c-7a0b-000000000b00}","ProcessId":"8740","Image":"C:\\Windows\\Explorer.EXE","TargetObject":"HKU\\S-1-5-21-1569727641-2518674866-3296776394-500\\SOFTWARE\\Microsoft\\Windows\\CurrentVersion\\ActivityDataModel\\ReaderRevisionInfo\\E5AB7B0D-F424-306D-98B1-DD999277F3B1","Details":"Binary Data","User":"MSSENTINEL\\wardog"},{"EventSourceName":"Microsoft-Windows-Sysmon","Provider":"Microsoft-Windows-Sysmon","ProviderGuid":"{5770385f-c22a-43e0-bf4c-06f5698ffbd9}","Level":"4","Keywords":"0x8000000000000000","Channel":"Microsoft-Windows-Sysmon/Operational","Computer":"WORKSTATION6.mssentinel.local","TimeCreated":"2022-09-22T12:03:45.366Z","TimeGenerated":"2022-09-22T04:03:45.366Z","EventRecordID":"3311741","EventID":13,"Message":"Registry value set:\r\nRuleName: -\r\nEventType: SetValue\r\nUtcTime: 2022-09-22 16:03:45.355\r\nProcessGuid: {03bfca49-7152-632c-7a0b-000000000b00}\r\nProcessId: 8740\r\nImage: C:\\Windows\\Explorer.EXE\r\nTargetObject: HKU\\S-1-5-21-1569727641-2518674866-3296776394-500\\SOFTWARE\\Microsoft\\Windows\\CurrentVersion\\ActivityDataModel\\ReaderRevisionInfo\\E5AB7B0D-F424-306D-98B1-DD999277F3B1\r\nDetails: Binary Data\r\nUser: MSSENTINEL\\wardog","EventData":"\u003cEventData xmlns=\"http://schemas.microsoft.com/win/2004/08/events/event\"\u003e\u003cData Name=\"RuleName\"\u003e-\u003c/Data\u003e\u003cData Name=\"EventType\"\u003eSetValue\u003c/Data\u003e\u003cData Name=\"UtcTime\"\u003e2022-09-22 16:03:45.355\u003c/Data\u003e\u003cData Name=\"ProcessGuid\"\u003e{03bfca49-7152-632c-7a0b-000000000b00}\u003c/Data\u003e\u003cData Name=\"ProcessId\"\u003e8740\u003c/Data\u003e\u003cData Name=\"Image\"\u003eC:\\Windows\\Explorer.EXE\u003c/Data\u003e\u003cData Name=\"TargetObject\"\u003eHKU\\S-1-5-21-1569727641-2518674866-3296776394-500\\SOFTWARE\\Microsoft\\Windows\\CurrentVersion\\ActivityDataModel\\ReaderRevisionInfo\\E5AB7B0D-F424-306D-98B1-DD999277F3B1\u003c/Data\u003e\u003cData Name=\"Details\"\u003eBinary Data\u003c/Data\u003e\u003cData Name=\"User\"\u003eMSSENTINEL\\wardog\u003c/Data\u003e\u003c/EventData\u003e","Task":"13","RuleName":"-","EventType":"SetValue","UtcTime":"2022-09-22 16:03:45.355","ProcessGuid":"{03bfca49-7152-632c-7a0b-000000000b00}","ProcessId":"8740","Image":"C:\\Windows\\Explorer.EXE","TargetObject":"HKU\\S-1-5-21-1569727641-2518674866-3296776394-500\\SOFTWARE\\Microsoft\\Windows\\CurrentVersion\\ActivityDataModel\\ReaderRevisionInfo\\E5AB7B0D-F424-306D-98B1-DD999277F3B1","Details":"Binary Data","User":"MSSENTINEL\\wardog"},{"EventSourceName":"Microsoft-Windows-Sysmon","Provider":"Microsoft-Windows-Sysmon","ProviderGuid":"{5770385f-c22a-43e0-bf4c-06f5698ffbd9}","Level":"4","Keywords":"0x8000000000000000","Channel":"Microsoft-Windows-Sysmon/Operational","Computer":"WORKSTATION6.mssentinel.local","TimeCreated":"2022-09-22T12:03:45.973Z","TimeGenerated":"2022-09-22T04:03:45.973Z","EventRecordID":"3311742","EventID":13,"Message":"Registry value set:\r\nRuleName: -\r\nEventType: SetValue\r\nUtcTime: 2022-09-22 16:03:45.964\r\nProcessGuid: {03bfca49-871a-632c-160d-000000000b00}\r\nProcessId: 5016\r\nImage: C:\\Windows\\System32\\WindowsPowerShell\\v1.0\\powershell.exe\r\nTargetObject: HKLM\\System\\CurrentControlSet\\Control\\SecurityProviders\\WDigest\\UseLogonCredential\r\nDetails: 1\r\nUser: MSSENTINEL\\wardog","EventData":"\u003cEventData xmlns=\"http://schemas.microsoft.com/win/2004/08/events/event\"\u003e\u003cData Name=\"RuleName\"\u003e-\u003c/Data\u003e\u003cData Name=\"EventType\"\u003eSetValue\u003c/Data\u003e\u003cData Name=\"UtcTime\"\u003e2022-09-22 16:03:45.964\u003c/Data\u003e\u003cData Name=\"ProcessGuid\"\u003e{03bfca49-871a-632c-160d-000000000b00}\u003c/Data\u003e\u003cData Name=\"ProcessId\"\u003e5016\u003c/Data\u003e\u003cData Name=\"Image\"\u003eC:\\Windows\\System32\\WindowsPowerShell\\v1.0\\powershell.exe\u003c/Data\u003e\u003cData Name=\"TargetObject\"\u003eHKLM\\System\\CurrentControlSet\\Control\\SecurityProviders\\WDigest\\UseLogonCredential\u003c/Data\u003e\u003cData Name=\"Details\"\u003e1\u003c/Data\u003e\u003cData Name=\"User\"\u003eMSSENTINEL\\wardog\u003c/Data\u003e\u003c/EventData\u003e","Task":"13","RuleName":"-","EventType":"SetValue","UtcTime":"2022-09-22 16:03:45.964","ProcessGuid":"{03bfca49-871a-632c-160d-000000000b00}","ProcessId":"5016","Image":"C:\\Windows\\System32\\WindowsPowerShell\\v1.0\\powershell.exe","TargetObject":"HKLM\\System\\CurrentControlSet\\Control\\SecurityProviders\\WDigest\\UseLogonCredential","Details":"1","User":"MSSENTINEL\\wardog"},{"EventSourceName":"Microsoft-Windows-Sysmon","Provider":"Microsoft-Windows-Sysmon","ProviderGuid":"{5770385f-c22a-43e0-bf4c-06f5698ffbd9}","Level":"4","Keywords":"0x8000000000000000","Channel":"Microsoft-Windows-Sysmon/Operational","Computer":"WORKSTATION6.mssentinel.local","TimeCreated":"2022-09-22T12:03:46.215Z","TimeGenerated":"2022-09-22T04:03:46.215Z","EventRecordID":"3311743","EventID":10,"Message":"Process accessed:\r\nRuleName: -\r\nUtcTime: 2022-09-22 16:03:46.214\r\nSourceProcessGUID: {03bfca49-b064-632b-0d00-000000000b00}\r\nSourceProcessId: 888\r\nSourceThreadId: 1220\r\nSourceImage: C:\\Windows\\system32\\svchost.exe\r\nTargetProcessGUID: {03bfca49-7557-632c-200c-000000000b00}\r\nTargetProcessId: 13280\r\nTargetImage: C:\\Windows\\system32\\wwahost.exe\r\nGrantedAccess: 0x1000\r\nCallTrace: C:\\Windows\\SYSTEM32\\ntdll.dll+9d234|C:\\Windows\\SYSTEM32\\psmserviceexthost.dll+2ae5f|C:\\Windows\\SYSTEM32\\psmserviceexthost.dll+2a88f|C:\\Windows\\SYSTEM32\\psmserviceexthost.dll+6cac6|C:\\Windows\\SYSTEM32\\psmserviceexthost.dll+731d2|C:\\Windows\\SYSTEM32\\psmserviceexthost.dll+74730|C:\\Windows\\SYSTEM32\\psmserviceexthost.dll+32660|C:\\Windows\\SYSTEM32\\psmserviceexthost.dll+7465c|C:\\Windows\\SYSTEM32\\psmserviceexthost.dll+766c5|C:\\Windows\\SYSTEM32\\psmserviceexthost.dll+4cf38|C:\\Windows\\SYSTEM32\\psmserviceexthost.dll+3f25d|C:\\Windows\\System32\\KERNEL32.DLL+17034|C:\\Windows\\SYSTEM32\\ntdll.dll+52651\r\nSourceUser: NT AUTHORITY\\SYSTEM\r\nTargetUser: MSSENTINEL\\wardog","EventData":"\u003cEventData xmlns=\"http://schemas.microsoft.com/win/2004/08/events/event\"\u003e\u003cData Name=\"RuleName\"\u003e-\u003c/Data\u003e\u003cData Name=\"UtcTime\"\u003e2022-09-22 16:03:46.214\u003c/Data\u003e\u003cData Name=\"SourceProcessGUID\"\u003e{03bfca49-b064-632b-0d00-000000000b00}\u003c/Data\u003e\u003cData Name=\"SourceProcessId\"\u003e888\u003c/Data\u003e\u003cData Name=\"SourceThreadId\"\u003e1220\u003c/Data\u003e\u003cData Name=\"SourceImage\"\u003eC:\\Windows\\system32\\svchost.exe\u003c/Data\u003e\u003cData Name=\"TargetProcessGUID\"\u003e{03bfca49-7557-632c-200c-000000000b00}\u003c/Data\u003e\u003cData Name=\"TargetProcessId\"\u003e13280\u003c/Data\u003e\u003cData Name=\"TargetImage\"\u003eC:\\Windows\\system32\\wwahost.exe\u003c/Data\u003e\u003cData Name=\"GrantedAccess\"\u003e0x1000\u003c/Data\u003e\u003cData Name=\"CallTrace\"\u003eC:\\Windows\\SYSTEM32\\ntdll.dll+9d234|C:\\Windows\\SYSTEM32\\psmserviceexthost.dll+2ae5f|C:\\Windows\\SYSTEM32\\psmserviceexthost.dll+2a88f|C:\\Windows\\SYSTEM32\\psmserviceexthost.dll+6cac6|C:\\Windows\\SYSTEM32\\psmserviceexthost.dll+731d2|C:\\Windows\\SYSTEM32\\psmserviceexthost.dll+74730|C:\\Windows\\SYSTEM32\\psmserviceexthost.dll+32660|C:\\Windows\\SYSTEM32\\psmserviceexthost.dll+7465c|C:\\Windows\\SYSTEM32\\psmserviceexthost.dll+766c5|C:\\Windows\\SYSTEM32\\psmserviceexthost.dll+4cf38|C:\\Windows\\SYSTEM32\\psmserviceexthost.dll+3f25d|C:\\Windows\\System32\\KERNEL32.DLL+17034|C:\\Windows\\SYSTEM32\\ntdll.dll+52651\u003c/Data\u003e\u003cData Name=\"SourceUser\"\u003eNT AUTHORITY\\SYSTEM\u003c/Data\u003e\u003cData Name=\"TargetUser\"\u003eMSSENTINEL\\wardog\u003c/Data\u003e\u003c/EventData\u003e","Task":"10","RuleName":"-","UtcTime":"2022-09-22 16:03:46.214","SourceProcessGUID":"{03bfca49-b064-632b-0d00-000000000b00}","SourceProcessId":"888","SourceThreadId":"1220","SourceImage":"C:\\Windows\\system32\\svchost.exe","TargetProcessGUID":"{03bfca49-7557-632c-200c-000000000b00}","TargetProcessId":"13280","TargetImage":"C:\\Windows\\system32\\wwahost.exe","GrantedAccess":"0x1000","CallTrace":"C:\\Windows\\SYSTEM32\\ntdll.dll+9d234|C:\\Windows\\SYSTEM32\\psmserviceexthost.dll+2ae5f|C:\\Windows\\SYSTEM32\\psmserviceexthost.dll+2a88f|C:\\Windows\\SYSTEM32\\psmserviceexthost.dll+6cac6|C:\\Windows\\SYSTEM32\\psmserviceexthost.dll+731d2|C:\\Windows\\SYSTEM32\\psmserviceexthost.dll+74730|C:\\Windows\\SYSTEM32\\psmserviceexthost.dll+32660|C:\\Windows\\SYSTEM32\\psmserviceexthost.dll+7465c|C:\\Windows\\SYSTEM32\\psmserviceexthost.dll+766c5|C:\\Windows\\SYSTEM32\\psmserviceexthost.dll+4cf38|C:\\Windows\\SYSTEM32\\psmserviceexthost.dll+3f25d|C:\\Windows\\System32\\KERNEL32.DLL+17034|C:\\Windows\\SYSTEM32\\ntdll.dll+52651","SourceUser":"NT AUTHORITY\\SYSTEM","TargetUser":"MSSENTINEL\\wardog"},{"EventSourceName":"Microsoft-Windows-Sysmon","Provider":"Microsoft-Windows-Sysmon","ProviderGuid":"{5770385f-c22a-43e0-bf4c-06f5698ffbd9}","Level":"4","Keywords":"0x8000000000000000","Channel":"Microsoft-Windows-Sysmon/Operational","Computer":"WORKSTATION6.mssentinel.local","TimeCreated":"2022-09-22T12:03:47.217Z","TimeGenerated":"2022-09-22T04:03:47.217Z","EventRecordID":"3311744","EventID":10,"Message":"Process accessed:\r\nRuleName: -\r\nUtcTime: 2022-09-22 16:03:47.214\r\nSourceProcessGUID: {03bfca49-b064-632b-0d00-000000000b00}\r\nSourceProcessId: 888\r\nSourceThreadId: 1220\r\nSourceImage: C:\\Windows\\system32\\svchost.exe\r\nTargetProcessGUID: {03bfca49-7557-632c-200c-000000000b00}\r\nTargetProcessId: 13280\r\nTargetImage: C:\\Windows\\system32\\wwahost.exe\r\nGrantedAccess: 0x1000\r\nCallTrace: C:\\Windows\\SYSTEM32\\ntdll.dll+9d234|C:\\Windows\\SYSTEM32\\psmserviceexthost.dll+2ae5f|C:\\Windows\\SYSTEM32\\psmserviceexthost.dll+2a88f|C:\\Windows\\SYSTEM32\\psmserviceexthost.dll+6cac6|C:\\Windows\\SYSTEM32\\psmserviceexthost.dll+731d2|C:\\Windows\\SYSTEM32\\psmserviceexthost.dll+74730|C:\\Windows\\SYSTEM32\\psmserviceexthost.dll+32660|C:\\Windows\\SYSTEM32\\psmserviceexthost.dll+7465c|C:\\Windows\\SYSTEM32\\psmserviceexthost.dll+766c5|C:\\Windows\\SYSTEM32\\psmserviceexthost.dll+4cf38|C:\\Windows\\SYSTEM32\\psmserviceexthost.dll+3f25d|C:\\Windows\\System32\\KERNEL32.DLL+17034|C:\\Windows\\SYSTEM32\\ntdll.dll+52651\r\nSourceUser: NT AUTHORITY\\SYSTEM\r\nTargetUser: MSSENTINEL\\wardog","EventData":"\u003cEventData xmlns=\"http://schemas.microsoft.com/win/2004/08/events/event\"\u003e\u003cData Name=\"RuleName\"\u003e-\u003c/Data\u003e\u003cData Name=\"UtcTime\"\u003e2022-09-22 16:03:47.214\u003c/Data\u003e\u003cData Name=\"SourceProcessGUID\"\u003e{03bfca49-b064-632b-0d00-000000000b00}\u003c/Data\u003e\u003cData Name=\"SourceProcessId\"\u003e888\u003c/Data\u003e\u003cData Name=\"SourceThreadId\"\u003e1220\u003c/Data\u003e\u003cData Name=\"SourceImage\"\u003eC:\\Windows\\system32\\svchost.exe\u003c/Data\u003e\u003cData Name=\"TargetProcessGUID\"\u003e{03bfca49-7557-632c-200c-000000000b00}\u003c/Data\u003e\u003cData Name=\"TargetProcessId\"\u003e13280\u003c/Data\u003e\u003cData Name=\"TargetImage\"\u003eC:\\Windows\\system32\\wwahost.exe\u003c/Data\u003e\u003cData Name=\"GrantedAccess\"\u003e0x1000\u003c/Data\u003e\u003cData Name=\"CallTrace\"\u003eC:\\Windows\\SYSTEM32\\ntdll.dll+9d234|C:\\Windows\\SYSTEM32\\psmserviceexthost.dll+2ae5f|C:\\Windows\\SYSTEM32\\psmserviceexthost.dll+2a88f|C:\\Windows\\SYSTEM32\\psmserviceexthost.dll+6cac6|C:\\Windows\\SYSTEM32\\psmserviceexthost.dll+731d2|C:\\Windows\\SYSTEM32\\psmserviceexthost.dll+74730|C:\\Windows\\SYSTEM32\\psmserviceexthost.dll+32660|C:\\Windows\\SYSTEM32\\psmserviceexthost.dll+7465c|C:\\Windows\\SYSTEM32\\psmserviceexthost.dll+766c5|C:\\Windows\\SYSTEM32\\psmserviceexthost.dll+4cf38|C:\\Windows\\SYSTEM32\\psmserviceexthost.dll+3f25d|C:\\Windows\\System32\\KERNEL32.DLL+17034|C:\\Windows\\SYSTEM32\\ntdll.dll+52651\u003c/Data\u003e\u003cData Name=\"SourceUser\"\u003eNT AUTHORITY\\SYSTEM\u003c/Data\u003e\u003cData Name=\"TargetUser\"\u003eMSSENTINEL\\wardog\u003c/Data\u003e\u003c/EventData\u003e","Task":"10","RuleName":"-","UtcTime":"2022-09-22 16:03:47.214","SourceProcessGUID":"{03bfca49-b064-632b-0d00-000000000b00}","SourceProcessId":"888","SourceThreadId":"1220","SourceImage":"C:\\Windows\\system32\\svchost.exe","TargetProcessGUID":"{03bfca49-7557-632c-200c-000000000b00}","TargetProcessId":"13280","TargetImage":"C:\\Windows\\system32\\wwahost.exe","GrantedAccess":"0x1000","CallTrace":"C:\\Windows\\SYSTEM32\\ntdll.dll+9d234|C:\\Windows\\SYSTEM32\\psmserviceexthost.dll+2ae5f|C:\\Windows\\SYSTEM32\\psmserviceexthost.dll+2a88f|C:\\Windows\\SYSTEM32\\psmserviceexthost.dll+6cac6|C:\\Windows\\SYSTEM32\\psmserviceexthost.dll+731d2|C:\\Windows\\SYSTEM32\\psmserviceexthost.dll+74730|C:\\Windows\\SYSTEM32\\psmserviceexthost.dll+32660|C:\\Windows\\SYSTEM32\\psmserviceexthost.dll+7465c|C:\\Windows\\SYSTEM32\\psmserviceexthost.dll+766c5|C:\\Windows\\SYSTEM32\\psmserviceexthost.dll+4cf38|C:\\Windows\\SYSTEM32\\psmserviceexthost.dll+3f25d|C:\\Windows\\System32\\KERNEL32.DLL+17034|C:\\Windows\\SYSTEM32\\ntdll.dll+52651","SourceUser":"NT AUTHORITY\\SYSTEM","TargetUser":"MSSENTINEL\\wardog"},{"EventSourceName":"Microsoft-Windows-Sysmon","Provider":"Microsoft-Windows-Sysmon","ProviderGuid":"{5770385f-c22a-43e0-bf4c-06f5698ffbd9}","Level":"4","Keywords":"0x8000000000000000","Channel":"Microsoft-Windows-Sysmon/Operational","Computer":"WORKSTATION6.mssentinel.local","TimeCreated":"2022-09-22T12:03:47.218Z","TimeGenerated":"2022-09-22T04:03:47.218Z","EventRecordID":"3311745","EventID":7,"Message":"Image loaded:\r\nRuleName: -\r\nUtcTime: 2022-09-22 16:03:47.214\r\nProcessGuid: {03bfca49-b071-632b-7000-000000000b00}\r\nProcessId: 4824\r\nImage: C:\\Windows\\System32\\wbem\\WmiPrvSE.exe\r\nImageLoaded: C:\\Windows\\System32\\wmidcom.dll\r\nFileVersion: 10.0.19041.546 (WinBuild.160101.0800)\r\nDescription: WMI\r\nProduct: Microsoft® Windows® Operating System\r\nCompany: Microsoft Corporation\r\nOriginalFileName: wmidcom.dll\r\nHashes: SHA1=460342C89EB60A577387DBDA9C9BF6489BCA8916,MD5=F1D17FA0D8D90A0BF2B357507D3E80A2,SHA256=BE83F4888EF9FC18DB6DC99A19765E988C4A1E329608B9AC7566DE0933C86FD9,IMPHASH=2882CA99594C872C0C6916879DCCD179\r\nSigned: true\r\nSignature: Microsoft Windows\r\nSignatureStatus: Valid\r\nUser: NT AUTHORITY\\NETWORK SERVICE","EventData":"\u003cEventData xmlns=\"http://schemas.microsoft.com/win/2004/08/events/event\"\u003e\u003cData Name=\"RuleName\"\u003e-\u003c/Data\u003e\u003cData Name=\"UtcTime\"\u003e2022-09-22 16:03:47.214\u003c/Data\u003e\u003cData Name=\"ProcessGuid\"\u003e{03bfca49-b071-632b-7000-000000000b00}\u003c/Data\u003e\u003cData Name=\"ProcessId\"\u003e4824\u003c/Data\u003e\u003cData Name=\"Image\"\u003eC:\\Windows\\System32\\wbem\\WmiPrvSE.exe\u003c/Data\u003e\u003cData Name=\"ImageLoaded\"\u003eC:\\Windows\\System32\\wmidcom.dll\u003c/Data\u003e\u003cData Name=\"FileVersion\"\u003e10.0.19041.546 (WinBuild.160101.0800)\u003c/Data\u003e\u003cData Name=\"Description\"\u003eWMI\u003c/Data\u003e\u003cData Name=\"Product\"\u003eMicrosoft® Windows® Operating System\u003c/Data\u003e\u003cData Name=\"Company\"\u003eMicrosoft Corporation\u003c/Data\u003e\u003cData Name=\"OriginalFileName\"\u003ewmidcom.dll\u003c/Data\u003e\u003cData Name=\"Hashes\"\u003eSHA1=460342C89EB60A577387DBDA9C9BF6489BCA8916,MD5=F1D17FA0D8D90A0BF2B357507D3E80A2,SHA256=BE83F4888EF9FC18DB6DC99A19765E988C4A1E329608B9AC7566DE0933C86FD9,IMPHASH=2882CA99594C872C0C6916879DCCD179\u003c/Data\u003e\u003cData Name=\"Signed\"\u003etrue\u003c/Data\u003e\u003cData Name=\"Signature\"\u003eMicrosoft Windows\u003c/Data\u003e\u003cData Name=\"SignatureStatus\"\u003eValid\u003c/Data\u003e\u003cData Name=\"User\"\u003eNT AUTHORITY\\NETWORK SERVICE\u003c/Data\u003e\u003c/EventData\u003e","Task":"7","RuleName":"-","UtcTime":"2022-09-22 16:03:47.214","ProcessGuid":"{03bfca49-b071-632b-7000-000000000b00}","ProcessId":"4824","Image":"C:\\Windows\\System32\\wbem\\WmiPrvSE.exe","ImageLoaded":"C:\\Windows\\System32\\wmidcom.dll","FileVersion":"10.0.19041.546 (WinBuild.160101.0800)","Description":"WMI","Product":"Microsoft® Windows® Operating System","Company":"Microsoft Corporation","OriginalFileName":"wmidcom.dll","Hashes":"SHA1=460342C89EB60A577387DBDA9C9BF6489BCA8916,MD5=F1D17FA0D8D90A0BF2B357507D3E80A2,SHA256=BE83F4888EF9FC18DB6DC99A19765E988C4A1E329608B9AC7566DE0933C86FD9,IMPHASH=2882CA99594C872C0C6916879DCCD179","Signed":"true","Signature":"Microsoft Windows","SignatureStatus":"Valid","User":"NT AUTHORITY\\NETWORK SERVICE"},{"EventSourceName":"Microsoft-Windows-Sysmon","Provider":"Microsoft-Windows-Sysmon","ProviderGuid":"{5770385f-c22a-43e0-bf4c-06f5698ffbd9}","Level":"4","Keywords":"0x8000000000000000","Channel":"Microsoft-Windows-Sysmon/Operational","Computer":"WORKSTATION6.mssentinel.local","TimeCreated":"2022-09-22T12:03:47.219Z","TimeGenerated":"2022-09-22T04:03:47.219Z","EventRecordID":"3311746","EventID":7,"Message":"Image loaded:\r\nRuleName: -\r\nUtcTime: 2022-09-22 16:03:47.214\r\nProcessGuid: {03bfca49-b071-632b-7000-000000000b00}\r\nProcessId: 4824\r\nImage: C:\\Windows\\System32\\wbem\\WmiPrvSE.exe\r\nImageLoaded: C:\\Windows\\System32\\dpapi.dll\r\nFileVersion: 10.0.19041.546 (WinBuild.160101.0800)\r\nDescription: Data Protection API\r\nProduct: Microsoft® Windows® Operating System\r\nCompany: Microsoft Corporation\r\nOriginalFileName: dpapi.dll\r\nHashes: SHA1=5D376F21549DC1C471F92D5DA21B0658CF1BED5A,MD5=DB1F14390509CCDA5539F23A826C8E7D,SHA256=1C00F2882E1D7F7A630E5F931613BB34A740290455763492F1AB416A39922B5D,IMPHASH=C591E3A4DDFE145A26EEC16DB70623B7\r\nSigned: true\r\nSignature: Microsoft Windows\r\nSignatureStatus: Valid\r\nUser: NT AUTHORITY\\NETWORK SERVICE","EventData":"\u003cEventData xmlns=\"http://schemas.microsoft.com/win/2004/08/events/event\"\u003e\u003cData Name=\"RuleName\"\u003e-\u003c/Data\u003e\u003cData Name=\"UtcTime\"\u003e2022-09-22 16:03:47.214\u003c/Data\u003e\u003cData Name=\"ProcessGuid\"\u003e{03bfca49-b071-632b-7000-000000000b00}\u003c/Data\u003e\u003cData Name=\"ProcessId\"\u003e4824\u003c/Data\u003e\u003cData Name=\"Image\"\u003eC:\\Windows\\System32\\wbem\\WmiPrvSE.exe\u003c/Data\u003e\u003cData Name=\"ImageLoaded\"\u003eC:\\Windows\\System32\\dpapi.dll\u003c/Data\u003e\u003cData Name=\"FileVersion\"\u003e10.0.19041.546 (WinBuild.160101.0800)\u003c/Data\u003e\u003cData Name=\"Description\"\u003eData Protection API\u003c/Data\u003e\u003cData Name=\"Product\"\u003eMicrosoft® Windows® Operating System\u003c/Data\u003e\u003cData Name=\"Company\"\u003eMicrosoft Corporation\u003c/Data\u003e\u003cData Name=\"OriginalFileName\"\u003edpapi.dll\u003c/Data\u003e\u003cData Name=\"Hashes\"\u003eSHA1=5D376F21549DC1C471F92D5DA21B0658CF1BED5A,MD5=DB1F14390509CCDA5539F23A826C8E7D,SHA256=1C00F2882E1D7F7A630E5F931613BB34A740290455763492F1AB416A39922B5D,IMPHASH=C591E3A4DDFE145A26EEC16DB70623B7\u003c/Data\u003e\u003cData Name=\"Signed\"\u003etrue\u003c/Data\u003e\u003cData Name=\"Signature\"\u003eMicrosoft Windows\u003c/Data\u003e\u003cData Name=\"SignatureStatus\"\u003eValid\u003c/Data\u003e\u003cData Name=\"User\"\u003eNT AUTHORITY\\NETWORK SERVICE\u003c/Data\u003e\u003c/EventData\u003e","Task":"7","RuleName":"-","UtcTime":"2022-09-22 16:03:47.214","ProcessGuid":"{03bfca49-b071-632b-7000-000000000b00}","ProcessId":"4824","Image":"C:\\Windows\\System32\\wbem\\WmiPrvSE.exe","ImageLoaded":"C:\\Windows\\System32\\dpapi.dll","FileVersion":"10.0.19041.546 (WinBuild.160101.0800)","Description":"Data Protection API","Product":"Microsoft® Windows® Operating System","Company":"Microsoft Corporation","OriginalFileName":"dpapi.dll","Hashes":"SHA1=5D376F21549DC1C471F92D5DA21B0658CF1BED5A,MD5=DB1F14390509CCDA5539F23A826C8E7D,SHA256=1C00F2882E1D7F7A630E5F931613BB34A740290455763492F1AB416A39922B5D,IMPHASH=C591E3A4DDFE145A26EEC16DB70623B7","Signed":"true","Signature":"Microsoft Windows","SignatureStatus":"Valid","User":"NT AUTHORITY\\NETWORK SERVICE"},{"EventSourceName":"Microsoft-Windows-Sysmon","Provider":"Microsoft-Windows-Sysmon","ProviderGuid":"{5770385f-c22a-43e0-bf4c-06f5698ffbd9}","Level":"4","Keywords":"0x8000000000000000","Channel":"Microsoft-Windows-Sysmon/Operational","Computer":"WORKSTATION6.mssentinel.local","TimeCreated":"2022-09-22T12:03:47.225Z","TimeGenerated":"2022-09-22T04:03:47.225Z","EventRecordID":"3311747","EventID":12,"Message":"Registry object added or deleted:\r\nRuleName: -\r\nEventType: CreateKey\r\nUtcTime: 2022-09-22 16:03:47.214\r\nProcessGuid: {03bfca49-b069-632b-3f00-000000000b00}\r\nProcessId: 2864\r\nImage: C:\\Windows\\system32\\svchost.exe\r\nTargetObject: HKCR\r\nUser: NT AUTHORITY\\SYSTEM","EventData":"\u003cEventData xmlns=\"http://schemas.microsoft.com/win/2004/08/events/event\"\u003e\u003cData Name=\"RuleName\"\u003e-\u003c/Data\u003e\u003cData Name=\"EventType\"\u003eCreateKey\u003c/Data\u003e\u003cData Name=\"UtcTime\"\u003e2022-09-22 16:03:47.214\u003c/Data\u003e\u003cData Name=\"ProcessGuid\"\u003e{03bfca49-b069-632b-3f00-000000000b00}\u003c/Data\u003e\u003cData Name=\"ProcessId\"\u003e2864\u003c/Data\u003e\u003cData Name=\"Image\"\u003eC:\\Windows\\system32\\svchost.exe\u003c/Data\u003e\u003cData Name=\"TargetObject\"\u003eHKCR\u003c/Data\u003e\u003cData Name=\"User\"\u003eNT AUTHORITY\\SYSTEM\u003c/Data\u003e\u003c/EventData\u003e","Task":"12","RuleName":"-","EventType":"CreateKey","UtcTime":"2022-09-22 16:03:47.214","ProcessGuid":"{03bfca49-b069-632b-3f00-000000000b00}","ProcessId":"2864","Image":"C:\\Windows\\system32\\svchost.exe","TargetObject":"HKCR","User":"NT AUTHORITY\\SYSTEM"}]
