{"CreationTime":"2023-05-20T11:07:00","Id":"20fd5006-645b-42be-e9de-08db592255ac","Operation":"Set-MailboxAuditBypassAssociation","OrganizationId":"8d4121ed-0008-406d-bff9-0d5bb312183c","RecordType":1,"ResultStatus":"True","UserKey":"10032002643F6746","UserType":2,"Version":1,"Workload":"Exchange","ClientIP":"104.28.196.199:56806","ObjectId":"a88ae17c-f562-4c1f-a377-8910b6847d76","UserId":"stinger@contoso.onmicrosoft.com","AppId":"fb78d390-0c51-40cd-8e17-fdbfab77341b","ClientAppId":"","ExternalAccess":false,"OrganizationName":"contoso.onmicrosoft.com","OriginatingServer":"TYUPR03MB7029 (15.20.6411.019)","Parameters":[{"Name":"AuditBypassEnabled","Value":"True"},{"Name":"Identity","Value":"Alex@contoso.onmicrosoft.com"}],"SessionId":"9dd7a60b-019f-4f90-b85e-8b1c007513a3"}