{"CreationTime":"2023-07-23T06:46:28","Id":"df48cda4-23d9-4825-9ad8-3eaebba31212","Operation":"Add member to role.","OrganizationId":"8d4121ed-0008-406d-bff9-0d5bb312183c","RecordType":8,"ResultStatus":"Success","UserKey":"10032002643F6746@contoso.onmicrosoft.com","UserType":0,"Version":1,"Workload":"AzureActiveDirectory","ObjectId":"Alex@contoso.onmicrosoft.com","UserId":"stinger@contoso.onmicrosoft.com","AzureActiveDirectoryEventType":1,"ExtendedProperties":[{"Name":"additionalDetails","Value":"{}"},{"Name":"extendedAuditEventCategory","Value":"Role"}],"ModifiedProperties":[{"Name":"Role.ObjectID","NewValue":"62e90394-69f5-4237-9190-012177145e10","OldValue":""},{"Name":"Role.DisplayName","NewValue":"Company Administrator","OldValue":""},{"Name":"Role.TemplateId","NewValue":"62e90394-69f5-4237-9190-012177145e10","OldValue":""},{"Name":"Role.WellKnownObjectName","NewValue":"TenantAdmins","OldValue":""}],"Actor":[{"ID":"stinger@contoso.onmicrosoft.com","Type":5},{"ID":"10032002643F6746","Type":3},{"ID":"User_7dccacb0-c3ff-4b02-964b-dd04c5a8f9fe","Type":2},{"ID":"7dccacb0-c3ff-4b02-964b-dd04c5a8f9fe","Type":2},{"ID":"User","Type":2}],"ActorContextId":"8d4121ed-0008-406d-bff9-0d5bb312183c","InterSystemsId":"d6c15b73-e7c3-4e12-a82c-5a2b652a264c","IntraSystemId":"4113ccb3-6b2e-403e-8c12-ab73a17dc2ef","SupportTicketId":"","Target":[{"ID":"User_a88ae17c-f562-4c1f-a377-8910b6847d76","Type":2},{"ID":"a88ae17c-f562-4c1f-a377-8910b6847d76","Type":2},{"ID":"User","Type":2},{"ID":"Alex@contoso.onmicrosoft.com","Type":5},{"ID":"100320026457F547","Type":3}],"TargetContextId":"8d4121ed-0008-406d-bff9-0d5bb312183c"}
