{"CreationTime":"2023-07-23T09:17:44","Id":"759cbc44-588f-4b59-87eb-bdd005700500","Operation":"UserLoginFailed","OrganizationId":"8d4121ed-0008-406d-bff9-0d5bb312183c","RecordType":15,"ResultStatus":"Failed","UserKey":"311b45d6-1a3e-46ac-8434-721367961e19","UserType":0,"Version":1,"Workload":"AzureActiveDirectory","ClientIP":"2a09:bac1:820:8::1a:9c","ObjectId":"00000002-0000-0ff1-ce00-000000000000","UserId":"Matt@contoso.onmicrosoft.com","AzureActiveDirectoryEventType":1,"ExtendedProperties":[{"Name":"ResultStatusDetail","Value":"UserError"},{"Name":"UserAgent","Value":"Mozilla\/5.0 (Windows NT 10.0; Win64; x64) AppleWebKit\/537.36 (KHTML, like Gecko) Chrome\/104.0.0.0 Safari\/537.36"},{"Name":"UserAuthenticationMethod","Value":"1"},{"Name":"RequestType","Value":"OAuth2:Token"}],"ModifiedProperties":[],"Actor":[{"ID":"311b45d6-1a3e-46ac-8434-721367961e19","Type":0},{"ID":"Matt@contoso.onmicrosoft.com","Type":5}],"ActorContextId":"8d4121ed-0008-406d-bff9-0d5bb312183c","ActorIpAddress":"2a09:bac1:820:8::1a:9c","InterSystemsId":"53870a49-04aa-4724-b8da-2e764576baba","IntraSystemId":"759cbc44-588f-4b59-87eb-bdd005700500","SupportTicketId":"","Target":[{"ID":"00000002-0000-0ff1-ce00-000000000000","Type":0}],"TargetContextId":"8d4121ed-0008-406d-bff9-0d5bb312183c","ApplicationId":"00000002-0000-0ff1-ce00-000000000000","DeviceProperties":[{"Name":"OS","Value":"Windows 10"},{"Name":"BrowserType","Value":"Chrome"},{"Name":"IsCompliantAndManaged","Value":"False"}],"ErrorNumber":"50126","LogonError":"InvalidUserNameOrPassword"}
{"CreationTime":"2023-07-23T09:17:45","Id":"01d904ce-9417-4d91-86e4-99afcac30600","Operation":"UserLoggedIn","OrganizationId":"8d4121ed-0008-406d-bff9-0d5bb312183c","RecordType":15,"ResultStatus":"Success","UserKey":"e4ad2d28-703e-4189-9752-6b827ef9107d","UserType":0,"Version":1,"Workload":"AzureActiveDirectory","ClientIP":"2a09:bac1:820:8::1a:9c","ObjectId":"00000002-0000-0ff1-ce00-000000000000","UserId":"Henrietta@contoso.onmicrosoft.com","AzureActiveDirectoryEventType":1,"ExtendedProperties":[{"Name":"ResultStatusDetail","Value":"Success"},{"Name":"UserAgent","Value":"Mozilla\/5.0 (Windows NT 10.0; Win64; x64) AppleWebKit\/537.36 (KHTML, like Gecko) Chrome\/104.0.0.0 Safari\/537.36"},{"Name":"UserAuthenticationMethod","Value":"1"},{"Name":"RequestType","Value":"OAuth2:Token"}],"ModifiedProperties":[],"Actor":[{"ID":"e4ad2d28-703e-4189-9752-6b827ef9107d","Type":0},{"ID":"Henrietta@contoso.onmicrosoft.com","Type":5}],"ActorContextId":"8d4121ed-0008-406d-bff9-0d5bb312183c","ActorIpAddress":"2a09:bac1:820:8::1a:9c","InterSystemsId":"3ac1b160-d408-4b30-ad12-6b909c77baba","IntraSystemId":"01d904ce-9417-4d91-86e4-99afcac30600","SupportTicketId":"","Target":[{"ID":"00000002-0000-0ff1-ce00-000000000000","Type":0}],"TargetContextId":"8d4121ed-0008-406d-bff9-0d5bb312183c","ApplicationId":"00000002-0000-0ff1-ce00-000000000000","DeviceProperties":[{"Name":"OS","Value":"Windows 10"},{"Name":"BrowserType","Value":"Chrome"},{"Name":"IsCompliantAndManaged","Value":"False"},{"Name":"SessionId","Value":"7cf18d3a-5bd6-4236-b966-ae2138f12851"}],"ErrorNumber":"0"}
{"CreationTime":"2023-07-23T09:17:45","Id":"378be9cf-6e75-4885-b4d1-126e24ab0800","Operation":"UserLoginFailed","OrganizationId":"8d4121ed-0008-406d-bff9-0d5bb312183c","RecordType":15,"ResultStatus":"Failed","UserKey":"e49fa8dd-7cb3-46ee-9141-c9eda40f7906","UserType":0,"Version":1,"Workload":"AzureActiveDirectory","ClientIP":"2a09:bac1:820:8::1a:9c","ObjectId":"00000002-0000-0ff1-ce00-000000000000","UserId":"Lynne@contoso.onmicrosoft.com","AzureActiveDirectoryEventType":1,"ExtendedProperties":[{"Name":"ResultStatusDetail","Value":"UserError"},{"Name":"UserAgent","Value":"Mozilla\/5.0 (Windows NT 10.0; Win64; x64) AppleWebKit\/537.36 (KHTML, like Gecko) Chrome\/104.0.0.0 Safari\/537.36"},{"Name":"UserAuthenticationMethod","Value":"1"},{"Name":"RequestType","Value":"OAuth2:Token"}],"ModifiedProperties":[],"Actor":[{"ID":"e49fa8dd-7cb3-46ee-9141-c9eda40f7906","Type":0},{"ID":"Lynne@contoso.onmicrosoft.com","Type":5}],"ActorContextId":"8d4121ed-0008-406d-bff9-0d5bb312183c","ActorIpAddress":"2a09:bac1:820:8::1a:9c","InterSystemsId":"c49c8ca5-5f59-4e05-b90a-6ef1c49bbaba","IntraSystemId":"378be9cf-6e75-4885-b4d1-126e24ab0800","SupportTicketId":"","Target":[{"ID":"00000002-0000-0ff1-ce00-000000000000","Type":0}],"TargetContextId":"8d4121ed-0008-406d-bff9-0d5bb312183c","ApplicationId":"00000002-0000-0ff1-ce00-000000000000","DeviceProperties":[{"Name":"OS","Value":"Windows 10"},{"Name":"BrowserType","Value":"Chrome"},{"Name":"IsCompliantAndManaged","Value":"False"}],"ErrorNumber":"50126","LogonError":"InvalidUserNameOrPassword"}
{"CreationTime":"2023-07-23T09:17:44","Id":"5ec201cb-7112-4df5-8ab7-429a9a8b0500","Operation":"UserLoginFailed","OrganizationId":"8d4121ed-0008-406d-bff9-0d5bb312183c","RecordType":15,"ResultStatus":"Failed","UserKey":"1abf30d3-7fe7-4e94-a578-a9d52e7a6e9f","UserType":0,"Version":1,"Workload":"AzureActiveDirectory","ClientIP":"2a09:bac1:820:8::1a:9c","ObjectId":"00000002-0000-0ff1-ce00-000000000000","UserId":"Adele@contoso.onmicrosoft.com","AzureActiveDirectoryEventType":1,"ExtendedProperties":[{"Name":"ResultStatusDetail","Value":"UserError"},{"Name":"UserAgent","Value":"Mozilla\/5.0 (Windows NT 10.0; Win64; x64) AppleWebKit\/537.36 (KHTML, like Gecko) Chrome\/104.0.0.0 Safari\/537.36"},{"Name":"UserAuthenticationMethod","Value":"1"},{"Name":"RequestType","Value":"OAuth2:Token"}],"ModifiedProperties":[],"Actor":[{"ID":"1abf30d3-7fe7-4e94-a578-a9d52e7a6e9f","Type":0},{"ID":"Adele@contoso.onmicrosoft.com","Type":5}],"ActorContextId":"8d4121ed-0008-406d-bff9-0d5bb312183c","ActorIpAddress":"2a09:bac1:820:8::1a:9c","InterSystemsId":"f1b5dd48-97ef-4f1e-9b15-f487086cbaba","IntraSystemId":"5ec201cb-7112-4df5-8ab7-429a9a8b0500","SupportTicketId":"","Target":[{"ID":"00000002-0000-0ff1-ce00-000000000000","Type":0}],"TargetContextId":"8d4121ed-0008-406d-bff9-0d5bb312183c","ApplicationId":"00000002-0000-0ff1-ce00-000000000000","DeviceProperties":[{"Name":"OS","Value":"Windows 10"},{"Name":"BrowserType","Value":"Chrome"},{"Name":"IsCompliantAndManaged","Value":"False"}],"ErrorNumber":"50126","LogonError":"InvalidUserNameOrPassword"}
{"CreationTime":"2023-07-23T09:17:44","Id":"792e4fcd-1da3-4042-9397-9e86038b0800","Operation":"UserLoginFailed","OrganizationId":"8d4121ed-0008-406d-bff9-0d5bb312183c","RecordType":15,"ResultStatus":"Failed","UserKey":"cccea98b-92f6-4e15-8e52-452bad586d7c","UserType":0,"Version":1,"Workload":"AzureActiveDirectory","ClientIP":"2a09:bac1:820:8::1a:9c","ObjectId":"00000002-0000-0ff1-ce00-000000000000","UserId":"Miriam@contoso.onmicrosoft.com","AzureActiveDirectoryEventType":1,"ExtendedProperties":[{"Name":"ResultStatusDetail","Value":"UserError"},{"Name":"UserAgent","Value":"Mozilla\/5.0 (Windows NT 10.0; Win64; x64) AppleWebKit\/537.36 (KHTML, like Gecko) Chrome\/104.0.0.0 Safari\/537.36"},{"Name":"UserAuthenticationMethod","Value":"1"},{"Name":"RequestType","Value":"OAuth2:Token"}],"ModifiedProperties":[],"Actor":[{"ID":"cccea98b-92f6-4e15-8e52-452bad586d7c","Type":0},{"ID":"Miriam@contoso.onmicrosoft.com","Type":5}],"ActorContextId":"8d4121ed-0008-406d-bff9-0d5bb312183c","ActorIpAddress":"2a09:bac1:820:8::1a:9c","InterSystemsId":"0fe003bb-fc29-4351-8266-e58ccddababa","IntraSystemId":"792e4fcd-1da3-4042-9397-9e86038b0800","SupportTicketId":"","Target":[{"ID":"00000002-0000-0ff1-ce00-000000000000","Type":0}],"TargetContextId":"8d4121ed-0008-406d-bff9-0d5bb312183c","ApplicationId":"00000002-0000-0ff1-ce00-000000000000","DeviceProperties":[{"Name":"OS","Value":"Windows 10"},{"Name":"BrowserType","Value":"Chrome"},{"Name":"IsCompliantAndManaged","Value":"False"}],"ErrorNumber":"50126","LogonError":"InvalidUserNameOrPassword"}
{"CreationTime":"2023-07-23T09:17:45","Id":"cb4a291d-0dfe-44fd-85a2-bffc2b4e0800","Operation":"UserLoginFailed","OrganizationId":"8d4121ed-0008-406d-bff9-0d5bb312183c","RecordType":15,"ResultStatus":"Failed","UserKey":"082a4d9d-5735-4de1-aa28-d3d47ed8312a","UserType":0,"Version":1,"Workload":"AzureActiveDirectory","ClientIP":"2a09:bac1:820:8::1a:9c","ObjectId":"00000002-0000-0ff1-ce00-000000000000","UserId":"Megan@contoso.onmicrosoft.com","AzureActiveDirectoryEventType":1,"ExtendedProperties":[{"Name":"ResultStatusDetail","Value":"UserError"},{"Name":"UserAgent","Value":"Mozilla\/5.0 (Windows NT 10.0; Win64; x64) AppleWebKit\/537.36 (KHTML, like Gecko) Chrome\/104.0.0.0 Safari\/537.36"},{"Name":"UserAuthenticationMethod","Value":"1"},{"Name":"RequestType","Value":"OAuth2:Token"}],"ModifiedProperties":[],"Actor":[{"ID":"082a4d9d-5735-4de1-aa28-d3d47ed8312a","Type":0},{"ID":"Megan@contoso.onmicrosoft.com","Type":5}],"ActorContextId":"8d4121ed-0008-406d-bff9-0d5bb312183c","ActorIpAddress":"2a09:bac1:820:8::1a:9c","InterSystemsId":"b42db351-0b63-48d4-a20e-664f0bc1baba","IntraSystemId":"cb4a291d-0dfe-44fd-85a2-bffc2b4e0800","SupportTicketId":"","Target":[{"ID":"00000002-0000-0ff1-ce00-000000000000","Type":0}],"TargetContextId":"8d4121ed-0008-406d-bff9-0d5bb312183c","ApplicationId":"00000002-0000-0ff1-ce00-000000000000","DeviceProperties":[{"Name":"OS","Value":"Windows 10"},{"Name":"BrowserType","Value":"Chrome"},{"Name":"IsCompliantAndManaged","Value":"False"}],"ErrorNumber":"50126","LogonError":"InvalidUserNameOrPassword"}
{"CreationTime":"2023-07-23T09:17:45","Id":"74f64909-6586-43fd-86ff-418cfe530200","Operation":"UserLoginFailed","OrganizationId":"8d4121ed-0008-406d-bff9-0d5bb312183c","RecordType":15,"ResultStatus":"Failed","UserKey":"a88ae17c-f562-4c1f-a377-8910b6847d76","UserType":0,"Version":1,"Workload":"AzureActiveDirectory","ClientIP":"2a09:bac1:820:8::1a:9c","ObjectId":"00000002-0000-0ff1-ce00-000000000000","UserId":"Alex@contoso.onmicrosoft.com","AzureActiveDirectoryEventType":1,"ExtendedProperties":[{"Name":"ResultStatusDetail","Value":"UserError"},{"Name":"UserAgent","Value":"Mozilla\/5.0 (Windows NT 10.0; Win64; x64) AppleWebKit\/537.36 (KHTML, like Gecko) Chrome\/104.0.0.0 Safari\/537.36"},{"Name":"UserAuthenticationMethod","Value":"1"},{"Name":"RequestType","Value":"OAuth2:Token"}],"ModifiedProperties":[],"Actor":[{"ID":"a88ae17c-f562-4c1f-a377-8910b6847d76","Type":0},{"ID":"Alex@contoso.onmicrosoft.com","Type":5}],"ActorContextId":"8d4121ed-0008-406d-bff9-0d5bb312183c","ActorIpAddress":"2a09:bac1:820:8::1a:9c","InterSystemsId":"8a48abb1-f4be-4422-975d-59a800f4baba","IntraSystemId":"74f64909-6586-43fd-86ff-418cfe530200","SupportTicketId":"","Target":[{"ID":"00000002-0000-0ff1-ce00-000000000000","Type":0}],"TargetContextId":"8d4121ed-0008-406d-bff9-0d5bb312183c","ApplicationId":"00000002-0000-0ff1-ce00-000000000000","DeviceProperties":[{"Name":"OS","Value":"Windows 10"},{"Name":"BrowserType","Value":"Chrome"},{"Name":"IsCompliantAndManaged","Value":"False"}],"ErrorNumber":"50126","LogonError":"InvalidUserNameOrPassword"}
{"CreationTime":"2023-07-23T09:17:44","Id":"759cbc44-588f-4b59-87eb-bdd005700500","Operation":"UserLoginFailed","OrganizationId":"8d4121ed-0008-406d-bff9-0d5bb312183c","RecordType":15,"ResultStatus":"Failed","UserKey":"311b45d6-1a3e-46ac-8434-721367961e19","UserType":0,"Version":1,"Workload":"AzureActiveDirectory","ClientIP":"2a09:bac1:820:8::1a:9c","ObjectId":"00000002-0000-0ff1-ce00-000000000000","UserId":"Matt@contoso.onmicrosoft.com","AzureActiveDirectoryEventType":1,"ExtendedProperties":[{"Name":"ResultStatusDetail","Value":"UserError"},{"Name":"UserAgent","Value":"Mozilla\/5.0 (Windows NT 10.0; Win64; x64) AppleWebKit\/537.36 (KHTML, like Gecko) Chrome\/104.0.0.0 Safari\/537.36"},{"Name":"UserAuthenticationMethod","Value":"1"},{"Name":"RequestType","Value":"OAuth2:Token"}],"ModifiedProperties":[],"Actor":[{"ID":"311b45d6-1a3e-46ac-8434-721367961e19","Type":0},{"ID":"Matt@contoso.onmicrosoft.com","Type":5}],"ActorContextId":"8d4121ed-0008-406d-bff9-0d5bb312183c","ActorIpAddress":"2a09:bac1:820:8::1a:9c","InterSystemsId":"53870a49-04aa-4724-b8da-2e764576baba","IntraSystemId":"759cbc44-588f-4b59-87eb-bdd005700500","SupportTicketId":"","Target":[{"ID":"00000002-0000-0ff1-ce00-000000000000","Type":0}],"TargetContextId":"8d4121ed-0008-406d-bff9-0d5bb312183c","ApplicationId":"00000002-0000-0ff1-ce00-000000000000","DeviceProperties":[{"Name":"OS","Value":"Windows 10"},{"Name":"BrowserType","Value":"Chrome"},{"Name":"IsCompliantAndManaged","Value":"False"}],"ErrorNumber":"50126","LogonError":"InvalidUserNameOrPassword"}
{"CreationTime":"2023-07-23T09:17:45","Id":"01d904ce-9417-4d91-86e4-99afcac30600","Operation":"UserLoggedIn","OrganizationId":"8d4121ed-0008-406d-bff9-0d5bb312183c","RecordType":15,"ResultStatus":"Success","UserKey":"e4ad2d28-703e-4189-9752-6b827ef9107d","UserType":0,"Version":1,"Workload":"AzureActiveDirectory","ClientIP":"2a09:bac1:820:8::1a:9c","ObjectId":"00000002-0000-0ff1-ce00-000000000000","UserId":"Henrietta@contoso.onmicrosoft.com","AzureActiveDirectoryEventType":1,"ExtendedProperties":[{"Name":"ResultStatusDetail","Value":"Success"},{"Name":"UserAgent","Value":"Mozilla\/5.0 (Windows NT 10.0; Win64; x64) AppleWebKit\/537.36 (KHTML, like Gecko) Chrome\/104.0.0.0 Safari\/537.36"},{"Name":"UserAuthenticationMethod","Value":"1"},{"Name":"RequestType","Value":"OAuth2:Token"}],"ModifiedProperties":[],"Actor":[{"ID":"e4ad2d28-703e-4189-9752-6b827ef9107d","Type":0},{"ID":"Henrietta@contoso.onmicrosoft.com","Type":5}],"ActorContextId":"8d4121ed-0008-406d-bff9-0d5bb312183c","ActorIpAddress":"2a09:bac1:820:8::1a:9c","InterSystemsId":"3ac1b160-d408-4b30-ad12-6b909c77baba","IntraSystemId":"01d904ce-9417-4d91-86e4-99afcac30600","SupportTicketId":"","Target":[{"ID":"00000002-0000-0ff1-ce00-000000000000","Type":0}],"TargetContextId":"8d4121ed-0008-406d-bff9-0d5bb312183c","ApplicationId":"00000002-0000-0ff1-ce00-000000000000","DeviceProperties":[{"Name":"OS","Value":"Windows 10"},{"Name":"BrowserType","Value":"Chrome"},{"Name":"IsCompliantAndManaged","Value":"False"},{"Name":"SessionId","Value":"7cf18d3a-5bd6-4236-b966-ae2138f12851"}],"ErrorNumber":"0"}
{"CreationTime":"2023-07-23T09:17:45","Id":"378be9cf-6e75-4885-b4d1-126e24ab0800","Operation":"UserLoginFailed","OrganizationId":"8d4121ed-0008-406d-bff9-0d5bb312183c","RecordType":15,"ResultStatus":"Failed","UserKey":"e49fa8dd-7cb3-46ee-9141-c9eda40f7906","UserType":0,"Version":1,"Workload":"AzureActiveDirectory","ClientIP":"2a09:bac1:820:8::1a:9c","ObjectId":"00000002-0000-0ff1-ce00-000000000000","UserId":"LynneRcontoso.onmicrosoft.com","AzureActiveDirectoryEventType":1,"ExtendedProperties":[{"Name":"ResultStatusDetail","Value":"UserError"},{"Name":"UserAgent","Value":"Mozilla\/5.0 (Windows NT 10.0; Win64; x64) AppleWebKit\/537.36 (KHTML, like Gecko) Chrome\/104.0.0.0 Safari\/537.36"},{"Name":"UserAuthenticationMethod","Value":"1"},{"Name":"RequestType","Value":"OAuth2:Token"}],"ModifiedProperties":[],"Actor":[{"ID":"e49fa8dd-7cb3-46ee-9141-c9eda40f7906","Type":0},{"ID":"Lynne@contoso.onmicrosoft.com","Type":5}],"ActorContextId":"8d4121ed-0008-406d-bff9-0d5bb312183c","ActorIpAddress":"2a09:bac1:820:8::1a:9c","InterSystemsId":"c49c8ca5-5f59-4e05-b90a-6ef1c49bbaba","IntraSystemId":"378be9cf-6e75-4885-b4d1-126e24ab0800","SupportTicketId":"","Target":[{"ID":"00000002-0000-0ff1-ce00-000000000000","Type":0}],"TargetContextId":"8d4121ed-0008-406d-bff9-0d5bb312183c","ApplicationId":"00000002-0000-0ff1-ce00-000000000000","DeviceProperties":[{"Name":"OS","Value":"Windows 10"},{"Name":"BrowserType","Value":"Chrome"},{"Name":"IsCompliantAndManaged","Value":"False"}],"ErrorNumber":"50126","LogonError":"InvalidUserNameOrPassword"}
{"CreationTime":"2023-07-23T09:17:44","Id":"5ec201cb-7112-4df5-8ab7-429a9a8b0500","Operation":"UserLoginFailed","OrganizationId":"8d4121ed-0008-406d-bff9-0d5bb312183c","RecordType":15,"ResultStatus":"Failed","UserKey":"1abf30d3-7fe7-4e94-a578-a9d52e7a6e9f","UserType":0,"Version":1,"Workload":"AzureActiveDirectory","ClientIP":"2a09:bac1:820:8::1a:9c","ObjectId":"00000002-0000-0ff1-ce00-000000000000","UserId":"Adelecontoso.onmicrosoft.com","AzureActiveDirectoryEventType":1,"ExtendedProperties":[{"Name":"ResultStatusDetail","Value":"UserError"},{"Name":"UserAgent","Value":"Mozilla\/5.0 (Windows NT 10.0; Win64; x64) AppleWebKit\/537.36 (KHTML, like Gecko) Chrome\/104.0.0.0 Safari\/537.36"},{"Name":"UserAuthenticationMethod","Value":"1"},{"Name":"RequestType","Value":"OAuth2:Token"}],"ModifiedProperties":[],"Actor":[{"ID":"1abf30d3-7fe7-4e94-a578-a9d52e7a6e9f","Type":0},{"ID":"Adele@contoso.onmicrosoft.com","Type":5}],"ActorContextId":"8d4121ed-0008-406d-bff9-0d5bb312183c","ActorIpAddress":"2a09:bac1:820:8::1a:9c","InterSystemsId":"f1b5dd48-97ef-4f1e-9b15-f487086cbaba","IntraSystemId":"5ec201cb-7112-4df5-8ab7-429a9a8b0500","SupportTicketId":"","Target":[{"ID":"00000002-0000-0ff1-ce00-000000000000","Type":0}],"TargetContextId":"8d4121ed-0008-406d-bff9-0d5bb312183c","ApplicationId":"00000002-0000-0ff1-ce00-000000000000","DeviceProperties":[{"Name":"OS","Value":"Windows 10"},{"Name":"BrowserType","Value":"Chrome"},{"Name":"IsCompliantAndManaged","Value":"False"}],"ErrorNumber":"50126","LogonError":"InvalidUserNameOrPassword"}
{"CreationTime":"2023-07-23T09:17:44","Id":"792e4fcd-1da3-4042-9397-9e86038b0800","Operation":"UserLoginFailed","OrganizationId":"8d4121ed-0008-406d-bff9-0d5bb312183c","RecordType":15,"ResultStatus":"Failed","UserKey":"cccea98b-92f6-4e15-8e52-452bad586d7c","UserType":0,"Version":1,"Workload":"AzureActiveDirectory","ClientIP":"2a09:bac1:820:8::1a:9c","ObjectId":"00000002-0000-0ff1-ce00-000000000000","UserId":"Miriamcontoso.onmicrosoft.com","AzureActiveDirectoryEventType":1,"ExtendedProperties":[{"Name":"ResultStatusDetail","Value":"UserError"},{"Name":"UserAgent","Value":"Mozilla\/5.0 (Windows NT 10.0; Win64; x64) AppleWebKit\/537.36 (KHTML, like Gecko) Chrome\/104.0.0.0 Safari\/537.36"},{"Name":"UserAuthenticationMethod","Value":"1"},{"Name":"RequestType","Value":"OAuth2:Token"}],"ModifiedProperties":[],"Actor":[{"ID":"cccea98b-92f6-4e15-8e52-452bad586d7c","Type":0},{"ID":"Miriam@contoso.onmicrosoft.com","Type":5}],"ActorContextId":"8d4121ed-0008-406d-bff9-0d5bb312183c","ActorIpAddress":"2a09:bac1:820:8::1a:9c","InterSystemsId":"0fe003bb-fc29-4351-8266-e58ccddababa","IntraSystemId":"792e4fcd-1da3-4042-9397-9e86038b0800","SupportTicketId":"","Target":[{"ID":"00000002-0000-0ff1-ce00-000000000000","Type":0}],"TargetContextId":"8d4121ed-0008-406d-bff9-0d5bb312183c","ApplicationId":"00000002-0000-0ff1-ce00-000000000000","DeviceProperties":[{"Name":"OS","Value":"Windows 10"},{"Name":"BrowserType","Value":"Chrome"},{"Name":"IsCompliantAndManaged","Value":"False"}],"ErrorNumber":"50126","LogonError":"InvalidUserNameOrPassword"}
{"CreationTime":"2023-07-23T09:17:45","Id":"cb4a291d-0dfe-44fd-85a2-bffc2b4e0800","Operation":"UserLoginFailed","OrganizationId":"8d4121ed-0008-406d-bff9-0d5bb312183c","RecordType":15,"ResultStatus":"Failed","UserKey":"082a4d9d-5735-4de1-aa28-d3d47ed8312a","UserType":0,"Version":1,"Workload":"AzureActiveDirectory","ClientIP":"2a09:bac1:820:8::1a:9c","ObjectId":"00000002-0000-0ff1-ce00-000000000000","UserId":"Megancontoso.onmicrosoft.com","AzureActiveDirectoryEventType":1,"ExtendedProperties":[{"Name":"ResultStatusDetail","Value":"UserError"},{"Name":"UserAgent","Value":"Mozilla\/5.0 (Windows NT 10.0; Win64; x64) AppleWebKit\/537.36 (KHTML, like Gecko) Chrome\/104.0.0.0 Safari\/537.36"},{"Name":"UserAuthenticationMethod","Value":"1"},{"Name":"RequestType","Value":"OAuth2:Token"}],"ModifiedProperties":[],"Actor":[{"ID":"082a4d9d-5735-4de1-aa28-d3d47ed8312a","Type":0},{"ID":"Megan@contoso.onmicrosoft.com","Type":5}],"ActorContextId":"8d4121ed-0008-406d-bff9-0d5bb312183c","ActorIpAddress":"2a09:bac1:820:8::1a:9c","InterSystemsId":"b42db351-0b63-48d4-a20e-664f0bc1baba","IntraSystemId":"cb4a291d-0dfe-44fd-85a2-bffc2b4e0800","SupportTicketId":"","Target":[{"ID":"00000002-0000-0ff1-ce00-000000000000","Type":0}],"TargetContextId":"8d4121ed-0008-406d-bff9-0d5bb312183c","ApplicationId":"00000002-0000-0ff1-ce00-000000000000","DeviceProperties":[{"Name":"OS","Value":"Windows 10"},{"Name":"BrowserType","Value":"Chrome"},{"Name":"IsCompliantAndManaged","Value":"False"}],"ErrorNumber":"50126","LogonError":"InvalidUserNameOrPassword"}
{"CreationTime":"2023-07-23T09:17:45","Id":"74f64909-6586-43fd-86ff-418cfe530200","Operation":"UserLoginFailed","OrganizationId":"8d4121ed-0008-406d-bff9-0d5bb312183c","RecordType":15,"ResultStatus":"Failed","UserKey":"a88ae17c-f562-4c1f-a377-8910b6847d76","UserType":0,"Version":1,"Workload":"AzureActiveDirectory","ClientIP":"2a09:bac1:820:8::1a:9c","ObjectId":"00000002-0000-0ff1-ce00-000000000000","UserId":"Alex@contoso.onmicrosoft.com","AzureActiveDirectoryEventType":1,"ExtendedProperties":[{"Name":"ResultStatusDetail","Value":"UserError"},{"Name":"UserAgent","Value":"Mozilla\/5.0 (Windows NT 10.0; Win64; x64) AppleWebKit\/537.36 (KHTML, like Gecko) Chrome\/104.0.0.0 Safari\/537.36"},{"Name":"UserAuthenticationMethod","Value":"1"},{"Name":"RequestType","Value":"OAuth2:Token"}],"ModifiedProperties":[],"Actor":[{"ID":"a88ae17c-f562-4c1f-a377-8910b6847d76","Type":0},{"ID":"Alex@contoso.onmicrosoft.com","Type":5}],"ActorContextId":"8d4121ed-0008-406d-bff9-0d5bb312183c","ActorIpAddress":"2a09:bac1:820:8::1a:9c","InterSystemsId":"8a48abb1-f4be-4422-975d-59a800f4baba","IntraSystemId":"74f64909-6586-43fd-86ff-418cfe530200","SupportTicketId":"","Target":[{"ID":"00000002-0000-0ff1-ce00-000000000000","Type":0}],"TargetContextId":"8d4121ed-0008-406d-bff9-0d5bb312183c","ApplicationId":"00000002-0000-0ff1-ce00-000000000000","DeviceProperties":[{"Name":"OS","Value":"Windows 10"},{"Name":"BrowserType","Value":"Chrome"},{"Name":"IsCompliantAndManaged","Value":"False"}],"ErrorNumber":"50126","LogonError":"InvalidUserNameOrPassword"}
