<Backups xmlns="http://www.microsoft.com/GroupPolicy/GPOOperations/Manifest" xmlns:mfst="http://www.microsoft.com/GroupPolicy/GPOOperations/Manifest" mfst:version="1.0"><BackupInst><GPOGuid><![CDATA[{2b2815a8-1f99-42f7-8a01-54b1186d3ce1}]]></GPOGuid><GPODomain><![CDATA[shire.com]]></GPODomain><GPODomainGuid><![CDATA[{0071b080-6b81-498b-b00b-51b45474a348}]]></GPODomainGuid><GPODomainController><![CDATA[HFDC01.shire.com]]></GPODomainController><BackupTime><![CDATA[2019-05-15T12:03:06]]></BackupTime><ID><![CDATA[{73643584-ADC6-4BE1-A103-2E1B51C24535}]]></ID><Comment><![CDATA[]]></Comment><GPODisplayName><![CDATA[Disable Lock Screen]]></GPODisplayName></BackupInst></Backups>