{"EventSourceName":"Microsoft-Windows-WinRM","Provider":"Microsoft-Windows-WinRM","ProviderGuid":"{a7975c8f-ac13-49f1-87da-5a984a4ab417}","Level":"4","Keywords":"0x4000000000000004","Channel":"Microsoft-Windows-WinRM/Operational","Computer":"DC01.mssentinel.local","TimeCreated":"2022-09-26T07:26:06.113Z","TimeGenerated":"2022-09-26T11:26:06.113Z","EventRecordID":"4057","EventID":91,"Message":"Creating WSMan shell on server with ResourceUri: http://schemas.microsoft.com/powershell/Microsoft.PowerShell","EventData":"\u003cEventData xmlns=\"http://schemas.microsoft.com/win/2004/08/events/event\"\u003e\u003cData Name=\"resourceUri\"\u003ehttp://schemas.microsoft.com/powershell/Microsoft.PowerShell\u003c/Data\u003e\u003c/EventData\u003e","Task":9}
