{"CreationTime":"2023-07-23T06:48:19","Id":"7d1a3ff8-825a-4ddf-4215-08db8b48cccf","Operation":"Set-CASMailbox","OrganizationId":"8d4121ed-0008-406d-bff9-0d5bb312183c","RecordType":1,"ResultStatus":"True","UserKey":"10032002643F6746","UserType":2,"Version":1,"Workload":"Exchange","ClientIP":"[2a09:bac5:111:105::1a:89]:25138","ObjectId":"f23cb258-50ca-4092-9027-5c4ca2f1d999","UserId":"stinger@contoso.onmicrosoft.com","AppId":"fb78d390-0c51-40cd-8e17-fdbfab77341b","ClientAppId":"","ExternalAccess":false,"OrganizationName":"contoso.onmicrosoft.com","OriginatingServer":"TYUPR03MB7029 (15.20.6609.024)","Parameters":[{"Name":"Identity","Value":"Lidia@contoso.onmicrosoft.com"},{"Name":"ImapEnabled","Value":"True"},{"Name":"PopEnabled","Value":"True"},{"Name":"OWAEnabled","Value":"True"}],"SessionId":"1585af87-09a5-41dc-8848-8d7663023ee8"}
