<Backups xmlns="http://www.microsoft.com/GroupPolicy/GPOOperations/Manifest" xmlns:mfst="http://www.microsoft.com/GroupPolicy/GPOOperations/Manifest" mfst:version="1.0"><BackupInst><GPOGuid><![CDATA[{ada164a2-1aa5-4ba9-a31d-64e03203f749}]]></GPOGuid><GPODomain><![CDATA[shire.com]]></GPODomain><GPODomainGuid><![CDATA[{0071b080-6b81-498b-b00b-51b45474a348}]]></GPODomainGuid><GPODomainController><![CDATA[HFDC01.shire.com]]></GPODomainController><BackupTime><![CDATA[2019-05-15T11:28:02]]></BackupTime><ID><![CDATA[{7517E8C4-7263-4DB9-81C9-C350D6D7F67C}]]></ID><Comment><![CDATA[]]></Comment><GPODisplayName><![CDATA[Adjusting Time Rights]]></GPODisplayName></BackupInst></Backups>