[{"EventSourceName":"Microsoft-Windows-Sysmon","Provider":"Microsoft-Windows-Sysmon","ProviderGuid":"{5770385f-c22a-43e0-bf4c-06f5698ffbd9}","Level":"4","Keywords":"0x8000000000000000","Channel":"Microsoft-Windows-Sysmon/Operational","Computer":"WORKSTATION6.mssentinel.local","TimeCreated":"2022-09-21T03:53:53.131Z","TimeGenerated":"2022-09-21T07:53:53.131Z","EventRecordID":"2396012","EventID":1,"Message":"Process Create:\r\nRuleName: -\r\nUtcTime: 2022-09-21 19:53:53.119\r\nProcessGuid: {03bfca49-6bd1-632b-f713-000000000a00}\r\nProcessId: 1380\r\nImage: C:\\ProgramData\\MiniDump.exe\r\nFileVersion: -\r\nDescription: -\r\nProduct: -\r\nCompany: -\r\nOriginalFileName: -\r\nCommandLine: MiniDump.exe\r\nCurrentDirectory: C:\\ProgramData\\\r\nUser: WORKSTATION6\\wardog\r\nLogonGuid: {03bfca49-8d49-632a-12da-0e0000000000}\r\nLogonId: 0xEDA12\r\nTerminalSessionId: 2\r\nIntegrityLevel: High\r\nHashes: SHA1=B856F01854AE7361AC3CCCDF9A36ED62E5CC67A2,MD5=41237D357C38025093AEF255B6CFDD96,SHA256=9A1F8B64B440086705B75787F78281F6C5198903F83A59161A48035DB8536057,IMPHASH=C4A355B16E480432A8887D41BD0E3FE7\r\nParentProcessGuid: {03bfca49-6358-632b-8612-000000000a00}\r\nParentProcessId: 7004\r\nParentImage: C:\\Windows\\System32\\cmd.exe\r\nParentCommandLine: \"C:\\Windows\\system32\\cmd.exe\" \r\nParentUser: WORKSTATION6\\wardog","EventData":"\u003cEventData xmlns=\"http://schemas.microsoft.com/win/2004/08/events/event\"\u003e\u003cData Name=\"RuleName\"\u003e-\u003c/Data\u003e\u003cData Name=\"UtcTime\"\u003e2022-09-21 19:53:53.119\u003c/Data\u003e\u003cData Name=\"ProcessGuid\"\u003e{03bfca49-6bd1-632b-f713-000000000a00}\u003c/Data\u003e\u003cData Name=\"ProcessId\"\u003e1380\u003c/Data\u003e\u003cData Name=\"Image\"\u003eC:\\ProgramData\\MiniDump.exe\u003c/Data\u003e\u003cData Name=\"FileVersion\"\u003e-\u003c/Data\u003e\u003cData Name=\"Description\"\u003e-\u003c/Data\u003e\u003cData Name=\"Product\"\u003e-\u003c/Data\u003e\u003cData Name=\"Company\"\u003e-\u003c/Data\u003e\u003cData Name=\"OriginalFileName\"\u003e-\u003c/Data\u003e\u003cData Name=\"CommandLine\"\u003eMiniDump.exe\u003c/Data\u003e\u003cData Name=\"CurrentDirectory\"\u003eC:\\ProgramData\\\u003c/Data\u003e\u003cData Name=\"User\"\u003eWORKSTATION6\\wardog\u003c/Data\u003e\u003cData Name=\"LogonGuid\"\u003e{03bfca49-8d49-632a-12da-0e0000000000}\u003c/Data\u003e\u003cData Name=\"LogonId\"\u003e0xeda12\u003c/Data\u003e\u003cData Name=\"TerminalSessionId\"\u003e2\u003c/Data\u003e\u003cData Name=\"IntegrityLevel\"\u003eHigh\u003c/Data\u003e\u003cData Name=\"Hashes\"\u003eSHA1=B856F01854AE7361AC3CCCDF9A36ED62E5CC67A2,MD5=41237D357C38025093AEF255B6CFDD96,SHA256=9A1F8B64B440086705B75787F78281F6C5198903F83A59161A48035DB8536057,IMPHASH=C4A355B16E480432A8887D41BD0E3FE7\u003c/Data\u003e\u003cData Name=\"ParentProcessGuid\"\u003e{03bfca49-6358-632b-8612-000000000a00}\u003c/Data\u003e\u003cData Name=\"ParentProcessId\"\u003e7004\u003c/Data\u003e\u003cData Name=\"ParentImage\"\u003eC:\\Windows\\System32\\cmd.exe\u003c/Data\u003e\u003cData Name=\"ParentCommandLine\"\u003e\"C:\\Windows\\system32\\cmd.exe\" \u003c/Data\u003e\u003cData Name=\"ParentUser\"\u003eWORKSTATION6\\wardog\u003c/Data\u003e\u003c/EventData\u003e","Task":"1","RuleName":"-","UtcTime":"2022-09-21 19:53:53.119","ProcessGuid":"{03bfca49-6bd1-632b-f713-000000000a00}","ProcessId":"1380","Image":"C:\\ProgramData\\MiniDump.exe","FileVersion":"-","Description":"-","Product":"-","Company":"-","OriginalFileName":"-","CommandLine":"MiniDump.exe","CurrentDirectory":"C:\\ProgramData\\","User":"WORKSTATION6\\wardog","LogonGuid":"{03bfca49-8d49-632a-12da-0e0000000000}","LogonId":"0xeda12","TerminalSessionId":"2","IntegrityLevel":"High","Hashes":"SHA1=B856F01854AE7361AC3CCCDF9A36ED62E5CC67A2,MD5=41237D357C38025093AEF255B6CFDD96,SHA256=9A1F8B64B440086705B75787F78281F6C5198903F83A59161A48035DB8536057,IMPHASH=C4A355B16E480432A8887D41BD0E3FE7","ParentProcessGuid":"{03bfca49-6358-632b-8612-000000000a00}","ParentProcessId":"7004","ParentImage":"C:\\Windows\\System32\\cmd.exe","ParentCommandLine":"\"C:\\Windows\\system32\\cmd.exe\" ","ParentUser":"WORKSTATION6\\wardog"},{"EventSourceName":"Microsoft-Windows-Sysmon","Provider":"Microsoft-Windows-Sysmon","ProviderGuid":"{5770385f-c22a-43e0-bf4c-06f5698ffbd9}","Level":"4","Keywords":"0x8000000000000000","Channel":"Microsoft-Windows-Sysmon/Operational","Computer":"WORKSTATION6.mssentinel.local","TimeCreated":"2022-09-21T03:53:53.131Z","TimeGenerated":"2022-09-21T07:53:53.131Z","EventRecordID":"2396013","EventID":10,"Message":"Process accessed:\r\nRuleName: -\r\nUtcTime: 2022-09-21 19:53:53.116\r\nSourceProcessGUID: {03bfca49-6358-632b-8612-000000000a00}\r\nSourceProcessId: 7004\r\nSourceThreadId: 8040\r\nSourceImage: C:\\Windows\\system32\\cmd.exe\r\nTargetProcessGUID: {03bfca49-6bd1-632b-f713-000000000a00}\r\nTargetProcessId: 1380\r\nTargetImage: C:\\ProgramData\\MiniDump.exe\r\nGrantedAccess: 0x1FFFFF\r\nCallTrace: C:\\Windows\\SYSTEM32\\ntdll.dll+9e664|C:\\Windows\\System32\\KERNELBASE.dll+8e73|C:\\Windows\\System32\\KERNELBASE.dll+71a6|C:\\Windows\\System32\\KERNEL32.DLL+1cbb4|C:\\Windows\\system32\\cmd.exe+14486|C:\\Windows\\system32\\cmd.exe+15b7f|C:\\Windows\\system32\\cmd.exe+c9bd|C:\\Windows\\system32\\cmd.exe+bea1|C:\\Windows\\system32\\cmd.exe+1ebf0|C:\\Windows\\system32\\cmd.exe+18ecd|C:\\Windows\\System32\\KERNEL32.DLL+17034|C:\\Windows\\SYSTEM32\\ntdll.dll+52651\r\nSourceUser: WORKSTATION6\\wardog\r\nTargetUser: WORKSTATION6\\wardog","EventData":"\u003cEventData xmlns=\"http://schemas.microsoft.com/win/2004/08/events/event\"\u003e\u003cData Name=\"RuleName\"\u003e-\u003c/Data\u003e\u003cData Name=\"UtcTime\"\u003e2022-09-21 19:53:53.116\u003c/Data\u003e\u003cData Name=\"SourceProcessGUID\"\u003e{03bfca49-6358-632b-8612-000000000a00}\u003c/Data\u003e\u003cData Name=\"SourceProcessId\"\u003e7004\u003c/Data\u003e\u003cData Name=\"SourceThreadId\"\u003e8040\u003c/Data\u003e\u003cData Name=\"SourceImage\"\u003eC:\\Windows\\system32\\cmd.exe\u003c/Data\u003e\u003cData Name=\"TargetProcessGUID\"\u003e{03bfca49-6bd1-632b-f713-000000000a00}\u003c/Data\u003e\u003cData Name=\"TargetProcessId\"\u003e1380\u003c/Data\u003e\u003cData Name=\"TargetImage\"\u003eC:\\ProgramData\\MiniDump.exe\u003c/Data\u003e\u003cData Name=\"GrantedAccess\"\u003e0x1fffff\u003c/Data\u003e\u003cData Name=\"CallTrace\"\u003eC:\\Windows\\SYSTEM32\\ntdll.dll+9e664|C:\\Windows\\System32\\KERNELBASE.dll+8e73|C:\\Windows\\System32\\KERNELBASE.dll+71a6|C:\\Windows\\System32\\KERNEL32.DLL+1cbb4|C:\\Windows\\system32\\cmd.exe+14486|C:\\Windows\\system32\\cmd.exe+15b7f|C:\\Windows\\system32\\cmd.exe+c9bd|C:\\Windows\\system32\\cmd.exe+bea1|C:\\Windows\\system32\\cmd.exe+1ebf0|C:\\Windows\\system32\\cmd.exe+18ecd|C:\\Windows\\System32\\KERNEL32.DLL+17034|C:\\Windows\\SYSTEM32\\ntdll.dll+52651\u003c/Data\u003e\u003cData Name=\"SourceUser\"\u003eWORKSTATION6\\wardog\u003c/Data\u003e\u003cData Name=\"TargetUser\"\u003eWORKSTATION6\\wardog\u003c/Data\u003e\u003c/EventData\u003e","Task":"10","RuleName":"-","UtcTime":"2022-09-21 19:53:53.116","SourceProcessGUID":"{03bfca49-6358-632b-8612-000000000a00}","SourceProcessId":"7004","SourceThreadId":"8040","SourceImage":"C:\\Windows\\system32\\cmd.exe","TargetProcessGUID":"{03bfca49-6bd1-632b-f713-000000000a00}","TargetProcessId":"1380","TargetImage":"C:\\ProgramData\\MiniDump.exe","GrantedAccess":"0x1fffff","CallTrace":"C:\\Windows\\SYSTEM32\\ntdll.dll+9e664|C:\\Windows\\System32\\KERNELBASE.dll+8e73|C:\\Windows\\System32\\KERNELBASE.dll+71a6|C:\\Windows\\System32\\KERNEL32.DLL+1cbb4|C:\\Windows\\system32\\cmd.exe+14486|C:\\Windows\\system32\\cmd.exe+15b7f|C:\\Windows\\system32\\cmd.exe+c9bd|C:\\Windows\\system32\\cmd.exe+bea1|C:\\Windows\\system32\\cmd.exe+1ebf0|C:\\Windows\\system32\\cmd.exe+18ecd|C:\\Windows\\System32\\KERNEL32.DLL+17034|C:\\Windows\\SYSTEM32\\ntdll.dll+52651","SourceUser":"WORKSTATION6\\wardog","TargetUser":"WORKSTATION6\\wardog"},{"EventSourceName":"Microsoft-Windows-Sysmon","Provider":"Microsoft-Windows-Sysmon","ProviderGuid":"{5770385f-c22a-43e0-bf4c-06f5698ffbd9}","Level":"4","Keywords":"0x8000000000000000","Channel":"Microsoft-Windows-Sysmon/Operational","Computer":"WORKSTATION6.mssentinel.local","TimeCreated":"2022-09-21T03:53:53.131Z","TimeGenerated":"2022-09-21T07:53:53.131Z","EventRecordID":"2396014","EventID":10,"Message":"Process accessed:\r\nRuleName: -\r\nUtcTime: 2022-09-21 19:53:53.116\r\nSourceProcessGUID: {03bfca49-8d46-632a-aa00-000000000a00}\r\nSourceProcessId: 5896\r\nSourceThreadId: 6068\r\nSourceImage: C:\\Windows\\system32\\csrss.exe\r\nTargetProcessGUID: {03bfca49-6bd1-632b-f713-000000000a00}\r\nTargetProcessId: 1380\r\nTargetImage: C:\\ProgramData\\MiniDump.exe\r\nGrantedAccess: 0x1FFFFF\r\nCallTrace: C:\\Windows\\SYSTEM32\\ntdll.dll+9d234|C:\\Windows\\system32\\basesrv.DLL+326f|C:\\Windows\\SYSTEM32\\CSRSRV.dll+6490|C:\\Windows\\SYSTEM32\\ntdll.dll+5265f\r\nSourceUser: NT AUTHORITY\\SYSTEM\r\nTargetUser: WORKSTATION6\\wardog","EventData":"\u003cEventData xmlns=\"http://schemas.microsoft.com/win/2004/08/events/event\"\u003e\u003cData Name=\"RuleName\"\u003e-\u003c/Data\u003e\u003cData Name=\"UtcTime\"\u003e2022-09-21 19:53:53.116\u003c/Data\u003e\u003cData Name=\"SourceProcessGUID\"\u003e{03bfca49-8d46-632a-aa00-000000000a00}\u003c/Data\u003e\u003cData Name=\"SourceProcessId\"\u003e5896\u003c/Data\u003e\u003cData Name=\"SourceThreadId\"\u003e6068\u003c/Data\u003e\u003cData Name=\"SourceImage\"\u003eC:\\Windows\\system32\\csrss.exe\u003c/Data\u003e\u003cData Name=\"TargetProcessGUID\"\u003e{03bfca49-6bd1-632b-f713-000000000a00}\u003c/Data\u003e\u003cData Name=\"TargetProcessId\"\u003e1380\u003c/Data\u003e\u003cData Name=\"TargetImage\"\u003eC:\\ProgramData\\MiniDump.exe\u003c/Data\u003e\u003cData Name=\"GrantedAccess\"\u003e0x1fffff\u003c/Data\u003e\u003cData Name=\"CallTrace\"\u003eC:\\Windows\\SYSTEM32\\ntdll.dll+9d234|C:\\Windows\\system32\\basesrv.DLL+326f|C:\\Windows\\SYSTEM32\\CSRSRV.dll+6490|C:\\Windows\\SYSTEM32\\ntdll.dll+5265f\u003c/Data\u003e\u003cData Name=\"SourceUser\"\u003eNT AUTHORITY\\SYSTEM\u003c/Data\u003e\u003cData Name=\"TargetUser\"\u003eWORKSTATION6\\wardog\u003c/Data\u003e\u003c/EventData\u003e","Task":"10","RuleName":"-","UtcTime":"2022-09-21 19:53:53.116","SourceProcessGUID":"{03bfca49-8d46-632a-aa00-000000000a00}","SourceProcessId":"5896","SourceThreadId":"6068","SourceImage":"C:\\Windows\\system32\\csrss.exe","TargetProcessGUID":"{03bfca49-6bd1-632b-f713-000000000a00}","TargetProcessId":"1380","TargetImage":"C:\\ProgramData\\MiniDump.exe","GrantedAccess":"0x1fffff","CallTrace":"C:\\Windows\\SYSTEM32\\ntdll.dll+9d234|C:\\Windows\\system32\\basesrv.DLL+326f|C:\\Windows\\SYSTEM32\\CSRSRV.dll+6490|C:\\Windows\\SYSTEM32\\ntdll.dll+5265f","SourceUser":"NT AUTHORITY\\SYSTEM","TargetUser":"WORKSTATION6\\wardog"},{"EventSourceName":"Microsoft-Windows-Sysmon","Provider":"Microsoft-Windows-Sysmon","ProviderGuid":"{5770385f-c22a-43e0-bf4c-06f5698ffbd9}","Level":"4","Keywords":"0x8000000000000000","Channel":"Microsoft-Windows-Sysmon/Operational","Computer":"WORKSTATION6.mssentinel.local","TimeCreated":"2022-09-21T03:53:53.137Z","TimeGenerated":"2022-09-21T07:53:53.137Z","EventRecordID":"2396015","EventID":7,"Message":"Image loaded:\r\nRuleName: -\r\nUtcTime: 2022-09-21 19:53:53.132\r\nProcessGuid: {03bfca49-6bd1-632b-f713-000000000a00}\r\nProcessId: 1380\r\nImage: C:\\ProgramData\\MiniDump.exe\r\nImageLoaded: C:\\ProgramData\\MiniDump.exe\r\nFileVersion: -\r\nDescription: -\r\nProduct: -\r\nCompany: -\r\nOriginalFileName: -\r\nHashes: SHA1=B856F01854AE7361AC3CCCDF9A36ED62E5CC67A2,MD5=41237D357C38025093AEF255B6CFDD96,SHA256=9A1F8B64B440086705B75787F78281F6C5198903F83A59161A48035DB8536057,IMPHASH=C4A355B16E480432A8887D41BD0E3FE7\r\nSigned: false\r\nSignature: -\r\nSignatureStatus: Unavailable\r\nUser: WORKSTATION6\\wardog","EventData":"\u003cEventData xmlns=\"http://schemas.microsoft.com/win/2004/08/events/event\"\u003e\u003cData Name=\"RuleName\"\u003e-\u003c/Data\u003e\u003cData Name=\"UtcTime\"\u003e2022-09-21 19:53:53.132\u003c/Data\u003e\u003cData Name=\"ProcessGuid\"\u003e{03bfca49-6bd1-632b-f713-000000000a00}\u003c/Data\u003e\u003cData Name=\"ProcessId\"\u003e1380\u003c/Data\u003e\u003cData Name=\"Image\"\u003eC:\\ProgramData\\MiniDump.exe\u003c/Data\u003e\u003cData Name=\"ImageLoaded\"\u003eC:\\ProgramData\\MiniDump.exe\u003c/Data\u003e\u003cData Name=\"FileVersion\"\u003e-\u003c/Data\u003e\u003cData Name=\"Description\"\u003e-\u003c/Data\u003e\u003cData Name=\"Product\"\u003e-\u003c/Data\u003e\u003cData Name=\"Company\"\u003e-\u003c/Data\u003e\u003cData Name=\"OriginalFileName\"\u003e-\u003c/Data\u003e\u003cData Name=\"Hashes\"\u003eSHA1=B856F01854AE7361AC3CCCDF9A36ED62E5CC67A2,MD5=41237D357C38025093AEF255B6CFDD96,SHA256=9A1F8B64B440086705B75787F78281F6C5198903F83A59161A48035DB8536057,IMPHASH=C4A355B16E480432A8887D41BD0E3FE7\u003c/Data\u003e\u003cData Name=\"Signed\"\u003efalse\u003c/Data\u003e\u003cData Name=\"Signature\"\u003e-\u003c/Data\u003e\u003cData Name=\"SignatureStatus\"\u003eUnavailable\u003c/Data\u003e\u003cData Name=\"User\"\u003eWORKSTATION6\\wardog\u003c/Data\u003e\u003c/EventData\u003e","Task":"7","RuleName":"-","UtcTime":"2022-09-21 19:53:53.132","ProcessGuid":"{03bfca49-6bd1-632b-f713-000000000a00}","ProcessId":"1380","Image":"C:\\ProgramData\\MiniDump.exe","ImageLoaded":"C:\\ProgramData\\MiniDump.exe","FileVersion":"-","Description":"-","Product":"-","Company":"-","OriginalFileName":"-","Hashes":"SHA1=B856F01854AE7361AC3CCCDF9A36ED62E5CC67A2,MD5=41237D357C38025093AEF255B6CFDD96,SHA256=9A1F8B64B440086705B75787F78281F6C5198903F83A59161A48035DB8536057,IMPHASH=C4A355B16E480432A8887D41BD0E3FE7","Signed":"false","Signature":"-","SignatureStatus":"Unavailable","User":"WORKSTATION6\\wardog"},{"EventSourceName":"Microsoft-Windows-Sysmon","Provider":"Microsoft-Windows-Sysmon","ProviderGuid":"{5770385f-c22a-43e0-bf4c-06f5698ffbd9}","Level":"4","Keywords":"0x8000000000000000","Channel":"Microsoft-Windows-Sysmon/Operational","Computer":"WORKSTATION6.mssentinel.local","TimeCreated":"2022-09-21T03:53:53.138Z","TimeGenerated":"2022-09-21T07:53:53.138Z","EventRecordID":"2396016","EventID":7,"Message":"Image loaded:\r\nRuleName: -\r\nUtcTime: 2022-09-21 19:53:53.132\r\nProcessGuid: {03bfca49-6bd1-632b-f713-000000000a00}\r\nProcessId: 1380\r\nImage: C:\\ProgramData\\MiniDump.exe\r\nImageLoaded: C:\\Windows\\System32\\ntdll.dll\r\nFileVersion: 10.0.19041.1288 (WinBuild.160101.0800)\r\nDescription: NT Layer DLL\r\nProduct: Microsoft® Windows® Operating System\r\nCompany: Microsoft Corporation\r\nOriginalFileName: ntdll.dll\r\nHashes: SHA1=63E6167944DF951AD2D279D0B64E37BF2F604C07,MD5=47CCB0E28D73F695C5D5266FFBB300EC,SHA256=12D1BAC765448DB638ADC8327DE1101E5E2EB5829B8DA7EDD5B216A45C717EEC,IMPHASH=00000000000000000000000000000000\r\nSigned: true\r\nSignature: Microsoft Windows\r\nSignatureStatus: Valid\r\nUser: WORKSTATION6\\wardog","EventData":"\u003cEventData xmlns=\"http://schemas.microsoft.com/win/2004/08/events/event\"\u003e\u003cData Name=\"RuleName\"\u003e-\u003c/Data\u003e\u003cData Name=\"UtcTime\"\u003e2022-09-21 19:53:53.132\u003c/Data\u003e\u003cData Name=\"ProcessGuid\"\u003e{03bfca49-6bd1-632b-f713-000000000a00}\u003c/Data\u003e\u003cData Name=\"ProcessId\"\u003e1380\u003c/Data\u003e\u003cData Name=\"Image\"\u003eC:\\ProgramData\\MiniDump.exe\u003c/Data\u003e\u003cData Name=\"ImageLoaded\"\u003eC:\\Windows\\System32\\ntdll.dll\u003c/Data\u003e\u003cData Name=\"FileVersion\"\u003e10.0.19041.1288 (WinBuild.160101.0800)\u003c/Data\u003e\u003cData Name=\"Description\"\u003eNT Layer DLL\u003c/Data\u003e\u003cData Name=\"Product\"\u003eMicrosoft® Windows® Operating System\u003c/Data\u003e\u003cData Name=\"Company\"\u003eMicrosoft Corporation\u003c/Data\u003e\u003cData Name=\"OriginalFileName\"\u003entdll.dll\u003c/Data\u003e\u003cData Name=\"Hashes\"\u003eSHA1=63E6167944DF951AD2D279D0B64E37BF2F604C07,MD5=47CCB0E28D73F695C5D5266FFBB300EC,SHA256=12D1BAC765448DB638ADC8327DE1101E5E2EB5829B8DA7EDD5B216A45C717EEC,IMPHASH=00000000000000000000000000000000\u003c/Data\u003e\u003cData Name=\"Signed\"\u003etrue\u003c/Data\u003e\u003cData Name=\"Signature\"\u003eMicrosoft Windows\u003c/Data\u003e\u003cData Name=\"SignatureStatus\"\u003eValid\u003c/Data\u003e\u003cData Name=\"User\"\u003eWORKSTATION6\\wardog\u003c/Data\u003e\u003c/EventData\u003e","Task":"7","RuleName":"-","UtcTime":"2022-09-21 19:53:53.132","ProcessGuid":"{03bfca49-6bd1-632b-f713-000000000a00}","ProcessId":"1380","Image":"C:\\ProgramData\\MiniDump.exe","ImageLoaded":"C:\\Windows\\System32\\ntdll.dll","FileVersion":"10.0.19041.1288 (WinBuild.160101.0800)","Description":"NT Layer DLL","Product":"Microsoft® Windows® Operating System","Company":"Microsoft Corporation","OriginalFileName":"ntdll.dll","Hashes":"SHA1=63E6167944DF951AD2D279D0B64E37BF2F604C07,MD5=47CCB0E28D73F695C5D5266FFBB300EC,SHA256=12D1BAC765448DB638ADC8327DE1101E5E2EB5829B8DA7EDD5B216A45C717EEC,IMPHASH=00000000000000000000000000000000","Signed":"true","Signature":"Microsoft Windows","SignatureStatus":"Valid","User":"WORKSTATION6\\wardog"},{"EventSourceName":"Microsoft-Windows-Sysmon","Provider":"Microsoft-Windows-Sysmon","ProviderGuid":"{5770385f-c22a-43e0-bf4c-06f5698ffbd9}","Level":"4","Keywords":"0x8000000000000000","Channel":"Microsoft-Windows-Sysmon/Operational","Computer":"WORKSTATION6.mssentinel.local","TimeCreated":"2022-09-21T03:53:53.140Z","TimeGenerated":"2022-09-21T07:53:53.140Z","EventRecordID":"2396017","EventID":7,"Message":"Image loaded:\r\nRuleName: -\r\nUtcTime: 2022-09-21 19:53:53.132\r\nProcessGuid: {03bfca49-6bd1-632b-f713-000000000a00}\r\nProcessId: 1380\r\nImage: C:\\ProgramData\\MiniDump.exe\r\nImageLoaded: C:\\Windows\\System32\\kernel32.dll\r\nFileVersion: 10.0.19041.1348 (WinBuild.160101.0800)\r\nDescription: Windows NT BASE API Client DLL\r\nProduct: Microsoft® Windows® Operating System\r\nCompany: Microsoft Corporation\r\nOriginalFileName: kernel32\r\nHashes: SHA1=25DC8EBBAFBE5503DD1B863FADE063F93E350261,MD5=6CECC33A62E935F5E8665B9597479A36,SHA256=FFB8182763C23B8ABCEF35E85291422A1D6D165A0F4407BC68FFED0A58A2D03C,IMPHASH=D4DB3FB69E1EAF44E96269F1A467DCB9\r\nSigned: true\r\nSignature: Microsoft Windows\r\nSignatureStatus: Valid\r\nUser: WORKSTATION6\\wardog","EventData":"\u003cEventData xmlns=\"http://schemas.microsoft.com/win/2004/08/events/event\"\u003e\u003cData Name=\"RuleName\"\u003e-\u003c/Data\u003e\u003cData Name=\"UtcTime\"\u003e2022-09-21 19:53:53.132\u003c/Data\u003e\u003cData Name=\"ProcessGuid\"\u003e{03bfca49-6bd1-632b-f713-000000000a00}\u003c/Data\u003e\u003cData Name=\"ProcessId\"\u003e1380\u003c/Data\u003e\u003cData Name=\"Image\"\u003eC:\\ProgramData\\MiniDump.exe\u003c/Data\u003e\u003cData Name=\"ImageLoaded\"\u003eC:\\Windows\\System32\\kernel32.dll\u003c/Data\u003e\u003cData Name=\"FileVersion\"\u003e10.0.19041.1348 (WinBuild.160101.0800)\u003c/Data\u003e\u003cData Name=\"Description\"\u003eWindows NT BASE API Client DLL\u003c/Data\u003e\u003cData Name=\"Product\"\u003eMicrosoft® Windows® Operating System\u003c/Data\u003e\u003cData Name=\"Company\"\u003eMicrosoft Corporation\u003c/Data\u003e\u003cData Name=\"OriginalFileName\"\u003ekernel32\u003c/Data\u003e\u003cData Name=\"Hashes\"\u003eSHA1=25DC8EBBAFBE5503DD1B863FADE063F93E350261,MD5=6CECC33A62E935F5E8665B9597479A36,SHA256=FFB8182763C23B8ABCEF35E85291422A1D6D165A0F4407BC68FFED0A58A2D03C,IMPHASH=D4DB3FB69E1EAF44E96269F1A467DCB9\u003c/Data\u003e\u003cData Name=\"Signed\"\u003etrue\u003c/Data\u003e\u003cData Name=\"Signature\"\u003eMicrosoft Windows\u003c/Data\u003e\u003cData Name=\"SignatureStatus\"\u003eValid\u003c/Data\u003e\u003cData Name=\"User\"\u003eWORKSTATION6\\wardog\u003c/Data\u003e\u003c/EventData\u003e","Task":"7","RuleName":"-","UtcTime":"2022-09-21 19:53:53.132","ProcessGuid":"{03bfca49-6bd1-632b-f713-000000000a00}","ProcessId":"1380","Image":"C:\\ProgramData\\MiniDump.exe","ImageLoaded":"C:\\Windows\\System32\\kernel32.dll","FileVersion":"10.0.19041.1348 (WinBuild.160101.0800)","Description":"Windows NT BASE API Client DLL","Product":"Microsoft® Windows® Operating System","Company":"Microsoft Corporation","OriginalFileName":"kernel32","Hashes":"SHA1=25DC8EBBAFBE5503DD1B863FADE063F93E350261,MD5=6CECC33A62E935F5E8665B9597479A36,SHA256=FFB8182763C23B8ABCEF35E85291422A1D6D165A0F4407BC68FFED0A58A2D03C,IMPHASH=D4DB3FB69E1EAF44E96269F1A467DCB9","Signed":"true","Signature":"Microsoft Windows","SignatureStatus":"Valid","User":"WORKSTATION6\\wardog"},{"EventSourceName":"Microsoft-Windows-Sysmon","Provider":"Microsoft-Windows-Sysmon","ProviderGuid":"{5770385f-c22a-43e0-bf4c-06f5698ffbd9}","Level":"4","Keywords":"0x8000000000000000","Channel":"Microsoft-Windows-Sysmon/Operational","Computer":"WORKSTATION6.mssentinel.local","TimeCreated":"2022-09-21T03:53:53.140Z","TimeGenerated":"2022-09-21T07:53:53.140Z","EventRecordID":"2396018","EventID":2,"Message":"File creation time changed:\r\nRuleName: -\r\nUtcTime: 2022-09-21 19:53:53.132\r\nProcessGuid: {03bfca49-8d8f-632a-2c01-000000000a00}\r\nProcessId: 5868\r\nImage: C:\\Packages\\Plugins\\Microsoft.Azure.Monitor.AzureMonitorWindowsAgent\\1.8.0.0\\Monitoring\\Agent\\MonAgentCore.exe\r\nTargetFilename: C:\\WindowsAzure\\Resources\\AMADataStore.WORKSTATION6\\Tables\\c16675718774393830178_9638034864256286016.tsf\r\nCreationUtcTime: 2022-09-21 19:53:53.132\r\nPreviousCreationUtcTime: 2022-09-21 19:53:33.364\r\nUser: NT AUTHORITY\\SYSTEM","EventData":"\u003cEventData xmlns=\"http://schemas.microsoft.com/win/2004/08/events/event\"\u003e\u003cData Name=\"RuleName\"\u003e-\u003c/Data\u003e\u003cData Name=\"UtcTime\"\u003e2022-09-21 19:53:53.132\u003c/Data\u003e\u003cData Name=\"ProcessGuid\"\u003e{03bfca49-8d8f-632a-2c01-000000000a00}\u003c/Data\u003e\u003cData Name=\"ProcessId\"\u003e5868\u003c/Data\u003e\u003cData Name=\"Image\"\u003eC:\\Packages\\Plugins\\Microsoft.Azure.Monitor.AzureMonitorWindowsAgent\\1.8.0.0\\Monitoring\\Agent\\MonAgentCore.exe\u003c/Data\u003e\u003cData Name=\"TargetFilename\"\u003eC:\\WindowsAzure\\Resources\\AMADataStore.WORKSTATION6\\Tables\\c16675718774393830178_9638034864256286016.tsf\u003c/Data\u003e\u003cData Name=\"CreationUtcTime\"\u003e2022-09-21 19:53:53.132\u003c/Data\u003e\u003cData Name=\"PreviousCreationUtcTime\"\u003e2022-09-21 19:53:33.364\u003c/Data\u003e\u003cData Name=\"User\"\u003eNT AUTHORITY\\SYSTEM\u003c/Data\u003e\u003c/EventData\u003e","Task":"2","RuleName":"-","UtcTime":"2022-09-21 19:53:53.132","ProcessGuid":"{03bfca49-8d8f-632a-2c01-000000000a00}","ProcessId":"5868","Image":"C:\\Packages\\Plugins\\Microsoft.Azure.Monitor.AzureMonitorWindowsAgent\\1.8.0.0\\Monitoring\\Agent\\MonAgentCore.exe","TargetFilename":"C:\\WindowsAzure\\Resources\\AMADataStore.WORKSTATION6\\Tables\\c16675718774393830178_9638034864256286016.tsf","CreationUtcTime":"2022-09-21 19:53:53.132","PreviousCreationUtcTime":"2022-09-21 19:53:33.364","User":"NT AUTHORITY\\SYSTEM"},{"EventSourceName":"Microsoft-Windows-Sysmon","Provider":"Microsoft-Windows-Sysmon","ProviderGuid":"{5770385f-c22a-43e0-bf4c-06f5698ffbd9}","Level":"4","Keywords":"0x8000000000000000","Channel":"Microsoft-Windows-Sysmon/Operational","Computer":"WORKSTATION6.mssentinel.local","TimeCreated":"2022-09-21T03:53:53.141Z","TimeGenerated":"2022-09-21T07:53:53.141Z","EventRecordID":"2396019","EventID":7,"Message":"Image loaded:\r\nRuleName: -\r\nUtcTime: 2022-09-21 19:53:53.132\r\nProcessGuid: {03bfca49-6bd1-632b-f713-000000000a00}\r\nProcessId: 1380\r\nImage: C:\\ProgramData\\MiniDump.exe\r\nImageLoaded: C:\\Windows\\System32\\KernelBase.dll\r\nFileVersion: 10.0.19041.1387 (WinBuild.160101.0800)\r\nDescription: Windows NT BASE API Client DLL\r\nProduct: Microsoft® Windows® Operating System\r\nCompany: Microsoft Corporation\r\nOriginalFileName: Kernelbase.dll\r\nHashes: SHA1=D680D512026558300F86909C2DC9AD47400A7C5C,MD5=245DD16913DF918752FCEBFED9415F7A,SHA256=9401B4E07CEC3474EFD8429C0DF3E3DE1C7FFF7C3E914E135FCDCE0962654F94,IMPHASH=A28B494D0C0C82F1EEF0999B1549C6A6\r\nSigned: true\r\nSignature: Microsoft Windows\r\nSignatureStatus: Valid\r\nUser: WORKSTATION6\\wardog","EventData":"\u003cEventData xmlns=\"http://schemas.microsoft.com/win/2004/08/events/event\"\u003e\u003cData Name=\"RuleName\"\u003e-\u003c/Data\u003e\u003cData Name=\"UtcTime\"\u003e2022-09-21 19:53:53.132\u003c/Data\u003e\u003cData Name=\"ProcessGuid\"\u003e{03bfca49-6bd1-632b-f713-000000000a00}\u003c/Data\u003e\u003cData Name=\"ProcessId\"\u003e1380\u003c/Data\u003e\u003cData Name=\"Image\"\u003eC:\\ProgramData\\MiniDump.exe\u003c/Data\u003e\u003cData Name=\"ImageLoaded\"\u003eC:\\Windows\\System32\\KernelBase.dll\u003c/Data\u003e\u003cData Name=\"FileVersion\"\u003e10.0.19041.1387 (WinBuild.160101.0800)\u003c/Data\u003e\u003cData Name=\"Description\"\u003eWindows NT BASE API Client DLL\u003c/Data\u003e\u003cData Name=\"Product\"\u003eMicrosoft® Windows® Operating System\u003c/Data\u003e\u003cData Name=\"Company\"\u003eMicrosoft Corporation\u003c/Data\u003e\u003cData Name=\"OriginalFileName\"\u003eKernelbase.dll\u003c/Data\u003e\u003cData Name=\"Hashes\"\u003eSHA1=D680D512026558300F86909C2DC9AD47400A7C5C,MD5=245DD16913DF918752FCEBFED9415F7A,SHA256=9401B4E07CEC3474EFD8429C0DF3E3DE1C7FFF7C3E914E135FCDCE0962654F94,IMPHASH=A28B494D0C0C82F1EEF0999B1549C6A6\u003c/Data\u003e\u003cData Name=\"Signed\"\u003etrue\u003c/Data\u003e\u003cData Name=\"Signature\"\u003eMicrosoft Windows\u003c/Data\u003e\u003cData Name=\"SignatureStatus\"\u003eValid\u003c/Data\u003e\u003cData Name=\"User\"\u003eWORKSTATION6\\wardog\u003c/Data\u003e\u003c/EventData\u003e","Task":"7","RuleName":"-","UtcTime":"2022-09-21 19:53:53.132","ProcessGuid":"{03bfca49-6bd1-632b-f713-000000000a00}","ProcessId":"1380","Image":"C:\\ProgramData\\MiniDump.exe","ImageLoaded":"C:\\Windows\\System32\\KernelBase.dll","FileVersion":"10.0.19041.1387 (WinBuild.160101.0800)","Description":"Windows NT BASE API Client DLL","Product":"Microsoft® Windows® Operating System","Company":"Microsoft Corporation","OriginalFileName":"Kernelbase.dll","Hashes":"SHA1=D680D512026558300F86909C2DC9AD47400A7C5C,MD5=245DD16913DF918752FCEBFED9415F7A,SHA256=9401B4E07CEC3474EFD8429C0DF3E3DE1C7FFF7C3E914E135FCDCE0962654F94,IMPHASH=A28B494D0C0C82F1EEF0999B1549C6A6","Signed":"true","Signature":"Microsoft Windows","SignatureStatus":"Valid","User":"WORKSTATION6\\wardog"},{"EventSourceName":"Microsoft-Windows-Sysmon","Provider":"Microsoft-Windows-Sysmon","ProviderGuid":"{5770385f-c22a-43e0-bf4c-06f5698ffbd9}","Level":"4","Keywords":"0x8000000000000000","Channel":"Microsoft-Windows-Sysmon/Operational","Computer":"WORKSTATION6.mssentinel.local","TimeCreated":"2022-09-21T03:53:53.142Z","TimeGenerated":"2022-09-21T07:53:53.142Z","EventRecordID":"2396020","EventID":10,"Message":"Process accessed:\r\nRuleName: -\r\nUtcTime: 2022-09-21 19:53:53.132\r\nSourceProcessGUID: {03bfca49-6358-632b-8712-000000000a00}\r\nSourceProcessId: 10812\r\nSourceThreadId: 4868\r\nSourceImage: C:\\Windows\\system32\\conhost.exe\r\nTargetProcessGUID: {03bfca49-6bd1-632b-f713-000000000a00}\r\nTargetProcessId: 1380\r\nTargetImage: C:\\ProgramData\\MiniDump.exe\r\nGrantedAccess: 0x1FFFFF\r\nCallTrace: C:\\Windows\\SYSTEM32\\ntdll.dll+9d234|C:\\Windows\\System32\\KERNELBASE.dll+2c0ce|C:\\Windows\\system32\\conhost.exe+b935|C:\\Windows\\system32\\conhost.exe+b831|C:\\Windows\\system32\\conhost.exe+16654|C:\\Windows\\system32\\conhost.exe+13cfc|C:\\Windows\\System32\\KERNEL32.DLL+17034|C:\\Windows\\SYSTEM32\\ntdll.dll+52651\r\nSourceUser: WORKSTATION6\\wardog\r\nTargetUser: WORKSTATION6\\wardog","EventData":"\u003cEventData xmlns=\"http://schemas.microsoft.com/win/2004/08/events/event\"\u003e\u003cData Name=\"RuleName\"\u003e-\u003c/Data\u003e\u003cData Name=\"UtcTime\"\u003e2022-09-21 19:53:53.132\u003c/Data\u003e\u003cData Name=\"SourceProcessGUID\"\u003e{03bfca49-6358-632b-8712-000000000a00}\u003c/Data\u003e\u003cData Name=\"SourceProcessId\"\u003e10812\u003c/Data\u003e\u003cData Name=\"SourceThreadId\"\u003e4868\u003c/Data\u003e\u003cData Name=\"SourceImage\"\u003eC:\\Windows\\system32\\conhost.exe\u003c/Data\u003e\u003cData Name=\"TargetProcessGUID\"\u003e{03bfca49-6bd1-632b-f713-000000000a00}\u003c/Data\u003e\u003cData Name=\"TargetProcessId\"\u003e1380\u003c/Data\u003e\u003cData Name=\"TargetImage\"\u003eC:\\ProgramData\\MiniDump.exe\u003c/Data\u003e\u003cData Name=\"GrantedAccess\"\u003e0x1fffff\u003c/Data\u003e\u003cData Name=\"CallTrace\"\u003eC:\\Windows\\SYSTEM32\\ntdll.dll+9d234|C:\\Windows\\System32\\KERNELBASE.dll+2c0ce|C:\\Windows\\system32\\conhost.exe+b935|C:\\Windows\\system32\\conhost.exe+b831|C:\\Windows\\system32\\conhost.exe+16654|C:\\Windows\\system32\\conhost.exe+13cfc|C:\\Windows\\System32\\KERNEL32.DLL+17034|C:\\Windows\\SYSTEM32\\ntdll.dll+52651\u003c/Data\u003e\u003cData Name=\"SourceUser\"\u003eWORKSTATION6\\wardog\u003c/Data\u003e\u003cData Name=\"TargetUser\"\u003eWORKSTATION6\\wardog\u003c/Data\u003e\u003c/EventData\u003e","Task":"10","RuleName":"-","UtcTime":"2022-09-21 19:53:53.132","SourceProcessGUID":"{03bfca49-6358-632b-8712-000000000a00}","SourceProcessId":"10812","SourceThreadId":"4868","SourceImage":"C:\\Windows\\system32\\conhost.exe","TargetProcessGUID":"{03bfca49-6bd1-632b-f713-000000000a00}","TargetProcessId":"1380","TargetImage":"C:\\ProgramData\\MiniDump.exe","GrantedAccess":"0x1fffff","CallTrace":"C:\\Windows\\SYSTEM32\\ntdll.dll+9d234|C:\\Windows\\System32\\KERNELBASE.dll+2c0ce|C:\\Windows\\system32\\conhost.exe+b935|C:\\Windows\\system32\\conhost.exe+b831|C:\\Windows\\system32\\conhost.exe+16654|C:\\Windows\\system32\\conhost.exe+13cfc|C:\\Windows\\System32\\KERNEL32.DLL+17034|C:\\Windows\\SYSTEM32\\ntdll.dll+52651","SourceUser":"WORKSTATION6\\wardog","TargetUser":"WORKSTATION6\\wardog"},{"EventSourceName":"Microsoft-Windows-Sysmon","Provider":"Microsoft-Windows-Sysmon","ProviderGuid":"{5770385f-c22a-43e0-bf4c-06f5698ffbd9}","Level":"4","Keywords":"0x8000000000000000","Channel":"Microsoft-Windows-Sysmon/Operational","Computer":"WORKSTATION6.mssentinel.local","TimeCreated":"2022-09-21T03:53:53.143Z","TimeGenerated":"2022-09-21T07:53:53.143Z","EventRecordID":"2396021","EventID":7,"Message":"Image loaded:\r\nRuleName: -\r\nUtcTime: 2022-09-21 19:53:53.132\r\nProcessGuid: {03bfca49-6bd1-632b-f713-000000000a00}\r\nProcessId: 1380\r\nImage: C:\\ProgramData\\MiniDump.exe\r\nImageLoaded: C:\\Windows\\System32\\advapi32.dll\r\nFileVersion: 10.0.19041.1052 (WinBuild.160101.0800)\r\nDescription: Advanced Windows 32 Base API\r\nProduct: Microsoft® Windows® Operating System\r\nCompany: Microsoft Corporation\r\nOriginalFileName: advapi32.dll\r\nHashes: SHA1=6CC13F29C70B41326832B2145E134568E5D9A3A7,MD5=E70A1568A400E71A8E644652FCA4C925,SHA256=E92F9F71BA5A405C5D1A51BD03D6F830F004ACA05B80B5BCF525514ECA4480EF,IMPHASH=6AAF6F02EEA8BCA6277AB2AABDA3266D\r\nSigned: true\r\nSignature: Microsoft Windows\r\nSignatureStatus: Valid\r\nUser: WORKSTATION6\\wardog","EventData":"\u003cEventData xmlns=\"http://schemas.microsoft.com/win/2004/08/events/event\"\u003e\u003cData Name=\"RuleName\"\u003e-\u003c/Data\u003e\u003cData Name=\"UtcTime\"\u003e2022-09-21 19:53:53.132\u003c/Data\u003e\u003cData Name=\"ProcessGuid\"\u003e{03bfca49-6bd1-632b-f713-000000000a00}\u003c/Data\u003e\u003cData Name=\"ProcessId\"\u003e1380\u003c/Data\u003e\u003cData Name=\"Image\"\u003eC:\\ProgramData\\MiniDump.exe\u003c/Data\u003e\u003cData Name=\"ImageLoaded\"\u003eC:\\Windows\\System32\\advapi32.dll\u003c/Data\u003e\u003cData Name=\"FileVersion\"\u003e10.0.19041.1052 (WinBuild.160101.0800)\u003c/Data\u003e\u003cData Name=\"Description\"\u003eAdvanced Windows 32 Base API\u003c/Data\u003e\u003cData Name=\"Product\"\u003eMicrosoft® Windows® Operating System\u003c/Data\u003e\u003cData Name=\"Company\"\u003eMicrosoft Corporation\u003c/Data\u003e\u003cData Name=\"OriginalFileName\"\u003eadvapi32.dll\u003c/Data\u003e\u003cData Name=\"Hashes\"\u003eSHA1=6CC13F29C70B41326832B2145E134568E5D9A3A7,MD5=E70A1568A400E71A8E644652FCA4C925,SHA256=E92F9F71BA5A405C5D1A51BD03D6F830F004ACA05B80B5BCF525514ECA4480EF,IMPHASH=6AAF6F02EEA8BCA6277AB2AABDA3266D\u003c/Data\u003e\u003cData Name=\"Signed\"\u003etrue\u003c/Data\u003e\u003cData Name=\"Signature\"\u003eMicrosoft Windows\u003c/Data\u003e\u003cData Name=\"SignatureStatus\"\u003eValid\u003c/Data\u003e\u003cData Name=\"User\"\u003eWORKSTATION6\\wardog\u003c/Data\u003e\u003c/EventData\u003e","Task":"7","RuleName":"-","UtcTime":"2022-09-21 19:53:53.132","ProcessGuid":"{03bfca49-6bd1-632b-f713-000000000a00}","ProcessId":"1380","Image":"C:\\ProgramData\\MiniDump.exe","ImageLoaded":"C:\\Windows\\System32\\advapi32.dll","FileVersion":"10.0.19041.1052 (WinBuild.160101.0800)","Description":"Advanced Windows 32 Base API","Product":"Microsoft® Windows® Operating System","Company":"Microsoft Corporation","OriginalFileName":"advapi32.dll","Hashes":"SHA1=6CC13F29C70B41326832B2145E134568E5D9A3A7,MD5=E70A1568A400E71A8E644652FCA4C925,SHA256=E92F9F71BA5A405C5D1A51BD03D6F830F004ACA05B80B5BCF525514ECA4480EF,IMPHASH=6AAF6F02EEA8BCA6277AB2AABDA3266D","Signed":"true","Signature":"Microsoft Windows","SignatureStatus":"Valid","User":"WORKSTATION6\\wardog"},{"EventSourceName":"Microsoft-Windows-Sysmon","Provider":"Microsoft-Windows-Sysmon","ProviderGuid":"{5770385f-c22a-43e0-bf4c-06f5698ffbd9}","Level":"4","Keywords":"0x8000000000000000","Channel":"Microsoft-Windows-Sysmon/Operational","Computer":"WORKSTATION6.mssentinel.local","TimeCreated":"2022-09-21T03:53:53.144Z","TimeGenerated":"2022-09-21T07:53:53.144Z","EventRecordID":"2396022","EventID":7,"Message":"Image loaded:\r\nRuleName: -\r\nUtcTime: 2022-09-21 19:53:53.132\r\nProcessGuid: {03bfca49-6bd1-632b-f713-000000000a00}\r\nProcessId: 1380\r\nImage: C:\\ProgramData\\MiniDump.exe\r\nImageLoaded: C:\\Windows\\System32\\msvcrt.dll\r\nFileVersion: 7.0.19041.546 (WinBuild.160101.0800)\r\nDescription: Windows NT CRT DLL\r\nProduct: Microsoft® Windows® Operating System\r\nCompany: Microsoft Corporation\r\nOriginalFileName: msvcrt.dll\r\nHashes: SHA1=5AFF4CFDEE689F127DF3C555281DC629D4D62318,MD5=A4F2D5942FB447CD48A5CEE414983E85,SHA256=DD7C8BC34CDBE30EF921395E874909BBF6BE53803822164F75F7207E9F085650,IMPHASH=1273683626EBBA703979F188A1E64237\r\nSigned: true\r\nSignature: Microsoft Windows\r\nSignatureStatus: Valid\r\nUser: WORKSTATION6\\wardog","EventData":"\u003cEventData xmlns=\"http://schemas.microsoft.com/win/2004/08/events/event\"\u003e\u003cData Name=\"RuleName\"\u003e-\u003c/Data\u003e\u003cData Name=\"UtcTime\"\u003e2022-09-21 19:53:53.132\u003c/Data\u003e\u003cData Name=\"ProcessGuid\"\u003e{03bfca49-6bd1-632b-f713-000000000a00}\u003c/Data\u003e\u003cData Name=\"ProcessId\"\u003e1380\u003c/Data\u003e\u003cData Name=\"Image\"\u003eC:\\ProgramData\\MiniDump.exe\u003c/Data\u003e\u003cData Name=\"ImageLoaded\"\u003eC:\\Windows\\System32\\msvcrt.dll\u003c/Data\u003e\u003cData Name=\"FileVersion\"\u003e7.0.19041.546 (WinBuild.160101.0800)\u003c/Data\u003e\u003cData Name=\"Description\"\u003eWindows NT CRT DLL\u003c/Data\u003e\u003cData Name=\"Product\"\u003eMicrosoft® Windows® Operating System\u003c/Data\u003e\u003cData Name=\"Company\"\u003eMicrosoft Corporation\u003c/Data\u003e\u003cData Name=\"OriginalFileName\"\u003emsvcrt.dll\u003c/Data\u003e\u003cData Name=\"Hashes\"\u003eSHA1=5AFF4CFDEE689F127DF3C555281DC629D4D62318,MD5=A4F2D5942FB447CD48A5CEE414983E85,SHA256=DD7C8BC34CDBE30EF921395E874909BBF6BE53803822164F75F7207E9F085650,IMPHASH=1273683626EBBA703979F188A1E64237\u003c/Data\u003e\u003cData Name=\"Signed\"\u003etrue\u003c/Data\u003e\u003cData Name=\"Signature\"\u003eMicrosoft Windows\u003c/Data\u003e\u003cData Name=\"SignatureStatus\"\u003eValid\u003c/Data\u003e\u003cData Name=\"User\"\u003eWORKSTATION6\\wardog\u003c/Data\u003e\u003c/EventData\u003e","Task":"7","RuleName":"-","UtcTime":"2022-09-21 19:53:53.132","ProcessGuid":"{03bfca49-6bd1-632b-f713-000000000a00}","ProcessId":"1380","Image":"C:\\ProgramData\\MiniDump.exe","ImageLoaded":"C:\\Windows\\System32\\msvcrt.dll","FileVersion":"7.0.19041.546 (WinBuild.160101.0800)","Description":"Windows NT CRT DLL","Product":"Microsoft® Windows® Operating System","Company":"Microsoft Corporation","OriginalFileName":"msvcrt.dll","Hashes":"SHA1=5AFF4CFDEE689F127DF3C555281DC629D4D62318,MD5=A4F2D5942FB447CD48A5CEE414983E85,SHA256=DD7C8BC34CDBE30EF921395E874909BBF6BE53803822164F75F7207E9F085650,IMPHASH=1273683626EBBA703979F188A1E64237","Signed":"true","Signature":"Microsoft Windows","SignatureStatus":"Valid","User":"WORKSTATION6\\wardog"},{"EventSourceName":"Microsoft-Windows-Sysmon","Provider":"Microsoft-Windows-Sysmon","ProviderGuid":"{5770385f-c22a-43e0-bf4c-06f5698ffbd9}","Level":"4","Keywords":"0x8000000000000000","Channel":"Microsoft-Windows-Sysmon/Operational","Computer":"WORKSTATION6.mssentinel.local","TimeCreated":"2022-09-21T03:53:53.145Z","TimeGenerated":"2022-09-21T07:53:53.145Z","EventRecordID":"2396023","EventID":7,"Message":"Image loaded:\r\nRuleName: -\r\nUtcTime: 2022-09-21 19:53:53.132\r\nProcessGuid: {03bfca49-6bd1-632b-f713-000000000a00}\r\nProcessId: 1380\r\nImage: C:\\ProgramData\\MiniDump.exe\r\nImageLoaded: C:\\Windows\\System32\\sechost.dll\r\nFileVersion: 10.0.19041.1415 (WinBuild.160101.0800)\r\nDescription: Host for SCM/SDDL/LSA Lookup APIs\r\nProduct: Microsoft® Windows® Operating System\r\nCompany: Microsoft Corporation\r\nOriginalFileName: sechost.dll\r\nHashes: SHA1=4647DEDAEBC09D873BAC4D7BBEC4ACBCAFD8E2BE,MD5=E9E5EEF6EBA8F6D7D76BE4A9B23E6F23,SHA256=5E800F8C7DF2980B674A2CAA93506320B67FDDBA57E4776BBF812CE82628C598,IMPHASH=CE4BD072766253F6A267D0284CA82002\r\nSigned: true\r\nSignature: Microsoft Windows\r\nSignatureStatus: Valid\r\nUser: WORKSTATION6\\wardog","EventData":"\u003cEventData xmlns=\"http://schemas.microsoft.com/win/2004/08/events/event\"\u003e\u003cData Name=\"RuleName\"\u003e-\u003c/Data\u003e\u003cData Name=\"UtcTime\"\u003e2022-09-21 19:53:53.132\u003c/Data\u003e\u003cData Name=\"ProcessGuid\"\u003e{03bfca49-6bd1-632b-f713-000000000a00}\u003c/Data\u003e\u003cData Name=\"ProcessId\"\u003e1380\u003c/Data\u003e\u003cData Name=\"Image\"\u003eC:\\ProgramData\\MiniDump.exe\u003c/Data\u003e\u003cData Name=\"ImageLoaded\"\u003eC:\\Windows\\System32\\sechost.dll\u003c/Data\u003e\u003cData Name=\"FileVersion\"\u003e10.0.19041.1415 (WinBuild.160101.0800)\u003c/Data\u003e\u003cData Name=\"Description\"\u003eHost for SCM/SDDL/LSA Lookup APIs\u003c/Data\u003e\u003cData Name=\"Product\"\u003eMicrosoft® Windows® Operating System\u003c/Data\u003e\u003cData Name=\"Company\"\u003eMicrosoft Corporation\u003c/Data\u003e\u003cData Name=\"OriginalFileName\"\u003esechost.dll\u003c/Data\u003e\u003cData Name=\"Hashes\"\u003eSHA1=4647DEDAEBC09D873BAC4D7BBEC4ACBCAFD8E2BE,MD5=E9E5EEF6EBA8F6D7D76BE4A9B23E6F23,SHA256=5E800F8C7DF2980B674A2CAA93506320B67FDDBA57E4776BBF812CE82628C598,IMPHASH=CE4BD072766253F6A267D0284CA82002\u003c/Data\u003e\u003cData Name=\"Signed\"\u003etrue\u003c/Data\u003e\u003cData Name=\"Signature\"\u003eMicrosoft Windows\u003c/Data\u003e\u003cData Name=\"SignatureStatus\"\u003eValid\u003c/Data\u003e\u003cData Name=\"User\"\u003eWORKSTATION6\\wardog\u003c/Data\u003e\u003c/EventData\u003e","Task":"7","RuleName":"-","UtcTime":"2022-09-21 19:53:53.132","ProcessGuid":"{03bfca49-6bd1-632b-f713-000000000a00}","ProcessId":"1380","Image":"C:\\ProgramData\\MiniDump.exe","ImageLoaded":"C:\\Windows\\System32\\sechost.dll","FileVersion":"10.0.19041.1415 (WinBuild.160101.0800)","Description":"Host for SCM/SDDL/LSA Lookup APIs","Product":"Microsoft® Windows® Operating System","Company":"Microsoft Corporation","OriginalFileName":"sechost.dll","Hashes":"SHA1=4647DEDAEBC09D873BAC4D7BBEC4ACBCAFD8E2BE,MD5=E9E5EEF6EBA8F6D7D76BE4A9B23E6F23,SHA256=5E800F8C7DF2980B674A2CAA93506320B67FDDBA57E4776BBF812CE82628C598,IMPHASH=CE4BD072766253F6A267D0284CA82002","Signed":"true","Signature":"Microsoft Windows","SignatureStatus":"Valid","User":"WORKSTATION6\\wardog"},{"EventSourceName":"Microsoft-Windows-Sysmon","Provider":"Microsoft-Windows-Sysmon","ProviderGuid":"{5770385f-c22a-43e0-bf4c-06f5698ffbd9}","Level":"4","Keywords":"0x8000000000000000","Channel":"Microsoft-Windows-Sysmon/Operational","Computer":"WORKSTATION6.mssentinel.local","TimeCreated":"2022-09-21T03:53:53.146Z","TimeGenerated":"2022-09-21T07:53:53.146Z","EventRecordID":"2396024","EventID":7,"Message":"Image loaded:\r\nRuleName: -\r\nUtcTime: 2022-09-21 19:53:53.132\r\nProcessGuid: {03bfca49-6bd1-632b-f713-000000000a00}\r\nProcessId: 1380\r\nImage: C:\\ProgramData\\MiniDump.exe\r\nImageLoaded: C:\\Windows\\System32\\rpcrt4.dll\r\nFileVersion: 10.0.19041.1288 (WinBuild.160101.0800)\r\nDescription: Remote Procedure Call Runtime\r\nProduct: Microsoft® Windows® Operating System\r\nCompany: Microsoft Corporation\r\nOriginalFileName: rpcrt4.dll\r\nHashes: SHA1=B35FDB8D452E39CDF4393C09530837EFF01D33C7,MD5=DC0B01C678D532758D2B1FAC1566F89B,SHA256=C84BBD6D2E4F0334D75D6199133515FCE3D44439062095F0DCFD1F8DF0F5183B,IMPHASH=B5747A3C3F4CC5FB5D074AD7CDFC7CF3\r\nSigned: true\r\nSignature: Microsoft Windows\r\nSignatureStatus: Valid\r\nUser: WORKSTATION6\\wardog","EventData":"\u003cEventData xmlns=\"http://schemas.microsoft.com/win/2004/08/events/event\"\u003e\u003cData Name=\"RuleName\"\u003e-\u003c/Data\u003e\u003cData Name=\"UtcTime\"\u003e2022-09-21 19:53:53.132\u003c/Data\u003e\u003cData Name=\"ProcessGuid\"\u003e{03bfca49-6bd1-632b-f713-000000000a00}\u003c/Data\u003e\u003cData Name=\"ProcessId\"\u003e1380\u003c/Data\u003e\u003cData Name=\"Image\"\u003eC:\\ProgramData\\MiniDump.exe\u003c/Data\u003e\u003cData Name=\"ImageLoaded\"\u003eC:\\Windows\\System32\\rpcrt4.dll\u003c/Data\u003e\u003cData Name=\"FileVersion\"\u003e10.0.19041.1288 (WinBuild.160101.0800)\u003c/Data\u003e\u003cData Name=\"Description\"\u003eRemote Procedure Call Runtime\u003c/Data\u003e\u003cData Name=\"Product\"\u003eMicrosoft® Windows® Operating System\u003c/Data\u003e\u003cData Name=\"Company\"\u003eMicrosoft Corporation\u003c/Data\u003e\u003cData Name=\"OriginalFileName\"\u003erpcrt4.dll\u003c/Data\u003e\u003cData Name=\"Hashes\"\u003eSHA1=B35FDB8D452E39CDF4393C09530837EFF01D33C7,MD5=DC0B01C678D532758D2B1FAC1566F89B,SHA256=C84BBD6D2E4F0334D75D6199133515FCE3D44439062095F0DCFD1F8DF0F5183B,IMPHASH=B5747A3C3F4CC5FB5D074AD7CDFC7CF3\u003c/Data\u003e\u003cData Name=\"Signed\"\u003etrue\u003c/Data\u003e\u003cData Name=\"Signature\"\u003eMicrosoft Windows\u003c/Data\u003e\u003cData Name=\"SignatureStatus\"\u003eValid\u003c/Data\u003e\u003cData Name=\"User\"\u003eWORKSTATION6\\wardog\u003c/Data\u003e\u003c/EventData\u003e","Task":"7","RuleName":"-","UtcTime":"2022-09-21 19:53:53.132","ProcessGuid":"{03bfca49-6bd1-632b-f713-000000000a00}","ProcessId":"1380","Image":"C:\\ProgramData\\MiniDump.exe","ImageLoaded":"C:\\Windows\\System32\\rpcrt4.dll","FileVersion":"10.0.19041.1288 (WinBuild.160101.0800)","Description":"Remote Procedure Call Runtime","Product":"Microsoft® Windows® Operating System","Company":"Microsoft Corporation","OriginalFileName":"rpcrt4.dll","Hashes":"SHA1=B35FDB8D452E39CDF4393C09530837EFF01D33C7,MD5=DC0B01C678D532758D2B1FAC1566F89B,SHA256=C84BBD6D2E4F0334D75D6199133515FCE3D44439062095F0DCFD1F8DF0F5183B,IMPHASH=B5747A3C3F4CC5FB5D074AD7CDFC7CF3","Signed":"true","Signature":"Microsoft Windows","SignatureStatus":"Valid","User":"WORKSTATION6\\wardog"},{"EventSourceName":"Microsoft-Windows-Sysmon","Provider":"Microsoft-Windows-Sysmon","ProviderGuid":"{5770385f-c22a-43e0-bf4c-06f5698ffbd9}","Level":"4","Keywords":"0x8000000000000000","Channel":"Microsoft-Windows-Sysmon/Operational","Computer":"WORKSTATION6.mssentinel.local","TimeCreated":"2022-09-21T03:53:53.148Z","TimeGenerated":"2022-09-21T07:53:53.148Z","EventRecordID":"2396025","EventID":7,"Message":"Image loaded:\r\nRuleName: -\r\nUtcTime: 2022-09-21 19:53:53.147\r\nProcessGuid: {03bfca49-6bd1-632b-f713-000000000a00}\r\nProcessId: 1380\r\nImage: C:\\ProgramData\\MiniDump.exe\r\nImageLoaded: C:\\Windows\\System32\\dbghelp.dll\r\nFileVersion: 10.0.19041.867 (WinBuild.160101.0800)\r\nDescription: Windows Image Helper\r\nProduct: Microsoft® Windows® Operating System\r\nCompany: Microsoft Corporation\r\nOriginalFileName: DBGHELP.DLL\r\nHashes: SHA1=8D094297451C8EC811045EA26A3B47520DA41ABE,MD5=F55D823A1BD857307355D7D7125FB4B8,SHA256=72FCD4053C92CF8369997C2D1AFAE74E2FF53050A51F47813D849EAE41F8D38A,IMPHASH=CE4AD83A987BB290F3A8EBD351252F29\r\nSigned: true\r\nSignature: Microsoft Windows\r\nSignatureStatus: Valid\r\nUser: WORKSTATION6\\wardog","EventData":"\u003cEventData xmlns=\"http://schemas.microsoft.com/win/2004/08/events/event\"\u003e\u003cData Name=\"RuleName\"\u003e-\u003c/Data\u003e\u003cData Name=\"UtcTime\"\u003e2022-09-21 19:53:53.147\u003c/Data\u003e\u003cData Name=\"ProcessGuid\"\u003e{03bfca49-6bd1-632b-f713-000000000a00}\u003c/Data\u003e\u003cData Name=\"ProcessId\"\u003e1380\u003c/Data\u003e\u003cData Name=\"Image\"\u003eC:\\ProgramData\\MiniDump.exe\u003c/Data\u003e\u003cData Name=\"ImageLoaded\"\u003eC:\\Windows\\System32\\dbghelp.dll\u003c/Data\u003e\u003cData Name=\"FileVersion\"\u003e10.0.19041.867 (WinBuild.160101.0800)\u003c/Data\u003e\u003cData Name=\"Description\"\u003eWindows Image Helper\u003c/Data\u003e\u003cData Name=\"Product\"\u003eMicrosoft® Windows® Operating System\u003c/Data\u003e\u003cData Name=\"Company\"\u003eMicrosoft Corporation\u003c/Data\u003e\u003cData Name=\"OriginalFileName\"\u003eDBGHELP.DLL\u003c/Data\u003e\u003cData Name=\"Hashes\"\u003eSHA1=8D094297451C8EC811045EA26A3B47520DA41ABE,MD5=F55D823A1BD857307355D7D7125FB4B8,SHA256=72FCD4053C92CF8369997C2D1AFAE74E2FF53050A51F47813D849EAE41F8D38A,IMPHASH=CE4AD83A987BB290F3A8EBD351252F29\u003c/Data\u003e\u003cData Name=\"Signed\"\u003etrue\u003c/Data\u003e\u003cData Name=\"Signature\"\u003eMicrosoft Windows\u003c/Data\u003e\u003cData Name=\"SignatureStatus\"\u003eValid\u003c/Data\u003e\u003cData Name=\"User\"\u003eWORKSTATION6\\wardog\u003c/Data\u003e\u003c/EventData\u003e","Task":"7","RuleName":"-","UtcTime":"2022-09-21 19:53:53.147","ProcessGuid":"{03bfca49-6bd1-632b-f713-000000000a00}","ProcessId":"1380","Image":"C:\\ProgramData\\MiniDump.exe","ImageLoaded":"C:\\Windows\\System32\\dbghelp.dll","FileVersion":"10.0.19041.867 (WinBuild.160101.0800)","Description":"Windows Image Helper","Product":"Microsoft® Windows® Operating System","Company":"Microsoft Corporation","OriginalFileName":"DBGHELP.DLL","Hashes":"SHA1=8D094297451C8EC811045EA26A3B47520DA41ABE,MD5=F55D823A1BD857307355D7D7125FB4B8,SHA256=72FCD4053C92CF8369997C2D1AFAE74E2FF53050A51F47813D849EAE41F8D38A,IMPHASH=CE4AD83A987BB290F3A8EBD351252F29","Signed":"true","Signature":"Microsoft Windows","SignatureStatus":"Valid","User":"WORKSTATION6\\wardog"},{"EventSourceName":"Microsoft-Windows-Sysmon","Provider":"Microsoft-Windows-Sysmon","ProviderGuid":"{5770385f-c22a-43e0-bf4c-06f5698ffbd9}","Level":"4","Keywords":"0x8000000000000000","Channel":"Microsoft-Windows-Sysmon/Operational","Computer":"WORKSTATION6.mssentinel.local","TimeCreated":"2022-09-21T03:53:53.149Z","TimeGenerated":"2022-09-21T07:53:53.149Z","EventRecordID":"2396026","EventID":7,"Message":"Image loaded:\r\nRuleName: -\r\nUtcTime: 2022-09-21 19:53:53.147\r\nProcessGuid: {03bfca49-6bd1-632b-f713-000000000a00}\r\nProcessId: 1380\r\nImage: C:\\ProgramData\\MiniDump.exe\r\nImageLoaded: C:\\Windows\\System32\\ucrtbase.dll\r\nFileVersion: 10.0.19041.789 (WinBuild.160101.0800)\r\nDescription: Microsoft® C Runtime Library\r\nProduct: Microsoft® Windows® Operating System\r\nCompany: Microsoft Corporation\r\nOriginalFileName: ucrtbase.dll\r\nHashes: SHA1=E82945E3E63FFEF0974D6DD74F2AEF2BF6D0A908,MD5=2C8FE06966D5085A595FFA3C98FE3098,SHA256=DE8D08D01291DF93821314176381F3D1AE863E6C5584A7F8EA42F0B94B15EF65,IMPHASH=405CDE0FC80C30DCC3D783173DBD4143\r\nSigned: true\r\nSignature: Microsoft Windows\r\nSignatureStatus: Valid\r\nUser: WORKSTATION6\\wardog","EventData":"\u003cEventData xmlns=\"http://schemas.microsoft.com/win/2004/08/events/event\"\u003e\u003cData Name=\"RuleName\"\u003e-\u003c/Data\u003e\u003cData Name=\"UtcTime\"\u003e2022-09-21 19:53:53.147\u003c/Data\u003e\u003cData Name=\"ProcessGuid\"\u003e{03bfca49-6bd1-632b-f713-000000000a00}\u003c/Data\u003e\u003cData Name=\"ProcessId\"\u003e1380\u003c/Data\u003e\u003cData Name=\"Image\"\u003eC:\\ProgramData\\MiniDump.exe\u003c/Data\u003e\u003cData Name=\"ImageLoaded\"\u003eC:\\Windows\\System32\\ucrtbase.dll\u003c/Data\u003e\u003cData Name=\"FileVersion\"\u003e10.0.19041.789 (WinBuild.160101.0800)\u003c/Data\u003e\u003cData Name=\"Description\"\u003eMicrosoft® C Runtime Library\u003c/Data\u003e\u003cData Name=\"Product\"\u003eMicrosoft® Windows® Operating System\u003c/Data\u003e\u003cData Name=\"Company\"\u003eMicrosoft Corporation\u003c/Data\u003e\u003cData Name=\"OriginalFileName\"\u003eucrtbase.dll\u003c/Data\u003e\u003cData Name=\"Hashes\"\u003eSHA1=E82945E3E63FFEF0974D6DD74F2AEF2BF6D0A908,MD5=2C8FE06966D5085A595FFA3C98FE3098,SHA256=DE8D08D01291DF93821314176381F3D1AE863E6C5584A7F8EA42F0B94B15EF65,IMPHASH=405CDE0FC80C30DCC3D783173DBD4143\u003c/Data\u003e\u003cData Name=\"Signed\"\u003etrue\u003c/Data\u003e\u003cData Name=\"Signature\"\u003eMicrosoft Windows\u003c/Data\u003e\u003cData Name=\"SignatureStatus\"\u003eValid\u003c/Data\u003e\u003cData Name=\"User\"\u003eWORKSTATION6\\wardog\u003c/Data\u003e\u003c/EventData\u003e","Task":"7","RuleName":"-","UtcTime":"2022-09-21 19:53:53.147","ProcessGuid":"{03bfca49-6bd1-632b-f713-000000000a00}","ProcessId":"1380","Image":"C:\\ProgramData\\MiniDump.exe","ImageLoaded":"C:\\Windows\\System32\\ucrtbase.dll","FileVersion":"10.0.19041.789 (WinBuild.160101.0800)","Description":"Microsoft® C Runtime Library","Product":"Microsoft® Windows® Operating System","Company":"Microsoft Corporation","OriginalFileName":"ucrtbase.dll","Hashes":"SHA1=E82945E3E63FFEF0974D6DD74F2AEF2BF6D0A908,MD5=2C8FE06966D5085A595FFA3C98FE3098,SHA256=DE8D08D01291DF93821314176381F3D1AE863E6C5584A7F8EA42F0B94B15EF65,IMPHASH=405CDE0FC80C30DCC3D783173DBD4143","Signed":"true","Signature":"Microsoft Windows","SignatureStatus":"Valid","User":"WORKSTATION6\\wardog"},{"EventSourceName":"Microsoft-Windows-Sysmon","Provider":"Microsoft-Windows-Sysmon","ProviderGuid":"{5770385f-c22a-43e0-bf4c-06f5698ffbd9}","Level":"4","Keywords":"0x8000000000000000","Channel":"Microsoft-Windows-Sysmon/Operational","Computer":"WORKSTATION6.mssentinel.local","TimeCreated":"2022-09-21T03:53:53.150Z","TimeGenerated":"2022-09-21T07:53:53.150Z","EventRecordID":"2396027","EventID":7,"Message":"Image loaded:\r\nRuleName: -\r\nUtcTime: 2022-09-21 19:53:53.147\r\nProcessGuid: {03bfca49-6bd1-632b-f713-000000000a00}\r\nProcessId: 1380\r\nImage: C:\\ProgramData\\MiniDump.exe\r\nImageLoaded: C:\\Windows\\System32\\dbgcore.dll\r\nFileVersion: 10.0.19041.789 (WinBuild.160101.0800)\r\nDescription: Windows Core Debugging Helpers\r\nProduct: Microsoft® Windows® Operating System\r\nCompany: Microsoft Corporation\r\nOriginalFileName: DBGCORE.DLL\r\nHashes: SHA1=4CBE43AC287059D3B1DA881469AA5842251F320F,MD5=9D185492F11BDE4A8C8804F9BCA3AA54,SHA256=0E35CE053DD59E12AED2883DE98612188131D353CDA5B31ADC3A432E0B90991E,IMPHASH=1931C583747A3AFF6555664A0BEA87DD\r\nSigned: true\r\nSignature: Microsoft Windows\r\nSignatureStatus: Valid\r\nUser: WORKSTATION6\\wardog","EventData":"\u003cEventData xmlns=\"http://schemas.microsoft.com/win/2004/08/events/event\"\u003e\u003cData Name=\"RuleName\"\u003e-\u003c/Data\u003e\u003cData Name=\"UtcTime\"\u003e2022-09-21 19:53:53.147\u003c/Data\u003e\u003cData Name=\"ProcessGuid\"\u003e{03bfca49-6bd1-632b-f713-000000000a00}\u003c/Data\u003e\u003cData Name=\"ProcessId\"\u003e1380\u003c/Data\u003e\u003cData Name=\"Image\"\u003eC:\\ProgramData\\MiniDump.exe\u003c/Data\u003e\u003cData Name=\"ImageLoaded\"\u003eC:\\Windows\\System32\\dbgcore.dll\u003c/Data\u003e\u003cData Name=\"FileVersion\"\u003e10.0.19041.789 (WinBuild.160101.0800)\u003c/Data\u003e\u003cData Name=\"Description\"\u003eWindows Core Debugging Helpers\u003c/Data\u003e\u003cData Name=\"Product\"\u003eMicrosoft® Windows® Operating System\u003c/Data\u003e\u003cData Name=\"Company\"\u003eMicrosoft Corporation\u003c/Data\u003e\u003cData Name=\"OriginalFileName\"\u003eDBGCORE.DLL\u003c/Data\u003e\u003cData Name=\"Hashes\"\u003eSHA1=4CBE43AC287059D3B1DA881469AA5842251F320F,MD5=9D185492F11BDE4A8C8804F9BCA3AA54,SHA256=0E35CE053DD59E12AED2883DE98612188131D353CDA5B31ADC3A432E0B90991E,IMPHASH=1931C583747A3AFF6555664A0BEA87DD\u003c/Data\u003e\u003cData Name=\"Signed\"\u003etrue\u003c/Data\u003e\u003cData Name=\"Signature\"\u003eMicrosoft Windows\u003c/Data\u003e\u003cData Name=\"SignatureStatus\"\u003eValid\u003c/Data\u003e\u003cData Name=\"User\"\u003eWORKSTATION6\\wardog\u003c/Data\u003e\u003c/EventData\u003e","Task":"7","RuleName":"-","UtcTime":"2022-09-21 19:53:53.147","ProcessGuid":"{03bfca49-6bd1-632b-f713-000000000a00}","ProcessId":"1380","Image":"C:\\ProgramData\\MiniDump.exe","ImageLoaded":"C:\\Windows\\System32\\dbgcore.dll","FileVersion":"10.0.19041.789 (WinBuild.160101.0800)","Description":"Windows Core Debugging Helpers","Product":"Microsoft® Windows® Operating System","Company":"Microsoft Corporation","OriginalFileName":"DBGCORE.DLL","Hashes":"SHA1=4CBE43AC287059D3B1DA881469AA5842251F320F,MD5=9D185492F11BDE4A8C8804F9BCA3AA54,SHA256=0E35CE053DD59E12AED2883DE98612188131D353CDA5B31ADC3A432E0B90991E,IMPHASH=1931C583747A3AFF6555664A0BEA87DD","Signed":"true","Signature":"Microsoft Windows","SignatureStatus":"Valid","User":"WORKSTATION6\\wardog"},{"EventSourceName":"Microsoft-Windows-Sysmon","Provider":"Microsoft-Windows-Sysmon","ProviderGuid":"{5770385f-c22a-43e0-bf4c-06f5698ffbd9}","Level":"4","Keywords":"0x8000000000000000","Channel":"Microsoft-Windows-Sysmon/Operational","Computer":"WORKSTATION6.mssentinel.local","TimeCreated":"2022-09-21T03:53:53.151Z","TimeGenerated":"2022-09-21T07:53:53.151Z","EventRecordID":"2396028","EventID":7,"Message":"Image loaded:\r\nRuleName: -\r\nUtcTime: 2022-09-21 19:53:53.147\r\nProcessGuid: {03bfca49-6bd1-632b-f713-000000000a00}\r\nProcessId: 1380\r\nImage: C:\\ProgramData\\MiniDump.exe\r\nImageLoaded: C:\\Windows\\System32\\ucrtbase.dll\r\nFileVersion: 10.0.19041.789 (WinBuild.160101.0800)\r\nDescription: Microsoft® C Runtime Library\r\nProduct: Microsoft® Windows® Operating System\r\nCompany: Microsoft Corporation\r\nOriginalFileName: ucrtbase.dll\r\nHashes: SHA1=E82945E3E63FFEF0974D6DD74F2AEF2BF6D0A908,MD5=2C8FE06966D5085A595FFA3C98FE3098,SHA256=DE8D08D01291DF93821314176381F3D1AE863E6C5584A7F8EA42F0B94B15EF65,IMPHASH=405CDE0FC80C30DCC3D783173DBD4143\r\nSigned: true\r\nSignature: Microsoft Windows\r\nSignatureStatus: Valid\r\nUser: WORKSTATION6\\wardog","EventData":"\u003cEventData xmlns=\"http://schemas.microsoft.com/win/2004/08/events/event\"\u003e\u003cData Name=\"RuleName\"\u003e-\u003c/Data\u003e\u003cData Name=\"UtcTime\"\u003e2022-09-21 19:53:53.147\u003c/Data\u003e\u003cData Name=\"ProcessGuid\"\u003e{03bfca49-6bd1-632b-f713-000000000a00}\u003c/Data\u003e\u003cData Name=\"ProcessId\"\u003e1380\u003c/Data\u003e\u003cData Name=\"Image\"\u003eC:\\ProgramData\\MiniDump.exe\u003c/Data\u003e\u003cData Name=\"ImageLoaded\"\u003eC:\\Windows\\System32\\ucrtbase.dll\u003c/Data\u003e\u003cData Name=\"FileVersion\"\u003e10.0.19041.789 (WinBuild.160101.0800)\u003c/Data\u003e\u003cData Name=\"Description\"\u003eMicrosoft® C Runtime Library\u003c/Data\u003e\u003cData Name=\"Product\"\u003eMicrosoft® Windows® Operating System\u003c/Data\u003e\u003cData Name=\"Company\"\u003eMicrosoft Corporation\u003c/Data\u003e\u003cData Name=\"OriginalFileName\"\u003eucrtbase.dll\u003c/Data\u003e\u003cData Name=\"Hashes\"\u003eSHA1=E82945E3E63FFEF0974D6DD74F2AEF2BF6D0A908,MD5=2C8FE06966D5085A595FFA3C98FE3098,SHA256=DE8D08D01291DF93821314176381F3D1AE863E6C5584A7F8EA42F0B94B15EF65,IMPHASH=405CDE0FC80C30DCC3D783173DBD4143\u003c/Data\u003e\u003cData Name=\"Signed\"\u003etrue\u003c/Data\u003e\u003cData Name=\"Signature\"\u003eMicrosoft Windows\u003c/Data\u003e\u003cData Name=\"SignatureStatus\"\u003eValid\u003c/Data\u003e\u003cData Name=\"User\"\u003eWORKSTATION6\\wardog\u003c/Data\u003e\u003c/EventData\u003e","Task":"7","RuleName":"-","UtcTime":"2022-09-21 19:53:53.147","ProcessGuid":"{03bfca49-6bd1-632b-f713-000000000a00}","ProcessId":"1380","Image":"C:\\ProgramData\\MiniDump.exe","ImageLoaded":"C:\\Windows\\System32\\ucrtbase.dll","FileVersion":"10.0.19041.789 (WinBuild.160101.0800)","Description":"Microsoft® C Runtime Library","Product":"Microsoft® Windows® Operating System","Company":"Microsoft Corporation","OriginalFileName":"ucrtbase.dll","Hashes":"SHA1=E82945E3E63FFEF0974D6DD74F2AEF2BF6D0A908,MD5=2C8FE06966D5085A595FFA3C98FE3098,SHA256=DE8D08D01291DF93821314176381F3D1AE863E6C5584A7F8EA42F0B94B15EF65,IMPHASH=405CDE0FC80C30DCC3D783173DBD4143","Signed":"true","Signature":"Microsoft Windows","SignatureStatus":"Valid","User":"WORKSTATION6\\wardog"},{"EventSourceName":"Microsoft-Windows-Sysmon","Provider":"Microsoft-Windows-Sysmon","ProviderGuid":"{5770385f-c22a-43e0-bf4c-06f5698ffbd9}","Level":"4","Keywords":"0x8000000000000000","Channel":"Microsoft-Windows-Sysmon/Operational","Computer":"WORKSTATION6.mssentinel.local","TimeCreated":"2022-09-21T03:53:53.154Z","TimeGenerated":"2022-09-21T07:53:53.154Z","EventRecordID":"2396029","EventID":7,"Message":"Image loaded:\r\nRuleName: -\r\nUtcTime: 2022-09-21 19:53:53.147\r\nProcessGuid: {03bfca49-6bd1-632b-f713-000000000a00}\r\nProcessId: 1380\r\nImage: C:\\ProgramData\\MiniDump.exe\r\nImageLoaded: C:\\Windows\\System32\\bcryptprimitives.dll\r\nFileVersion: 10.0.19041.1415 (WinBuild.160101.0800)\r\nDescription: Windows Cryptographic Primitives Library\r\nProduct: Microsoft® Windows® Operating System\r\nCompany: Microsoft Corporation\r\nOriginalFileName: bcryptprimitives.dll\r\nHashes: SHA1=70021FE46DC589BAE27B813EA8274DF452CEA790,MD5=997827CE8AEFAC419ED1880C1F58E718,SHA256=2AE5378430807A84FD862E30A1305426A8D016080A1A248C6B4B5F5CDA198EE4,IMPHASH=496E42068C9391511CF6EE7C54F73A9B\r\nSigned: true\r\nSignature: Microsoft Windows\r\nSignatureStatus: Valid\r\nUser: WORKSTATION6\\wardog","EventData":"\u003cEventData xmlns=\"http://schemas.microsoft.com/win/2004/08/events/event\"\u003e\u003cData Name=\"RuleName\"\u003e-\u003c/Data\u003e\u003cData Name=\"UtcTime\"\u003e2022-09-21 19:53:53.147\u003c/Data\u003e\u003cData Name=\"ProcessGuid\"\u003e{03bfca49-6bd1-632b-f713-000000000a00}\u003c/Data\u003e\u003cData Name=\"ProcessId\"\u003e1380\u003c/Data\u003e\u003cData Name=\"Image\"\u003eC:\\ProgramData\\MiniDump.exe\u003c/Data\u003e\u003cData Name=\"ImageLoaded\"\u003eC:\\Windows\\System32\\bcryptprimitives.dll\u003c/Data\u003e\u003cData Name=\"FileVersion\"\u003e10.0.19041.1415 (WinBuild.160101.0800)\u003c/Data\u003e\u003cData Name=\"Description\"\u003eWindows Cryptographic Primitives Library\u003c/Data\u003e\u003cData Name=\"Product\"\u003eMicrosoft® Windows® Operating System\u003c/Data\u003e\u003cData Name=\"Company\"\u003eMicrosoft Corporation\u003c/Data\u003e\u003cData Name=\"OriginalFileName\"\u003ebcryptprimitives.dll\u003c/Data\u003e\u003cData Name=\"Hashes\"\u003eSHA1=70021FE46DC589BAE27B813EA8274DF452CEA790,MD5=997827CE8AEFAC419ED1880C1F58E718,SHA256=2AE5378430807A84FD862E30A1305426A8D016080A1A248C6B4B5F5CDA198EE4,IMPHASH=496E42068C9391511CF6EE7C54F73A9B\u003c/Data\u003e\u003cData Name=\"Signed\"\u003etrue\u003c/Data\u003e\u003cData Name=\"Signature\"\u003eMicrosoft Windows\u003c/Data\u003e\u003cData Name=\"SignatureStatus\"\u003eValid\u003c/Data\u003e\u003cData Name=\"User\"\u003eWORKSTATION6\\wardog\u003c/Data\u003e\u003c/EventData\u003e","Task":"7","RuleName":"-","UtcTime":"2022-09-21 19:53:53.147","ProcessGuid":"{03bfca49-6bd1-632b-f713-000000000a00}","ProcessId":"1380","Image":"C:\\ProgramData\\MiniDump.exe","ImageLoaded":"C:\\Windows\\System32\\bcryptprimitives.dll","FileVersion":"10.0.19041.1415 (WinBuild.160101.0800)","Description":"Windows Cryptographic Primitives Library","Product":"Microsoft® Windows® Operating System","Company":"Microsoft Corporation","OriginalFileName":"bcryptprimitives.dll","Hashes":"SHA1=70021FE46DC589BAE27B813EA8274DF452CEA790,MD5=997827CE8AEFAC419ED1880C1F58E718,SHA256=2AE5378430807A84FD862E30A1305426A8D016080A1A248C6B4B5F5CDA198EE4,IMPHASH=496E42068C9391511CF6EE7C54F73A9B","Signed":"true","Signature":"Microsoft Windows","SignatureStatus":"Valid","User":"WORKSTATION6\\wardog"},{"EventSourceName":"Microsoft-Windows-Sysmon","Provider":"Microsoft-Windows-Sysmon","ProviderGuid":"{5770385f-c22a-43e0-bf4c-06f5698ffbd9}","Level":"4","Keywords":"0x8000000000000000","Channel":"Microsoft-Windows-Sysmon/Operational","Computer":"WORKSTATION6.mssentinel.local","TimeCreated":"2022-09-21T03:53:53.158Z","TimeGenerated":"2022-09-21T07:53:53.158Z","EventRecordID":"2396030","EventID":10,"Message":"Process accessed:\r\nRuleName: -\r\nUtcTime: 2022-09-21 19:53:53.147\r\nSourceProcessGUID: {03bfca49-6bd1-632b-f713-000000000a00}\r\nSourceProcessId: 1380\r\nSourceThreadId: 7960\r\nSourceImage: C:\\ProgramData\\MiniDump.exe\r\nTargetProcessGUID: {03bfca49-8d17-632a-0c00-000000000a00}\r\nTargetProcessId: 764\r\nTargetImage: C:\\Windows\\system32\\lsass.exe\r\nGrantedAccess: 0x1410\r\nCallTrace: C:\\Windows\\SYSTEM32\\ntdll.dll+9d234|C:\\Windows\\System32\\KERNELBASE.dll+2c0ce|C:\\ProgramData\\MiniDump.exe+11ac|C:\\ProgramData\\MiniDump.exe+14d0|C:\\Windows\\System32\\KERNEL32.DLL+17034|C:\\Windows\\SYSTEM32\\ntdll.dll+52651\r\nSourceUser: WORKSTATION6\\wardog\r\nTargetUser: NT AUTHORITY\\SYSTEM","EventData":"\u003cEventData xmlns=\"http://schemas.microsoft.com/win/2004/08/events/event\"\u003e\u003cData Name=\"RuleName\"\u003e-\u003c/Data\u003e\u003cData Name=\"UtcTime\"\u003e2022-09-21 19:53:53.147\u003c/Data\u003e\u003cData Name=\"SourceProcessGUID\"\u003e{03bfca49-6bd1-632b-f713-000000000a00}\u003c/Data\u003e\u003cData Name=\"SourceProcessId\"\u003e1380\u003c/Data\u003e\u003cData Name=\"SourceThreadId\"\u003e7960\u003c/Data\u003e\u003cData Name=\"SourceImage\"\u003eC:\\ProgramData\\MiniDump.exe\u003c/Data\u003e\u003cData Name=\"TargetProcessGUID\"\u003e{03bfca49-8d17-632a-0c00-000000000a00}\u003c/Data\u003e\u003cData Name=\"TargetProcessId\"\u003e764\u003c/Data\u003e\u003cData Name=\"TargetImage\"\u003eC:\\Windows\\system32\\lsass.exe\u003c/Data\u003e\u003cData Name=\"GrantedAccess\"\u003e0x1410\u003c/Data\u003e\u003cData Name=\"CallTrace\"\u003eC:\\Windows\\SYSTEM32\\ntdll.dll+9d234|C:\\Windows\\System32\\KERNELBASE.dll+2c0ce|C:\\ProgramData\\MiniDump.exe+11ac|C:\\ProgramData\\MiniDump.exe+14d0|C:\\Windows\\System32\\KERNEL32.DLL+17034|C:\\Windows\\SYSTEM32\\ntdll.dll+52651\u003c/Data\u003e\u003cData Name=\"SourceUser\"\u003eWORKSTATION6\\wardog\u003c/Data\u003e\u003cData Name=\"TargetUser\"\u003eNT AUTHORITY\\SYSTEM\u003c/Data\u003e\u003c/EventData\u003e","Task":"10","RuleName":"-","UtcTime":"2022-09-21 19:53:53.147","SourceProcessGUID":"{03bfca49-6bd1-632b-f713-000000000a00}","SourceProcessId":"1380","SourceThreadId":"7960","SourceImage":"C:\\ProgramData\\MiniDump.exe","TargetProcessGUID":"{03bfca49-8d17-632a-0c00-000000000a00}","TargetProcessId":"764","TargetImage":"C:\\Windows\\system32\\lsass.exe","GrantedAccess":"0x1410","CallTrace":"C:\\Windows\\SYSTEM32\\ntdll.dll+9d234|C:\\Windows\\System32\\KERNELBASE.dll+2c0ce|C:\\ProgramData\\MiniDump.exe+11ac|C:\\ProgramData\\MiniDump.exe+14d0|C:\\Windows\\System32\\KERNEL32.DLL+17034|C:\\Windows\\SYSTEM32\\ntdll.dll+52651","SourceUser":"WORKSTATION6\\wardog","TargetUser":"NT AUTHORITY\\SYSTEM"},{"EventSourceName":"Microsoft-Windows-Sysmon","Provider":"Microsoft-Windows-Sysmon","ProviderGuid":"{5770385f-c22a-43e0-bf4c-06f5698ffbd9}","Level":"4","Keywords":"0x8000000000000000","Channel":"Microsoft-Windows-Sysmon/Operational","Computer":"WORKSTATION6.mssentinel.local","TimeCreated":"2022-09-21T03:53:53.159Z","TimeGenerated":"2022-09-21T07:53:53.159Z","EventRecordID":"2396031","EventID":11,"Message":"File created:\r\nRuleName: -\r\nUtcTime: 2022-09-21 19:53:53.147\r\nProcessGuid: {03bfca49-6bd1-632b-f713-000000000a00}\r\nProcessId: 1380\r\nImage: C:\\ProgramData\\MiniDump.exe\r\nTargetFilename: C:\\ProgramData\\mem.dmp\r\nCreationUtcTime: 2022-09-21 19:53:53.147\r\nUser: WORKSTATION6\\wardog","EventData":"\u003cEventData xmlns=\"http://schemas.microsoft.com/win/2004/08/events/event\"\u003e\u003cData Name=\"RuleName\"\u003e-\u003c/Data\u003e\u003cData Name=\"UtcTime\"\u003e2022-09-21 19:53:53.147\u003c/Data\u003e\u003cData Name=\"ProcessGuid\"\u003e{03bfca49-6bd1-632b-f713-000000000a00}\u003c/Data\u003e\u003cData Name=\"ProcessId\"\u003e1380\u003c/Data\u003e\u003cData Name=\"Image\"\u003eC:\\ProgramData\\MiniDump.exe\u003c/Data\u003e\u003cData Name=\"TargetFilename\"\u003eC:\\ProgramData\\mem.dmp\u003c/Data\u003e\u003cData Name=\"CreationUtcTime\"\u003e2022-09-21 19:53:53.147\u003c/Data\u003e\u003cData Name=\"User\"\u003eWORKSTATION6\\wardog\u003c/Data\u003e\u003c/EventData\u003e","Task":"11","RuleName":"-","UtcTime":"2022-09-21 19:53:53.147","ProcessGuid":"{03bfca49-6bd1-632b-f713-000000000a00}","ProcessId":"1380","Image":"C:\\ProgramData\\MiniDump.exe","TargetFilename":"C:\\ProgramData\\mem.dmp","CreationUtcTime":"2022-09-21 19:53:53.147","User":"WORKSTATION6\\wardog"},{"EventSourceName":"Microsoft-Windows-Sysmon","Provider":"Microsoft-Windows-Sysmon","ProviderGuid":"{5770385f-c22a-43e0-bf4c-06f5698ffbd9}","Level":"4","Keywords":"0x8000000000000000","Channel":"Microsoft-Windows-Sysmon/Operational","Computer":"WORKSTATION6.mssentinel.local","TimeCreated":"2022-09-21T03:53:53.161Z","TimeGenerated":"2022-09-21T07:53:53.161Z","EventRecordID":"2396032","EventID":10,"Message":"Process accessed:\r\nRuleName: -\r\nUtcTime: 2022-09-21 19:53:53.147\r\nSourceProcessGUID: {03bfca49-6bd1-632b-f713-000000000a00}\r\nSourceProcessId: 1380\r\nSourceThreadId: 7960\r\nSourceImage: C:\\ProgramData\\MiniDump.exe\r\nTargetProcessGUID: {03bfca49-8d17-632a-0c00-000000000a00}\r\nTargetProcessId: 764\r\nTargetImage: C:\\Windows\\system32\\lsass.exe\r\nGrantedAccess: 0x1FFFFF\r\nCallTrace: C:\\Windows\\SYSTEM32\\ntdll.dll+9d234|C:\\Windows\\SYSTEM32\\ntdll.dll+d77da|C:\\Windows\\System32\\KERNEL32.DLL+1decc|C:\\Windows\\System32\\KERNEL32.DLL+2752e|C:\\Windows\\SYSTEM32\\dbgcore.DLL+99b1|C:\\Windows\\SYSTEM32\\dbgcore.DLL+179b5|C:\\Windows\\SYSTEM32\\dbgcore.DLL+11425|C:\\Windows\\SYSTEM32\\dbgcore.DLL+6222|C:\\Windows\\SYSTEM32\\dbgcore.DLL+6cfb|C:\\ProgramData\\MiniDump.exe+1245|C:\\ProgramData\\MiniDump.exe+14d0|C:\\Windows\\System32\\KERNEL32.DLL+17034|C:\\Windows\\SYSTEM32\\ntdll.dll+52651\r\nSourceUser: WORKSTATION6\\wardog\r\nTargetUser: NT AUTHORITY\\SYSTEM","EventData":"\u003cEventData xmlns=\"http://schemas.microsoft.com/win/2004/08/events/event\"\u003e\u003cData Name=\"RuleName\"\u003e-\u003c/Data\u003e\u003cData Name=\"UtcTime\"\u003e2022-09-21 19:53:53.147\u003c/Data\u003e\u003cData Name=\"SourceProcessGUID\"\u003e{03bfca49-6bd1-632b-f713-000000000a00}\u003c/Data\u003e\u003cData Name=\"SourceProcessId\"\u003e1380\u003c/Data\u003e\u003cData Name=\"SourceThreadId\"\u003e7960\u003c/Data\u003e\u003cData Name=\"SourceImage\"\u003eC:\\ProgramData\\MiniDump.exe\u003c/Data\u003e\u003cData Name=\"TargetProcessGUID\"\u003e{03bfca49-8d17-632a-0c00-000000000a00}\u003c/Data\u003e\u003cData Name=\"TargetProcessId\"\u003e764\u003c/Data\u003e\u003cData Name=\"TargetImage\"\u003eC:\\Windows\\system32\\lsass.exe\u003c/Data\u003e\u003cData Name=\"GrantedAccess\"\u003e0x1fffff\u003c/Data\u003e\u003cData Name=\"CallTrace\"\u003eC:\\Windows\\SYSTEM32\\ntdll.dll+9d234|C:\\Windows\\SYSTEM32\\ntdll.dll+d77da|C:\\Windows\\System32\\KERNEL32.DLL+1decc|C:\\Windows\\System32\\KERNEL32.DLL+2752e|C:\\Windows\\SYSTEM32\\dbgcore.DLL+99b1|C:\\Windows\\SYSTEM32\\dbgcore.DLL+179b5|C:\\Windows\\SYSTEM32\\dbgcore.DLL+11425|C:\\Windows\\SYSTEM32\\dbgcore.DLL+6222|C:\\Windows\\SYSTEM32\\dbgcore.DLL+6cfb|C:\\ProgramData\\MiniDump.exe+1245|C:\\ProgramData\\MiniDump.exe+14d0|C:\\Windows\\System32\\KERNEL32.DLL+17034|C:\\Windows\\SYSTEM32\\ntdll.dll+52651\u003c/Data\u003e\u003cData Name=\"SourceUser\"\u003eWORKSTATION6\\wardog\u003c/Data\u003e\u003cData Name=\"TargetUser\"\u003eNT AUTHORITY\\SYSTEM\u003c/Data\u003e\u003c/EventData\u003e","Task":"10","RuleName":"-","UtcTime":"2022-09-21 19:53:53.147","SourceProcessGUID":"{03bfca49-6bd1-632b-f713-000000000a00}","SourceProcessId":"1380","SourceThreadId":"7960","SourceImage":"C:\\ProgramData\\MiniDump.exe","TargetProcessGUID":"{03bfca49-8d17-632a-0c00-000000000a00}","TargetProcessId":"764","TargetImage":"C:\\Windows\\system32\\lsass.exe","GrantedAccess":"0x1fffff","CallTrace":"C:\\Windows\\SYSTEM32\\ntdll.dll+9d234|C:\\Windows\\SYSTEM32\\ntdll.dll+d77da|C:\\Windows\\System32\\KERNEL32.DLL+1decc|C:\\Windows\\System32\\KERNEL32.DLL+2752e|C:\\Windows\\SYSTEM32\\dbgcore.DLL+99b1|C:\\Windows\\SYSTEM32\\dbgcore.DLL+179b5|C:\\Windows\\SYSTEM32\\dbgcore.DLL+11425|C:\\Windows\\SYSTEM32\\dbgcore.DLL+6222|C:\\Windows\\SYSTEM32\\dbgcore.DLL+6cfb|C:\\ProgramData\\MiniDump.exe+1245|C:\\ProgramData\\MiniDump.exe+14d0|C:\\Windows\\System32\\KERNEL32.DLL+17034|C:\\Windows\\SYSTEM32\\ntdll.dll+52651","SourceUser":"WORKSTATION6\\wardog","TargetUser":"NT AUTHORITY\\SYSTEM"},{"EventSourceName":"Microsoft-Windows-Sysmon","Provider":"Microsoft-Windows-Sysmon","ProviderGuid":"{5770385f-c22a-43e0-bf4c-06f5698ffbd9}","Level":"4","Keywords":"0x8000000000000000","Channel":"Microsoft-Windows-Sysmon/Operational","Computer":"WORKSTATION6.mssentinel.local","TimeCreated":"2022-09-21T03:53:53.188Z","TimeGenerated":"2022-09-21T07:53:53.188Z","EventRecordID":"2396033","EventID":7,"Message":"Image loaded:\r\nRuleName: -\r\nUtcTime: 2022-09-21 19:53:53.179\r\nProcessGuid: {03bfca49-6bd1-632b-f713-000000000a00}\r\nProcessId: 1380\r\nImage: C:\\ProgramData\\MiniDump.exe\r\nImageLoaded: C:\\Windows\\System32\\psapi.dll\r\nFileVersion: 10.0.19041.546 (WinBuild.160101.0800)\r\nDescription: Process Status Helper\r\nProduct: Microsoft® Windows® Operating System\r\nCompany: Microsoft Corporation\r\nOriginalFileName: PSAPI\r\nHashes: SHA1=A9852987463FDD9B05614A10A33D30B1B91F04A6,MD5=729A761566B60A8621A1D171BACCF41C,SHA256=4BF259EE8BC11A51FB6FFC7C5D77B8FAB9D092D6892789B92D145083607FB314,IMPHASH=A19426362F5443C7159B76FBEAFD171F\r\nSigned: true\r\nSignature: Microsoft Windows\r\nSignatureStatus: Valid\r\nUser: WORKSTATION6\\wardog","EventData":"\u003cEventData xmlns=\"http://schemas.microsoft.com/win/2004/08/events/event\"\u003e\u003cData Name=\"RuleName\"\u003e-\u003c/Data\u003e\u003cData Name=\"UtcTime\"\u003e2022-09-21 19:53:53.179\u003c/Data\u003e\u003cData Name=\"ProcessGuid\"\u003e{03bfca49-6bd1-632b-f713-000000000a00}\u003c/Data\u003e\u003cData Name=\"ProcessId\"\u003e1380\u003c/Data\u003e\u003cData Name=\"Image\"\u003eC:\\ProgramData\\MiniDump.exe\u003c/Data\u003e\u003cData Name=\"ImageLoaded\"\u003eC:\\Windows\\System32\\psapi.dll\u003c/Data\u003e\u003cData Name=\"FileVersion\"\u003e10.0.19041.546 (WinBuild.160101.0800)\u003c/Data\u003e\u003cData Name=\"Description\"\u003eProcess Status Helper\u003c/Data\u003e\u003cData Name=\"Product\"\u003eMicrosoft® Windows® Operating System\u003c/Data\u003e\u003cData Name=\"Company\"\u003eMicrosoft Corporation\u003c/Data\u003e\u003cData Name=\"OriginalFileName\"\u003ePSAPI\u003c/Data\u003e\u003cData Name=\"Hashes\"\u003eSHA1=A9852987463FDD9B05614A10A33D30B1B91F04A6,MD5=729A761566B60A8621A1D171BACCF41C,SHA256=4BF259EE8BC11A51FB6FFC7C5D77B8FAB9D092D6892789B92D145083607FB314,IMPHASH=A19426362F5443C7159B76FBEAFD171F\u003c/Data\u003e\u003cData Name=\"Signed\"\u003etrue\u003c/Data\u003e\u003cData Name=\"Signature\"\u003eMicrosoft Windows\u003c/Data\u003e\u003cData Name=\"SignatureStatus\"\u003eValid\u003c/Data\u003e\u003cData Name=\"User\"\u003eWORKSTATION6\\wardog\u003c/Data\u003e\u003c/EventData\u003e","Task":"7","RuleName":"-","UtcTime":"2022-09-21 19:53:53.179","ProcessGuid":"{03bfca49-6bd1-632b-f713-000000000a00}","ProcessId":"1380","Image":"C:\\ProgramData\\MiniDump.exe","ImageLoaded":"C:\\Windows\\System32\\psapi.dll","FileVersion":"10.0.19041.546 (WinBuild.160101.0800)","Description":"Process Status Helper","Product":"Microsoft® Windows® Operating System","Company":"Microsoft Corporation","OriginalFileName":"PSAPI","Hashes":"SHA1=A9852987463FDD9B05614A10A33D30B1B91F04A6,MD5=729A761566B60A8621A1D171BACCF41C,SHA256=4BF259EE8BC11A51FB6FFC7C5D77B8FAB9D092D6892789B92D145083607FB314,IMPHASH=A19426362F5443C7159B76FBEAFD171F","Signed":"true","Signature":"Microsoft Windows","SignatureStatus":"Valid","User":"WORKSTATION6\\wardog"},{"EventSourceName":"Microsoft-Windows-Sysmon","Provider":"Microsoft-Windows-Sysmon","ProviderGuid":"{5770385f-c22a-43e0-bf4c-06f5698ffbd9}","Level":"4","Keywords":"0x8000000000000000","Channel":"Microsoft-Windows-Sysmon/Operational","Computer":"WORKSTATION6.mssentinel.local","TimeCreated":"2022-09-21T03:53:53.188Z","TimeGenerated":"2022-09-21T07:53:53.188Z","EventRecordID":"2396034","EventID":7,"Message":"Image loaded:\r\nRuleName: -\r\nUtcTime: 2022-09-21 19:53:53.179\r\nProcessGuid: {03bfca49-6bd1-632b-f713-000000000a00}\r\nProcessId: 1380\r\nImage: C:\\ProgramData\\MiniDump.exe\r\nImageLoaded: C:\\Windows\\System32\\version.dll\r\nFileVersion: 10.0.19041.546 (WinBuild.160101.0800)\r\nDescription: Version Checking and File Installation Libraries\r\nProduct: Microsoft® Windows® Operating System\r\nCompany: Microsoft Corporation\r\nOriginalFileName: VERSION.DLL\r\nHashes: SHA1=8ED26469AFBD53DA7749EF9C6AB8C7F010E9BB1E,MD5=17C1E1099B65051BB6DEC71FEA37315B,SHA256=E549D528FEE40208DF2DD911C2D96B29D02DF7BEF9B30C93285F4A2F3E1AD5B0,IMPHASH=34340C2C4E9AA6EF6AD12BB695FC695B\r\nSigned: true\r\nSignature: Microsoft Windows\r\nSignatureStatus: Valid\r\nUser: WORKSTATION6\\wardog","EventData":"\u003cEventData xmlns=\"http://schemas.microsoft.com/win/2004/08/events/event\"\u003e\u003cData Name=\"RuleName\"\u003e-\u003c/Data\u003e\u003cData Name=\"UtcTime\"\u003e2022-09-21 19:53:53.179\u003c/Data\u003e\u003cData Name=\"ProcessGuid\"\u003e{03bfca49-6bd1-632b-f713-000000000a00}\u003c/Data\u003e\u003cData Name=\"ProcessId\"\u003e1380\u003c/Data\u003e\u003cData Name=\"Image\"\u003eC:\\ProgramData\\MiniDump.exe\u003c/Data\u003e\u003cData Name=\"ImageLoaded\"\u003eC:\\Windows\\System32\\version.dll\u003c/Data\u003e\u003cData Name=\"FileVersion\"\u003e10.0.19041.546 (WinBuild.160101.0800)\u003c/Data\u003e\u003cData Name=\"Description\"\u003eVersion Checking and File Installation Libraries\u003c/Data\u003e\u003cData Name=\"Product\"\u003eMicrosoft® Windows® Operating System\u003c/Data\u003e\u003cData Name=\"Company\"\u003eMicrosoft Corporation\u003c/Data\u003e\u003cData Name=\"OriginalFileName\"\u003eVERSION.DLL\u003c/Data\u003e\u003cData Name=\"Hashes\"\u003eSHA1=8ED26469AFBD53DA7749EF9C6AB8C7F010E9BB1E,MD5=17C1E1099B65051BB6DEC71FEA37315B,SHA256=E549D528FEE40208DF2DD911C2D96B29D02DF7BEF9B30C93285F4A2F3E1AD5B0,IMPHASH=34340C2C4E9AA6EF6AD12BB695FC695B\u003c/Data\u003e\u003cData Name=\"Signed\"\u003etrue\u003c/Data\u003e\u003cData Name=\"Signature\"\u003eMicrosoft Windows\u003c/Data\u003e\u003cData Name=\"SignatureStatus\"\u003eValid\u003c/Data\u003e\u003cData Name=\"User\"\u003eWORKSTATION6\\wardog\u003c/Data\u003e\u003c/EventData\u003e","Task":"7","RuleName":"-","UtcTime":"2022-09-21 19:53:53.179","ProcessGuid":"{03bfca49-6bd1-632b-f713-000000000a00}","ProcessId":"1380","Image":"C:\\ProgramData\\MiniDump.exe","ImageLoaded":"C:\\Windows\\System32\\version.dll","FileVersion":"10.0.19041.546 (WinBuild.160101.0800)","Description":"Version Checking and File Installation Libraries","Product":"Microsoft® Windows® Operating System","Company":"Microsoft Corporation","OriginalFileName":"VERSION.DLL","Hashes":"SHA1=8ED26469AFBD53DA7749EF9C6AB8C7F010E9BB1E,MD5=17C1E1099B65051BB6DEC71FEA37315B,SHA256=E549D528FEE40208DF2DD911C2D96B29D02DF7BEF9B30C93285F4A2F3E1AD5B0,IMPHASH=34340C2C4E9AA6EF6AD12BB695FC695B","Signed":"true","Signature":"Microsoft Windows","SignatureStatus":"Valid","User":"WORKSTATION6\\wardog"},{"EventSourceName":"Microsoft-Windows-Sysmon","Provider":"Microsoft-Windows-Sysmon","ProviderGuid":"{5770385f-c22a-43e0-bf4c-06f5698ffbd9}","Level":"4","Keywords":"0x8000000000000000","Channel":"Microsoft-Windows-Sysmon/Operational","Computer":"WORKSTATION6.mssentinel.local","TimeCreated":"2022-09-21T03:53:53.446Z","TimeGenerated":"2022-09-21T07:53:53.446Z","EventRecordID":"2396035","EventID":7,"Message":"Image loaded:\r\nRuleName: -\r\nUtcTime: 2022-09-21 19:53:53.444\r\nProcessGuid: {03bfca49-6bd1-632b-f713-000000000a00}\r\nProcessId: 1380\r\nImage: C:\\ProgramData\\MiniDump.exe\r\nImageLoaded: C:\\Windows\\System32\\kernel.appcore.dll\r\nFileVersion: 10.0.19041.546 (WinBuild.160101.0800)\r\nDescription: AppModel API Host\r\nProduct: Microsoft® Windows® Operating System\r\nCompany: Microsoft Corporation\r\nOriginalFileName: kernel.appcore.dll\r\nHashes: SHA1=CDBA1CC8FD390B4F8101B5A22B0AA0BA5605C7DB,MD5=AF68FDDB20DF61ECE812B542176949E4,SHA256=7D6C60195DFB05EEC27377AE25D9AD259D7FDF85FA71D2AA855FD4129C2AADC2,IMPHASH=C24B24FA5FB3285D15231007B6E54465\r\nSigned: true\r\nSignature: Microsoft Windows\r\nSignatureStatus: Valid\r\nUser: WORKSTATION6\\wardog","EventData":"\u003cEventData xmlns=\"http://schemas.microsoft.com/win/2004/08/events/event\"\u003e\u003cData Name=\"RuleName\"\u003e-\u003c/Data\u003e\u003cData Name=\"UtcTime\"\u003e2022-09-21 19:53:53.444\u003c/Data\u003e\u003cData Name=\"ProcessGuid\"\u003e{03bfca49-6bd1-632b-f713-000000000a00}\u003c/Data\u003e\u003cData Name=\"ProcessId\"\u003e1380\u003c/Data\u003e\u003cData Name=\"Image\"\u003eC:\\ProgramData\\MiniDump.exe\u003c/Data\u003e\u003cData Name=\"ImageLoaded\"\u003eC:\\Windows\\System32\\kernel.appcore.dll\u003c/Data\u003e\u003cData Name=\"FileVersion\"\u003e10.0.19041.546 (WinBuild.160101.0800)\u003c/Data\u003e\u003cData Name=\"Description\"\u003eAppModel API Host\u003c/Data\u003e\u003cData Name=\"Product\"\u003eMicrosoft® Windows® Operating System\u003c/Data\u003e\u003cData Name=\"Company\"\u003eMicrosoft Corporation\u003c/Data\u003e\u003cData Name=\"OriginalFileName\"\u003ekernel.appcore.dll\u003c/Data\u003e\u003cData Name=\"Hashes\"\u003eSHA1=CDBA1CC8FD390B4F8101B5A22B0AA0BA5605C7DB,MD5=AF68FDDB20DF61ECE812B542176949E4,SHA256=7D6C60195DFB05EEC27377AE25D9AD259D7FDF85FA71D2AA855FD4129C2AADC2,IMPHASH=C24B24FA5FB3285D15231007B6E54465\u003c/Data\u003e\u003cData Name=\"Signed\"\u003etrue\u003c/Data\u003e\u003cData Name=\"Signature\"\u003eMicrosoft Windows\u003c/Data\u003e\u003cData Name=\"SignatureStatus\"\u003eValid\u003c/Data\u003e\u003cData Name=\"User\"\u003eWORKSTATION6\\wardog\u003c/Data\u003e\u003c/EventData\u003e","Task":"7","RuleName":"-","UtcTime":"2022-09-21 19:53:53.444","ProcessGuid":"{03bfca49-6bd1-632b-f713-000000000a00}","ProcessId":"1380","Image":"C:\\ProgramData\\MiniDump.exe","ImageLoaded":"C:\\Windows\\System32\\kernel.appcore.dll","FileVersion":"10.0.19041.546 (WinBuild.160101.0800)","Description":"AppModel API Host","Product":"Microsoft® Windows® Operating System","Company":"Microsoft Corporation","OriginalFileName":"kernel.appcore.dll","Hashes":"SHA1=CDBA1CC8FD390B4F8101B5A22B0AA0BA5605C7DB,MD5=AF68FDDB20DF61ECE812B542176949E4,SHA256=7D6C60195DFB05EEC27377AE25D9AD259D7FDF85FA71D2AA855FD4129C2AADC2,IMPHASH=C24B24FA5FB3285D15231007B6E54465","Signed":"true","Signature":"Microsoft Windows","SignatureStatus":"Valid","User":"WORKSTATION6\\wardog"},{"EventSourceName":"Microsoft-Windows-Sysmon","Provider":"Microsoft-Windows-Sysmon","ProviderGuid":"{5770385f-c22a-43e0-bf4c-06f5698ffbd9}","Level":"4","Keywords":"0x8000000000000000","Channel":"Microsoft-Windows-Sysmon/Operational","Computer":"WORKSTATION6.mssentinel.local","TimeCreated":"2022-09-21T03:53:53.480Z","TimeGenerated":"2022-09-21T07:53:53.480Z","EventRecordID":"2396036","EventID":5,"Message":"Process terminated:\r\nRuleName: -\r\nUtcTime: 2022-09-21 19:53:53.475\r\nProcessGuid: {03bfca49-6bd1-632b-f713-000000000a00}\r\nProcessId: 1380\r\nImage: C:\\ProgramData\\MiniDump.exe\r\nUser: WORKSTATION6\\wardog","EventData":"\u003cEventData xmlns=\"http://schemas.microsoft.com/win/2004/08/events/event\"\u003e\u003cData Name=\"RuleName\"\u003e-\u003c/Data\u003e\u003cData Name=\"UtcTime\"\u003e2022-09-21 19:53:53.475\u003c/Data\u003e\u003cData Name=\"ProcessGuid\"\u003e{03bfca49-6bd1-632b-f713-000000000a00}\u003c/Data\u003e\u003cData Name=\"ProcessId\"\u003e1380\u003c/Data\u003e\u003cData Name=\"Image\"\u003eC:\\ProgramData\\MiniDump.exe\u003c/Data\u003e\u003cData Name=\"User\"\u003eWORKSTATION6\\wardog\u003c/Data\u003e\u003c/EventData\u003e","Task":"5","RuleName":"-","UtcTime":"2022-09-21 19:53:53.475","ProcessGuid":"{03bfca49-6bd1-632b-f713-000000000a00}","ProcessId":"1380","Image":"C:\\ProgramData\\MiniDump.exe","User":"WORKSTATION6\\wardog"},{"EventSourceName":"Microsoft-Windows-Sysmon","Provider":"Microsoft-Windows-Sysmon","ProviderGuid":"{5770385f-c22a-43e0-bf4c-06f5698ffbd9}","Level":"4","Keywords":"0x8000000000000000","Channel":"Microsoft-Windows-Sysmon/Operational","Computer":"WORKSTATION6.mssentinel.local","TimeCreated":"2022-09-21T03:53:53.532Z","TimeGenerated":"2022-09-21T07:53:53.532Z","EventRecordID":"2396037","EventID":11,"Message":"File created:\r\nRuleName: -\r\nUtcTime: 2022-09-21 19:53:53.522\r\nProcessGuid: {03bfca49-8d25-632a-3000-000000000a00}\r\nProcessId: 2100\r\nImage: C:\\Windows\\system32\\svchost.exe\r\nTargetFilename: C:\\Windows\\Prefetch\\MINIDUMP.EXE-9CABBE24.pf\r\nCreationUtcTime: 2022-09-21 19:24:14.542\r\nUser: NT AUTHORITY\\SYSTEM","EventData":"\u003cEventData xmlns=\"http://schemas.microsoft.com/win/2004/08/events/event\"\u003e\u003cData Name=\"RuleName\"\u003e-\u003c/Data\u003e\u003cData Name=\"UtcTime\"\u003e2022-09-21 19:53:53.522\u003c/Data\u003e\u003cData Name=\"ProcessGuid\"\u003e{03bfca49-8d25-632a-3000-000000000a00}\u003c/Data\u003e\u003cData Name=\"ProcessId\"\u003e2100\u003c/Data\u003e\u003cData Name=\"Image\"\u003eC:\\Windows\\system32\\svchost.exe\u003c/Data\u003e\u003cData Name=\"TargetFilename\"\u003eC:\\Windows\\Prefetch\\MINIDUMP.EXE-9CABBE24.pf\u003c/Data\u003e\u003cData Name=\"CreationUtcTime\"\u003e2022-09-21 19:24:14.542\u003c/Data\u003e\u003cData Name=\"User\"\u003eNT AUTHORITY\\SYSTEM\u003c/Data\u003e\u003c/EventData\u003e","Task":"11","RuleName":"-","UtcTime":"2022-09-21 19:53:53.522","ProcessGuid":"{03bfca49-8d25-632a-3000-000000000a00}","ProcessId":"2100","Image":"C:\\Windows\\system32\\svchost.exe","TargetFilename":"C:\\Windows\\Prefetch\\MINIDUMP.EXE-9CABBE24.pf","CreationUtcTime":"2022-09-21 19:24:14.542","User":"NT AUTHORITY\\SYSTEM"},{"EventSourceName":"Microsoft-Windows-Sysmon","Provider":"Microsoft-Windows-Sysmon","ProviderGuid":"{5770385f-c22a-43e0-bf4c-06f5698ffbd9}","Level":"4","Keywords":"0x8000000000000000","Channel":"Microsoft-Windows-Sysmon/Operational","Computer":"WORKSTATION6.mssentinel.local","TimeCreated":"2022-09-21T03:53:53.684Z","TimeGenerated":"2022-09-21T07:53:53.684Z","EventRecordID":"2396038","EventID":11,"Message":"File created:\r\nRuleName: -\r\nUtcTime: 2022-09-21 19:53:53.679\r\nProcessGuid: {03bfca49-8d1d-632a-2800-000000000a00}\r\nProcessId: 1708\r\nImage: C:\\Windows\\System32\\svchost.exe\r\nTargetFilename: C:\\Windows\\ServiceState\\EventLog\\Data\\lastalive0.dat\r\nCreationUtcTime: 2022-09-21 04:03:45.831\r\nUser: NT AUTHORITY\\LOCAL SERVICE","EventData":"\u003cEventData xmlns=\"http://schemas.microsoft.com/win/2004/08/events/event\"\u003e\u003cData Name=\"RuleName\"\u003e-\u003c/Data\u003e\u003cData Name=\"UtcTime\"\u003e2022-09-21 19:53:53.679\u003c/Data\u003e\u003cData Name=\"ProcessGuid\"\u003e{03bfca49-8d1d-632a-2800-000000000a00}\u003c/Data\u003e\u003cData Name=\"ProcessId\"\u003e1708\u003c/Data\u003e\u003cData Name=\"Image\"\u003eC:\\Windows\\System32\\svchost.exe\u003c/Data\u003e\u003cData Name=\"TargetFilename\"\u003eC:\\Windows\\ServiceState\\EventLog\\Data\\lastalive0.dat\u003c/Data\u003e\u003cData Name=\"CreationUtcTime\"\u003e2022-09-21 04:03:45.831\u003c/Data\u003e\u003cData Name=\"User\"\u003eNT AUTHORITY\\LOCAL SERVICE\u003c/Data\u003e\u003c/EventData\u003e","Task":"11","RuleName":"-","UtcTime":"2022-09-21 19:53:53.679","ProcessGuid":"{03bfca49-8d1d-632a-2800-000000000a00}","ProcessId":"1708","Image":"C:\\Windows\\System32\\svchost.exe","TargetFilename":"C:\\Windows\\ServiceState\\EventLog\\Data\\lastalive0.dat","CreationUtcTime":"2022-09-21 04:03:45.831","User":"NT AUTHORITY\\LOCAL SERVICE"}]
