{"CreationTime":"2023-07-23T12:32:53","Id":"97fc1f52-4cd1-498b-f05e-08db8b78efd7","Operation":"Add-MailboxPermission","OrganizationId":"8d4121ed-0008-406d-bff9-0d5bb312183c","RecordType":1,"ResultStatus":"True","UserKey":"10032002643F6746","UserType":2,"Version":1,"Workload":"Exchange","ClientIP":"[2a09:bac5:114:105::1a:9b]:54809","ObjectId":"e4ad2d28-703e-4189-9752-6b827ef9107d","UserId":"stinger@contoso.onmicrosoft.com","AppId":"fb78d390-0c51-40cd-8e17-fdbfab77341b","ClientAppId":"","ExternalAccess":false,"OrganizationName":"contoso.onmicrosoft.com","OriginatingServer":"TYUPR03MB7029 (15.20.6609.024)","Parameters":[{"Name":"Identity","Value":"Henrietta@contoso.onmicrosoft.com"},{"Name":"AccessRights","Value":"FullAccess"},{"Name":"User","Value":"Lidia@contoso.onmicrosoft.com"},{"Name":"InheritanceType","Value":"All"}],"SessionId":"9c3eaae9-a913-4161-b3f5-e25c7da47797"}
