<BackupInst xmlns="http://www.microsoft.com/GroupPolicy/GPOOperations/Manifest"><GPOGuid><![CDATA[{5FBF123D-C17A-44FF-864E-E84ABD5A49DF}]]></GPOGuid><GPODomain><![CDATA[erebor.com]]></GPODomain><GPODomainGuid><![CDATA[{b044d7f1-7e85-4e98-8739-051da8a74a9b}]]></GPODomainGuid><GPODomainController><![CDATA[HFDC01.erebor.com]]></GPODomainController><BackupTime><![CDATA[2019-10-01T02:26:23]]></BackupTime><ID><![CDATA[{77538CCA-7B43-4848-8B32-1D4C91E8AAC5}]]></ID><Comment><![CDATA[]]></Comment><GPODisplayName><![CDATA[windows event forwarding]]></GPODisplayName></BackupInst>
