<Backups xmlns="http://www.microsoft.com/GroupPolicy/GPOOperations/Manifest" xmlns:mfst="http://www.microsoft.com/GroupPolicy/GPOOperations/Manifest" mfst:version="1.0"><BackupInst><GPOGuid><![CDATA[{fb3efad3-683e-40fb-a3f2-b5d4260bd6a3}]]></GPOGuid><GPODomain><![CDATA[shire.com]]></GPODomain><GPODomainGuid><![CDATA[{0071b080-6b81-498b-b00b-51b45474a348}]]></GPODomainGuid><GPODomainController><![CDATA[HFDC01.shire.com]]></GPODomainController><BackupTime><![CDATA[2019-05-15T11:31:29]]></BackupTime><ID><![CDATA[{48C6E21E-CADB-431D-B11E-4B4E7D296CAA}]]></ID><Comment><![CDATA[]]></Comment><GPODisplayName><![CDATA[Full Domain Auditing Workstations]]></GPODisplayName></BackupInst></Backups>