[{"EventSourceName":"Microsoft-Windows-Security-Auditing","Provider":"Microsoft-Windows-Security-Auditing","ProviderGuid":"{54849625-5478-4994-a5ba-3e3b0328c30d}","Level":"0","Keywords":"0x8020000000000000","Channel":"Security","Computer":"DC01.mssentinel.local","TimeCreated":"2022-09-22T10:54:11.077Z","TimeGenerated":"2022-09-22T02:54:11.077Z","EventRecordID":"4871945","EventID":5158,"Message":"The Windows Filtering Platform has permitted a bind to a local port.\r\n\r\nApplication Information:\r\n\tProcess ID:\t\t1160\r\n\tApplication Name:\t\\device\\harddiskvolume2\\windows\\system32\\svchost.exe\r\n\r\nNetwork Information:\r\n\tSource Address:\t\t::\r\n\tSource Port:\t\t60524\r\n\tProtocol:\t\t17\r\n\r\nFilter Information:\r\n\tFilter Run-Time ID:\t0\r\n\tLayer Name:\t\tResource Assignment\r\n\tLayer Run-Time ID:\t36","EventData":"\u003cEventData xmlns=\"http://schemas.microsoft.com/win/2004/08/events/event\"\u003e\u003cData Name=\"ProcessId\"\u003e1160\u003c/Data\u003e\u003cData Name=\"Application\"\u003e\\device\\harddiskvolume2\\windows\\system32\\svchost.exe\u003c/Data\u003e\u003cData Name=\"SourceAddress\"\u003e::\u003c/Data\u003e\u003cData Name=\"SourcePort\"\u003e60524\u003c/Data\u003e\u003cData Name=\"Protocol\"\u003e17\u003c/Data\u003e\u003cData Name=\"FilterRTID\"\u003e0\u003c/Data\u003e\u003cData Name=\"LayerName\"\u003e%%14608\u003c/Data\u003e\u003cData Name=\"LayerRTID\"\u003e36\u003c/Data\u003e\u003c/EventData\u003e","Task":"12810","ProcessId":"1160","Application":"\\device\\harddiskvolume2\\windows\\system32\\svchost.exe","SourceAddress":"::","SourcePort":"60524","Protocol":"17","FilterRTID":"0","LayerName":"%%14608","LayerRTID":"36"},{"EventSourceName":"Microsoft-Windows-Security-Auditing","Provider":"Microsoft-Windows-Security-Auditing","ProviderGuid":"{54849625-5478-4994-a5ba-3e3b0328c30d}","Level":"0","Keywords":"0x8020000000000000","Channel":"Security","Computer":"DC01.mssentinel.local","TimeCreated":"2022-09-22T10:54:11.077Z","TimeGenerated":"2022-09-22T02:54:11.077Z","EventRecordID":"4871946","EventID":5158,"Message":"The Windows Filtering Platform has permitted a bind to a local port.\r\n\r\nApplication Information:\r\n\tProcess ID:\t\t1160\r\n\tApplication Name:\t\\device\\harddiskvolume2\\windows\\system32\\svchost.exe\r\n\r\nNetwork Information:\r\n\tSource Address:\t\t::\r\n\tSource Port:\t\t60524\r\n\tProtocol:\t\t17\r\n\r\nFilter Information:\r\n\tFilter Run-Time ID:\t0\r\n\tLayer Name:\t\tResource Assignment\r\n\tLayer Run-Time ID:\t38","EventData":"\u003cEventData xmlns=\"http://schemas.microsoft.com/win/2004/08/events/event\"\u003e\u003cData Name=\"ProcessId\"\u003e1160\u003c/Data\u003e\u003cData Name=\"Application\"\u003e\\device\\harddiskvolume2\\windows\\system32\\svchost.exe\u003c/Data\u003e\u003cData Name=\"SourceAddress\"\u003e::\u003c/Data\u003e\u003cData Name=\"SourcePort\"\u003e60524\u003c/Data\u003e\u003cData Name=\"Protocol\"\u003e17\u003c/Data\u003e\u003cData Name=\"FilterRTID\"\u003e0\u003c/Data\u003e\u003cData Name=\"LayerName\"\u003e%%14608\u003c/Data\u003e\u003cData Name=\"LayerRTID\"\u003e38\u003c/Data\u003e\u003c/EventData\u003e","Task":"12810","ProcessId":"1160","Application":"\\device\\harddiskvolume2\\windows\\system32\\svchost.exe","SourceAddress":"::","SourcePort":"60524","Protocol":"17","FilterRTID":"0","LayerName":"%%14608","LayerRTID":"38"},{"EventSourceName":"Microsoft-Windows-Security-Auditing","Provider":"Microsoft-Windows-Security-Auditing","ProviderGuid":"{54849625-5478-4994-a5ba-3e3b0328c30d}","Level":"0","Keywords":"0x8020000000000000","Channel":"Security","Computer":"DC01.mssentinel.local","TimeCreated":"2022-09-22T10:54:11.077Z","TimeGenerated":"2022-09-22T02:54:11.077Z","EventRecordID":"4871947","EventID":5156,"Message":"The Windows Filtering Platform has permitted a connection.\r\n\r\nApplication Information:\r\n\tProcess ID:\t\t1160\r\n\tApplication Name:\t\\device\\harddiskvolume2\\windows\\system32\\svchost.exe\r\n\r\nNetwork Information:\r\n\tDirection:\t\tOutbound\r\n\tSource Address:\t\t::1\r\n\tSource Port:\t\t60524\r\n\tDestination Address:\t::1\r\n\tDestination Port:\t\t53\r\n\tProtocol:\t\t17\r\n\r\nFilter Information:\r\n\tFilter Run-Time ID:\t65893\r\n\tLayer Name:\t\tConnect\r\n\tLayer Run-Time ID:\t50","EventData":"\u003cEventData xmlns=\"http://schemas.microsoft.com/win/2004/08/events/event\"\u003e\u003cData Name=\"ProcessID\"\u003e1160\u003c/Data\u003e\u003cData Name=\"Application\"\u003e\\device\\harddiskvolume2\\windows\\system32\\svchost.exe\u003c/Data\u003e\u003cData Name=\"Direction\"\u003e%%14593\u003c/Data\u003e\u003cData Name=\"SourceAddress\"\u003e::1\u003c/Data\u003e\u003cData Name=\"SourcePort\"\u003e60524\u003c/Data\u003e\u003cData Name=\"DestAddress\"\u003e::1\u003c/Data\u003e\u003cData Name=\"DestPort\"\u003e53\u003c/Data\u003e\u003cData Name=\"Protocol\"\u003e17\u003c/Data\u003e\u003cData Name=\"FilterRTID\"\u003e65893\u003c/Data\u003e\u003cData Name=\"LayerName\"\u003e%%14611\u003c/Data\u003e\u003cData Name=\"LayerRTID\"\u003e50\u003c/Data\u003e\u003cData Name=\"RemoteUserID\"\u003eS-1-0-0\u003c/Data\u003e\u003cData Name=\"RemoteMachineID\"\u003eS-1-0-0\u003c/Data\u003e\u003c/EventData\u003e","Task":"12810","ProcessID":"1160","Application":"\\device\\harddiskvolume2\\windows\\system32\\svchost.exe","Direction":"%%14593","SourceAddress":"::1","SourcePort":"60524","DestAddress":"::1","DestPort":"53","Protocol":"17","FilterRTID":"65893","LayerName":"%%14611","LayerRTID":"50","RemoteUserID":"S-1-0-0","RemoteMachineID":"S-1-0-0"},{"EventSourceName":"Microsoft-Windows-Security-Auditing","Provider":"Microsoft-Windows-Security-Auditing","ProviderGuid":"{54849625-5478-4994-a5ba-3e3b0328c30d}","Level":"0","Keywords":"0x8020000000000000","Channel":"Security","Computer":"DC01.mssentinel.local","TimeCreated":"2022-09-22T10:54:11.078Z","TimeGenerated":"2022-09-22T02:54:11.078Z","EventRecordID":"4871948","EventID":5158,"Message":"The Windows Filtering Platform has permitted a bind to a local port.\r\n\r\nApplication Information:\r\n\tProcess ID:\t\t14124\r\n\tApplication Name:\t\\device\\harddiskvolume2\\packages\\plugins\\microsoft.azure.monitor.azuremonitorwindowsagent\\1.8.0.0\\monitoring\\agent\\monagentcore.exe\r\n\r\nNetwork Information:\r\n\tSource Address:\t\t0.0.0.0\r\n\tSource Port:\t\t53227\r\n\tProtocol:\t\t6\r\n\r\nFilter Information:\r\n\tFilter Run-Time ID:\t0\r\n\tLayer Name:\t\tResource Assignment\r\n\tLayer Run-Time ID:\t36","EventData":"\u003cEventData xmlns=\"http://schemas.microsoft.com/win/2004/08/events/event\"\u003e\u003cData Name=\"ProcessId\"\u003e14124\u003c/Data\u003e\u003cData Name=\"Application\"\u003e\\device\\harddiskvolume2\\packages\\plugins\\microsoft.azure.monitor.azuremonitorwindowsagent\\1.8.0.0\\monitoring\\agent\\monagentcore.exe\u003c/Data\u003e\u003cData Name=\"SourceAddress\"\u003e0.0.0.0\u003c/Data\u003e\u003cData Name=\"SourcePort\"\u003e53227\u003c/Data\u003e\u003cData Name=\"Protocol\"\u003e6\u003c/Data\u003e\u003cData Name=\"FilterRTID\"\u003e0\u003c/Data\u003e\u003cData Name=\"LayerName\"\u003e%%14608\u003c/Data\u003e\u003cData Name=\"LayerRTID\"\u003e36\u003c/Data\u003e\u003c/EventData\u003e","Task":"12810","ProcessId":"14124","Application":"\\device\\harddiskvolume2\\packages\\plugins\\microsoft.azure.monitor.azuremonitorwindowsagent\\1.8.0.0\\monitoring\\agent\\monagentcore.exe","SourceAddress":"0.0.0.0","SourcePort":"53227","Protocol":"6","FilterRTID":"0","LayerName":"%%14608","LayerRTID":"36"},{"EventSourceName":"Microsoft-Windows-Security-Auditing","Provider":"Microsoft-Windows-Security-Auditing","ProviderGuid":"{54849625-5478-4994-a5ba-3e3b0328c30d}","Level":"0","Keywords":"0x8020000000000000","Channel":"Security","Computer":"DC01.mssentinel.local","TimeCreated":"2022-09-22T10:54:11.078Z","TimeGenerated":"2022-09-22T02:54:11.078Z","EventRecordID":"4871949","EventID":5156,"Message":"The Windows Filtering Platform has permitted a connection.\r\n\r\nApplication Information:\r\n\tProcess ID:\t\t14124\r\n\tApplication Name:\t\\device\\harddiskvolume2\\packages\\plugins\\microsoft.azure.monitor.azuremonitorwindowsagent\\1.8.0.0\\monitoring\\agent\\monagentcore.exe\r\n\r\nNetwork Information:\r\n\tDirection:\t\tOutbound\r\n\tSource Address:\t\t192.168.2.4\r\n\tSource Port:\t\t53227\r\n\tDestination Address:\t40.78.243.18\r\n\tDestination Port:\t\t443\r\n\tProtocol:\t\t6\r\n\r\nFilter Information:\r\n\tFilter Run-Time ID:\t76772\r\n\tLayer Name:\t\tConnect\r\n\tLayer Run-Time ID:\t48","EventData":"\u003cEventData xmlns=\"http://schemas.microsoft.com/win/2004/08/events/event\"\u003e\u003cData Name=\"ProcessID\"\u003e14124\u003c/Data\u003e\u003cData Name=\"Application\"\u003e\\device\\harddiskvolume2\\packages\\plugins\\microsoft.azure.monitor.azuremonitorwindowsagent\\1.8.0.0\\monitoring\\agent\\monagentcore.exe\u003c/Data\u003e\u003cData Name=\"Direction\"\u003e%%14593\u003c/Data\u003e\u003cData Name=\"SourceAddress\"\u003e192.168.2.4\u003c/Data\u003e\u003cData Name=\"SourcePort\"\u003e53227\u003c/Data\u003e\u003cData Name=\"DestAddress\"\u003e40.78.243.18\u003c/Data\u003e\u003cData Name=\"DestPort\"\u003e443\u003c/Data\u003e\u003cData Name=\"Protocol\"\u003e6\u003c/Data\u003e\u003cData Name=\"FilterRTID\"\u003e76772\u003c/Data\u003e\u003cData Name=\"LayerName\"\u003e%%14611\u003c/Data\u003e\u003cData Name=\"LayerRTID\"\u003e48\u003c/Data\u003e\u003cData Name=\"RemoteUserID\"\u003eS-1-0-0\u003c/Data\u003e\u003cData Name=\"RemoteMachineID\"\u003eS-1-0-0\u003c/Data\u003e\u003c/EventData\u003e","Task":"12810","ProcessID":"14124","Application":"\\device\\harddiskvolume2\\packages\\plugins\\microsoft.azure.monitor.azuremonitorwindowsagent\\1.8.0.0\\monitoring\\agent\\monagentcore.exe","Direction":"%%14593","SourceAddress":"192.168.2.4","SourcePort":"53227","DestAddress":"40.78.243.18","DestPort":"443","Protocol":"6","FilterRTID":"76772","LayerName":"%%14611","LayerRTID":"48","RemoteUserID":"S-1-0-0","RemoteMachineID":"S-1-0-0"},{"EventSourceName":"Microsoft-Windows-Security-Auditing","Provider":"Microsoft-Windows-Security-Auditing","ProviderGuid":"{54849625-5478-4994-a5ba-3e3b0328c30d}","Level":"0","Keywords":"0x8020000000000000","Channel":"Security","Computer":"DC01.mssentinel.local","TimeCreated":"2022-09-22T10:54:12.042Z","TimeGenerated":"2022-09-22T02:54:12.042Z","EventRecordID":"4871950","EventID":5156,"Message":"The Windows Filtering Platform has permitted a connection.\r\n\r\nApplication Information:\r\n\tProcess ID:\t\t4\r\n\tApplication Name:\tSystem\r\n\r\nNetwork Information:\r\n\tDirection:\t\tInbound\r\n\tSource Address:\t\t192.168.2.6\r\n\tSource Port:\t\t49550\r\n\tDestination Address:\t192.168.2.4\r\n\tDestination Port:\t\t445\r\n\tProtocol:\t\t6\r\n\r\nFilter Information:\r\n\tFilter Run-Time ID:\t68644\r\n\tLayer Name:\t\tReceive/Accept\r\n\tLayer Run-Time ID:\t44","EventData":"\u003cEventData xmlns=\"http://schemas.microsoft.com/win/2004/08/events/event\"\u003e\u003cData Name=\"ProcessID\"\u003e4\u003c/Data\u003e\u003cData Name=\"Application\"\u003eSystem\u003c/Data\u003e\u003cData Name=\"Direction\"\u003e%%14592\u003c/Data\u003e\u003cData Name=\"SourceAddress\"\u003e192.168.2.6\u003c/Data\u003e\u003cData Name=\"SourcePort\"\u003e49550\u003c/Data\u003e\u003cData Name=\"DestAddress\"\u003e192.168.2.4\u003c/Data\u003e\u003cData Name=\"DestPort\"\u003e445\u003c/Data\u003e\u003cData Name=\"Protocol\"\u003e6\u003c/Data\u003e\u003cData Name=\"FilterRTID\"\u003e68644\u003c/Data\u003e\u003cData Name=\"LayerName\"\u003e%%14610\u003c/Data\u003e\u003cData Name=\"LayerRTID\"\u003e44\u003c/Data\u003e\u003cData Name=\"RemoteUserID\"\u003eS-1-0-0\u003c/Data\u003e\u003cData Name=\"RemoteMachineID\"\u003eS-1-0-0\u003c/Data\u003e\u003c/EventData\u003e","Task":"12810","ProcessID":"4","Application":"System","Direction":"%%14592","SourceAddress":"192.168.2.6","SourcePort":"49550","DestAddress":"192.168.2.4","DestPort":"445","Protocol":"6","FilterRTID":"68644","LayerName":"%%14610","LayerRTID":"44","RemoteUserID":"S-1-0-0","RemoteMachineID":"S-1-0-0"},{"EventSourceName":"Microsoft-Windows-Security-Auditing","Provider":"Microsoft-Windows-Security-Auditing","ProviderGuid":"{54849625-5478-4994-a5ba-3e3b0328c30d}","Level":"0","Keywords":"0x8020000000000000","Channel":"Security","Computer":"DC01.mssentinel.local","TimeCreated":"2022-09-22T10:54:12.045Z","TimeGenerated":"2022-09-22T02:54:12.045Z","EventRecordID":"4871951","EventID":5156,"Message":"The Windows Filtering Platform has permitted a connection.\r\n\r\nApplication Information:\r\n\tProcess ID:\t\t692\r\n\tApplication Name:\t\\device\\harddiskvolume2\\windows\\system32\\lsass.exe\r\n\r\nNetwork Information:\r\n\tDirection:\t\tInbound\r\n\tSource Address:\t\t192.168.2.6\r\n\tSource Port:\t\t49551\r\n\tDestination Address:\t192.168.2.4\r\n\tDestination Port:\t\t88\r\n\tProtocol:\t\t6\r\n\r\nFilter Information:\r\n\tFilter Run-Time ID:\t68644\r\n\tLayer Name:\t\tReceive/Accept\r\n\tLayer Run-Time ID:\t44","EventData":"\u003cEventData xmlns=\"http://schemas.microsoft.com/win/2004/08/events/event\"\u003e\u003cData Name=\"ProcessID\"\u003e692\u003c/Data\u003e\u003cData Name=\"Application\"\u003e\\device\\harddiskvolume2\\windows\\system32\\lsass.exe\u003c/Data\u003e\u003cData Name=\"Direction\"\u003e%%14592\u003c/Data\u003e\u003cData Name=\"SourceAddress\"\u003e192.168.2.6\u003c/Data\u003e\u003cData Name=\"SourcePort\"\u003e49551\u003c/Data\u003e\u003cData Name=\"DestAddress\"\u003e192.168.2.4\u003c/Data\u003e\u003cData Name=\"DestPort\"\u003e88\u003c/Data\u003e\u003cData Name=\"Protocol\"\u003e6\u003c/Data\u003e\u003cData Name=\"FilterRTID\"\u003e68644\u003c/Data\u003e\u003cData Name=\"LayerName\"\u003e%%14610\u003c/Data\u003e\u003cData Name=\"LayerRTID\"\u003e44\u003c/Data\u003e\u003cData Name=\"RemoteUserID\"\u003eS-1-0-0\u003c/Data\u003e\u003cData Name=\"RemoteMachineID\"\u003eS-1-0-0\u003c/Data\u003e\u003c/EventData\u003e","Task":"12810","ProcessID":"692","Application":"\\device\\harddiskvolume2\\windows\\system32\\lsass.exe","Direction":"%%14592","SourceAddress":"192.168.2.6","SourcePort":"49551","DestAddress":"192.168.2.4","DestPort":"88","Protocol":"6","FilterRTID":"68644","LayerName":"%%14610","LayerRTID":"44","RemoteUserID":"S-1-0-0","RemoteMachineID":"S-1-0-0"},{"EventSourceName":"Microsoft-Windows-Security-Auditing","Provider":"Microsoft-Windows-Security-Auditing","ProviderGuid":"{54849625-5478-4994-a5ba-3e3b0328c30d}","Level":"0","Keywords":"0x8020000000000000","Channel":"Security","Computer":"DC01.mssentinel.local","TimeCreated":"2022-09-22T10:54:12.046Z","TimeGenerated":"2022-09-22T02:54:12.046Z","EventRecordID":"4871952","EventID":4769,"Message":"A Kerberos service ticket was requested.\r\n\r\nAccount Information:\r\n\tAccount Name:\t\tsbeavers@MSSENTINEL.LOCAL\r\n\tAccount Domain:\t\tMSSENTINEL.LOCAL\r\n\tLogon GUID:\t\t{5388e967-10b4-69b3-1c94-40e97acf5cce}\r\n\r\nService Information:\r\n\tService Name:\t\tDC01$\r\n\tService ID:\t\tS-1-5-21-1569727641-2518674866-3296776394-1000\r\n\r\nNetwork Information:\r\n\tClient Address:\t\t::ffff:192.168.2.6\r\n\tClient Port:\t\t49551\r\n\r\nAdditional Information:\r\n\tTicket Options:\t\t0x40810000\r\n\tTicket Encryption Type:\t0x12\r\n\tFailure Code:\t\t0x0\r\n\tTransited Services:\t-\r\n\r\nThis event is generated every time access is requested to a resource such as a computer or a Windows service.  The service name indicates the resource to which access was requested.\r\n\r\nThis event can be correlated with Windows logon events by comparing the Logon GUID fields in each event.  The logon event occurs on the machine that was accessed, which is often a different machine than the domain controller which issued the service ticket.\r\n\r\nTicket options, encryption types, and failure codes are defined in RFC 4120.","EventData":"\u003cEventData xmlns=\"http://schemas.microsoft.com/win/2004/08/events/event\"\u003e\u003cData Name=\"TargetUserName\"\u003esbeavers@MSSENTINEL.LOCAL\u003c/Data\u003e\u003cData Name=\"TargetDomainName\"\u003eMSSENTINEL.LOCAL\u003c/Data\u003e\u003cData Name=\"ServiceName\"\u003eDC01$\u003c/Data\u003e\u003cData Name=\"ServiceSid\"\u003eS-1-5-21-1569727641-2518674866-3296776394-1000\u003c/Data\u003e\u003cData Name=\"TicketOptions\"\u003e0x40810000\u003c/Data\u003e\u003cData Name=\"TicketEncryptionType\"\u003e0x12\u003c/Data\u003e\u003cData Name=\"IpAddress\"\u003e::ffff:192.168.2.6\u003c/Data\u003e\u003cData Name=\"IpPort\"\u003e49551\u003c/Data\u003e\u003cData Name=\"Status\"\u003e0x0\u003c/Data\u003e\u003cData Name=\"LogonGuid\"\u003e{5388e967-10b4-69b3-1c94-40e97acf5cce}\u003c/Data\u003e\u003cData Name=\"TransmittedServices\"\u003e-\u003c/Data\u003e\u003c/EventData\u003e","Task":"14337","TargetUserName":"sbeavers@MSSENTINEL.LOCAL","TargetDomainName":"MSSENTINEL.LOCAL","ServiceName":"DC01$","ServiceSid":"S-1-5-21-1569727641-2518674866-3296776394-1000","TicketOptions":"0x40810000","TicketEncryptionType":"0x12","IpAddress":"::ffff:192.168.2.6","IpPort":"49551","Status":"0x0","LogonGuid":"{5388e967-10b4-69b3-1c94-40e97acf5cce}","TransmittedServices":"-"},{"EventSourceName":"Microsoft-Windows-Security-Auditing","Provider":"Microsoft-Windows-Security-Auditing","ProviderGuid":"{54849625-5478-4994-a5ba-3e3b0328c30d}","Level":"0","Keywords":"0x8020000000000000","Channel":"Security","Computer":"DC01.mssentinel.local","TimeCreated":"2022-09-22T10:54:12.047Z","TimeGenerated":"2022-09-22T02:54:12.047Z","EventRecordID":"4871953","EventID":5156,"Message":"The Windows Filtering Platform has permitted a connection.\r\n\r\nApplication Information:\r\n\tProcess ID:\t\t692\r\n\tApplication Name:\t\\device\\harddiskvolume2\\windows\\system32\\lsass.exe\r\n\r\nNetwork Information:\r\n\tDirection:\t\tInbound\r\n\tSource Address:\t\t192.168.2.6\r\n\tSource Port:\t\t49552\r\n\tDestination Address:\t192.168.2.4\r\n\tDestination Port:\t\t88\r\n\tProtocol:\t\t6\r\n\r\nFilter Information:\r\n\tFilter Run-Time ID:\t68644\r\n\tLayer Name:\t\tReceive/Accept\r\n\tLayer Run-Time ID:\t44","EventData":"\u003cEventData xmlns=\"http://schemas.microsoft.com/win/2004/08/events/event\"\u003e\u003cData Name=\"ProcessID\"\u003e692\u003c/Data\u003e\u003cData Name=\"Application\"\u003e\\device\\harddiskvolume2\\windows\\system32\\lsass.exe\u003c/Data\u003e\u003cData Name=\"Direction\"\u003e%%14592\u003c/Data\u003e\u003cData Name=\"SourceAddress\"\u003e192.168.2.6\u003c/Data\u003e\u003cData Name=\"SourcePort\"\u003e49552\u003c/Data\u003e\u003cData Name=\"DestAddress\"\u003e192.168.2.4\u003c/Data\u003e\u003cData Name=\"DestPort\"\u003e88\u003c/Data\u003e\u003cData Name=\"Protocol\"\u003e6\u003c/Data\u003e\u003cData Name=\"FilterRTID\"\u003e68644\u003c/Data\u003e\u003cData Name=\"LayerName\"\u003e%%14610\u003c/Data\u003e\u003cData Name=\"LayerRTID\"\u003e44\u003c/Data\u003e\u003cData Name=\"RemoteUserID\"\u003eS-1-0-0\u003c/Data\u003e\u003cData Name=\"RemoteMachineID\"\u003eS-1-0-0\u003c/Data\u003e\u003c/EventData\u003e","Task":"12810","ProcessID":"692","Application":"\\device\\harddiskvolume2\\windows\\system32\\lsass.exe","Direction":"%%14592","SourceAddress":"192.168.2.6","SourcePort":"49552","DestAddress":"192.168.2.4","DestPort":"88","Protocol":"6","FilterRTID":"68644","LayerName":"%%14610","LayerRTID":"44","RemoteUserID":"S-1-0-0","RemoteMachineID":"S-1-0-0"},{"EventSourceName":"Microsoft-Windows-Security-Auditing","Provider":"Microsoft-Windows-Security-Auditing","ProviderGuid":"{54849625-5478-4994-a5ba-3e3b0328c30d}","Level":"0","Keywords":"0x8020000000000000","Channel":"Security","Computer":"DC01.mssentinel.local","TimeCreated":"2022-09-22T10:54:12.047Z","TimeGenerated":"2022-09-22T02:54:12.047Z","EventRecordID":"4871954","EventID":4769,"Message":"A Kerberos service ticket was requested.\r\n\r\nAccount Information:\r\n\tAccount Name:\t\tsbeavers@MSSENTINEL.LOCAL\r\n\tAccount Domain:\t\tMSSENTINEL.LOCAL\r\n\tLogon GUID:\t\t{5388e967-10b4-69b3-1c94-40e97acf5cce}\r\n\r\nService Information:\r\n\tService Name:\t\tkrbtgt\r\n\tService ID:\t\tS-1-5-21-1569727641-2518674866-3296776394-502\r\n\r\nNetwork Information:\r\n\tClient Address:\t\t::ffff:192.168.2.6\r\n\tClient Port:\t\t49552\r\n\r\nAdditional Information:\r\n\tTicket Options:\t\t0x60810010\r\n\tTicket Encryption Type:\t0x12\r\n\tFailure Code:\t\t0x0\r\n\tTransited Services:\t-\r\n\r\nThis event is generated every time access is requested to a resource such as a computer or a Windows service.  The service name indicates the resource to which access was requested.\r\n\r\nThis event can be correlated with Windows logon events by comparing the Logon GUID fields in each event.  The logon event occurs on the machine that was accessed, which is often a different machine than the domain controller which issued the service ticket.\r\n\r\nTicket options, encryption types, and failure codes are defined in RFC 4120.","EventData":"\u003cEventData xmlns=\"http://schemas.microsoft.com/win/2004/08/events/event\"\u003e\u003cData Name=\"TargetUserName\"\u003esbeavers@MSSENTINEL.LOCAL\u003c/Data\u003e\u003cData Name=\"TargetDomainName\"\u003eMSSENTINEL.LOCAL\u003c/Data\u003e\u003cData Name=\"ServiceName\"\u003ekrbtgt\u003c/Data\u003e\u003cData Name=\"ServiceSid\"\u003eS-1-5-21-1569727641-2518674866-3296776394-502\u003c/Data\u003e\u003cData Name=\"TicketOptions\"\u003e0x60810010\u003c/Data\u003e\u003cData Name=\"TicketEncryptionType\"\u003e0x12\u003c/Data\u003e\u003cData Name=\"IpAddress\"\u003e::ffff:192.168.2.6\u003c/Data\u003e\u003cData Name=\"IpPort\"\u003e49552\u003c/Data\u003e\u003cData Name=\"Status\"\u003e0x0\u003c/Data\u003e\u003cData Name=\"LogonGuid\"\u003e{5388e967-10b4-69b3-1c94-40e97acf5cce}\u003c/Data\u003e\u003cData Name=\"TransmittedServices\"\u003e-\u003c/Data\u003e\u003c/EventData\u003e","Task":"14337","TargetUserName":"sbeavers@MSSENTINEL.LOCAL","TargetDomainName":"MSSENTINEL.LOCAL","ServiceName":"krbtgt","ServiceSid":"S-1-5-21-1569727641-2518674866-3296776394-502","TicketOptions":"0x60810010","TicketEncryptionType":"0x12","IpAddress":"::ffff:192.168.2.6","IpPort":"49552","Status":"0x0","LogonGuid":"{5388e967-10b4-69b3-1c94-40e97acf5cce}","TransmittedServices":"-"},{"EventSourceName":"Microsoft-Windows-Security-Auditing","Provider":"Microsoft-Windows-Security-Auditing","ProviderGuid":"{54849625-5478-4994-a5ba-3e3b0328c30d}","Level":"0","Keywords":"0x8020000000000000","Channel":"Security","Computer":"DC01.mssentinel.local","TimeCreated":"2022-09-22T10:54:12.049Z","TimeGenerated":"2022-09-22T02:54:12.049Z","EventRecordID":"4871955","EventID":4624,"Message":"An account was successfully logged on.\r\n\r\nSubject:\r\n\tSecurity ID:\t\tS-1-0-0\r\n\tAccount Name:\t\t-\r\n\tAccount Domain:\t\t-\r\n\tLogon ID:\t\t0x0\r\n\r\nLogon Information:\r\n\tLogon Type:\t\t3\r\n\tRestricted Admin Mode:\t-\r\n\tVirtual Account:\t\tNo\r\n\tElevated Token:\t\tYes\r\n\r\nImpersonation Level:\t\tDelegation\r\n\r\nNew Logon:\r\n\tSecurity ID:\t\tS-1-5-21-1569727641-2518674866-3296776394-1106\r\n\tAccount Name:\t\tsbeavers\r\n\tAccount Domain:\t\tMSSENTINEL.LOCAL\r\n\tLogon ID:\t\t0x17535592\r\n\tLinked Logon ID:\t\t0x0\r\n\tNetwork Account Name:\t-\r\n\tNetwork Account Domain:\t-\r\n\tLogon GUID:\t\t{8107782c-70ef-8a04-f290-1e40c604d001}\r\n\r\nProcess Information:\r\n\tProcess ID:\t\t0x0\r\n\tProcess Name:\t\t-\r\n\r\nNetwork Information:\r\n\tWorkstation Name:\t-\r\n\tSource Network Address:\t192.168.2.6\r\n\tSource Port:\t\t49550\r\n\r\nDetailed Authentication Information:\r\n\tLogon Process:\t\tKerberos\r\n\tAuthentication Package:\tKerberos\r\n\tTransited Services:\t-\r\n\tPackage Name (NTLM only):\t-\r\n\tKey Length:\t\t0\r\n\r\nThis event is generated when a logon session is created. It is generated on the computer that was accessed.\r\n\r\nThe subject fields indicate the account on the local system which requested the logon. This is most commonly a service such as the Server service, or a local process such as Winlogon.exe or Services.exe.\r\n\r\nThe logon type field indicates the kind of logon that occurred. The most common types are 2 (interactive) and 3 (network).\r\n\r\nThe New Logon fields indicate the account for whom the new logon was created, i.e. the account that was logged on.\r\n\r\nThe network fields indicate where a remote logon request originated. Workstation name is not always available and may be left blank in some cases.\r\n\r\nThe impersonation level field indicates the extent to which a process in the logon session can impersonate.\r\n\r\nThe authentication information fields provide detailed information about this specific logon request.\r\n\t- Logon GUID is a unique identifier that can be used to correlate this event with a KDC event.\r\n\t- Transited services indicate which intermediate services have participated in this logon request.\r\n\t- Package name indicates which sub-protocol was used among the NTLM protocols.\r\n\t- Key length indicates the length of the generated session key. This will be 0 if no session key was requested.","EventData":"\u003cEventData xmlns=\"http://schemas.microsoft.com/win/2004/08/events/event\"\u003e\u003cData Name=\"SubjectUserSid\"\u003eS-1-0-0\u003c/Data\u003e\u003cData Name=\"SubjectUserName\"\u003e-\u003c/Data\u003e\u003cData Name=\"SubjectDomainName\"\u003e-\u003c/Data\u003e\u003cData Name=\"SubjectLogonId\"\u003e0x0\u003c/Data\u003e\u003cData Name=\"TargetUserSid\"\u003eS-1-5-21-1569727641-2518674866-3296776394-1106\u003c/Data\u003e\u003cData Name=\"TargetUserName\"\u003esbeavers\u003c/Data\u003e\u003cData Name=\"TargetDomainName\"\u003eMSSENTINEL.LOCAL\u003c/Data\u003e\u003cData Name=\"TargetLogonId\"\u003e0x17535592\u003c/Data\u003e\u003cData Name=\"LogonType\"\u003e3\u003c/Data\u003e\u003cData Name=\"LogonProcessName\"\u003eKerberos\u003c/Data\u003e\u003cData Name=\"AuthenticationPackageName\"\u003eKerberos\u003c/Data\u003e\u003cData Name=\"WorkstationName\"\u003e-\u003c/Data\u003e\u003cData Name=\"LogonGuid\"\u003e{8107782c-70ef-8a04-f290-1e40c604d001}\u003c/Data\u003e\u003cData Name=\"TransmittedServices\"\u003e-\u003c/Data\u003e\u003cData Name=\"LmPackageName\"\u003e-\u003c/Data\u003e\u003cData Name=\"KeyLength\"\u003e0\u003c/Data\u003e\u003cData Name=\"ProcessId\"\u003e0x0\u003c/Data\u003e\u003cData Name=\"ProcessName\"\u003e-\u003c/Data\u003e\u003cData Name=\"IpAddress\"\u003e192.168.2.6\u003c/Data\u003e\u003cData Name=\"IpPort\"\u003e49550\u003c/Data\u003e\u003cData Name=\"ImpersonationLevel\"\u003e%%1840\u003c/Data\u003e\u003cData Name=\"RestrictedAdminMode\"\u003e-\u003c/Data\u003e\u003cData Name=\"TargetOutboundUserName\"\u003e-\u003c/Data\u003e\u003cData Name=\"TargetOutboundDomainName\"\u003e-\u003c/Data\u003e\u003cData Name=\"VirtualAccount\"\u003e%%1843\u003c/Data\u003e\u003cData Name=\"TargetLinkedLogonId\"\u003e0x0\u003c/Data\u003e\u003cData Name=\"ElevatedToken\"\u003e%%1842\u003c/Data\u003e\u003c/EventData\u003e","Task":"12544","SubjectUserSid":"S-1-0-0","SubjectUserName":"-","SubjectDomainName":"-","SubjectLogonId":"0x0","TargetUserSid":"S-1-5-21-1569727641-2518674866-3296776394-1106","TargetUserName":"sbeavers","TargetDomainName":"MSSENTINEL.LOCAL","TargetLogonId":"0x17535592","LogonType":3,"LogonProcessName":"Kerberos","AuthenticationPackageName":"Kerberos","WorkstationName":"-","LogonGuid":"{8107782c-70ef-8a04-f290-1e40c604d001}","TransmittedServices":"-","LmPackageName":"-","KeyLength":0,"ProcessId":"0x0","ProcessName":"-","IpAddress":"192.168.2.6","IpPort":"49550","ImpersonationLevel":"%%1840","RestrictedAdminMode":"-","TargetOutboundUserName":"-","TargetOutboundDomainName":"-","VirtualAccount":"%%1843","TargetLinkedLogonId":"0x0","ElevatedToken":"%%1842"},{"EventSourceName":"Microsoft-Windows-Security-Auditing","Provider":"Microsoft-Windows-Security-Auditing","ProviderGuid":"{54849625-5478-4994-a5ba-3e3b0328c30d}","Level":"0","Keywords":"0x8020000000000000","Channel":"Security","Computer":"DC01.mssentinel.local","TimeCreated":"2022-09-22T10:54:12.049Z","TimeGenerated":"2022-09-22T02:54:12.049Z","EventRecordID":"4871956","EventID":4627,"Message":"Group membership information.\r\n\r\nSubject:\r\n\tSecurity ID:\t\tS-1-0-0\r\n\tAccount Name:\t\t-\r\n\tAccount Domain:\t\t-\r\n\tLogon ID:\t\t0x0\r\n\r\nLogon Type:\t\t\t3\r\n\r\nNew Logon:\r\n\tSecurity ID:\t\tS-1-5-21-1569727641-2518674866-3296776394-1106\r\n\tAccount Name:\t\tsbeavers\r\n\tAccount Domain:\t\tMSSENTINEL.LOCAL\r\n\tLogon ID:\t\t0x17535592\r\n\r\nEvent in sequence:\t\t1 of 1\r\n\r\nGroup Membership:\t\t\t\r\n\t\t%{S-1-5-21-1569727641-2518674866-3296776394-513}\r\n\t\t%{S-1-1-0}\r\n\t\t%{S-1-5-32-545}\r\n\t\t%{S-1-5-32-554}\r\n\t\t%{S-1-5-32-555}\r\n\t\t%{S-1-5-32-574}\r\n\t\t%{S-1-5-2}\r\n\t\t%{S-1-5-11}\r\n\t\t%{S-1-5-15}\r\n\t\t%{S-1-18-1}\r\n\t\t%{S-1-16-8448}\r\n\r\nThe subject fields indicate the account on the local system which requested the logon. This is most commonly a service such as the Server service, or a local process such as Winlogon.exe or Services.exe.\r\n\r\nThe logon type field indicates the kind of logon that occurred. The most common types are 2 (interactive) and 3 (network).\r\n\r\nThe New Logon fields indicate the account for whom the new logon was created, i.e. the account that was logged on.\r\n\r\nThis event is generated when the Audit Group Membership subcategory is configured.  The Logon ID field can be used to correlate this event with the corresponding user logon event as well as to any other security audit events generated during this logon session.","EventData":"\u003cEventData xmlns=\"http://schemas.microsoft.com/win/2004/08/events/event\"\u003e\u003cData Name=\"SubjectUserSid\"\u003eS-1-0-0\u003c/Data\u003e\u003cData Name=\"SubjectUserName\"\u003e-\u003c/Data\u003e\u003cData Name=\"SubjectDomainName\"\u003e-\u003c/Data\u003e\u003cData Name=\"SubjectLogonId\"\u003e0x0\u003c/Data\u003e\u003cData Name=\"TargetUserSid\"\u003eS-1-5-21-1569727641-2518674866-3296776394-1106\u003c/Data\u003e\u003cData Name=\"TargetUserName\"\u003esbeavers\u003c/Data\u003e\u003cData Name=\"TargetDomainName\"\u003eMSSENTINEL.LOCAL\u003c/Data\u003e\u003cData Name=\"TargetLogonId\"\u003e0x17535592\u003c/Data\u003e\u003cData Name=\"LogonType\"\u003e3\u003c/Data\u003e\u003cData Name=\"EventIdx\"\u003e1\u003c/Data\u003e\u003cData Name=\"EventCountTotal\"\u003e1\u003c/Data\u003e\u003cData Name=\"GroupMembership\"\u003e\n\t\t%{S-1-5-21-1569727641-2518674866-3296776394-513}\n\t\t%{S-1-1-0}\n\t\t%{S-1-5-32-545}\n\t\t%{S-1-5-32-554}\n\t\t%{S-1-5-32-555}\n\t\t%{S-1-5-32-574}\n\t\t%{S-1-5-2}\n\t\t%{S-1-5-11}\n\t\t%{S-1-5-15}\n\t\t%{S-1-18-1}\n\t\t%{S-1-16-8448}\u003c/Data\u003e\u003c/EventData\u003e","Task":"12554","SubjectUserSid":"S-1-0-0","SubjectUserName":"-","SubjectDomainName":"-","SubjectLogonId":"0x0","TargetUserSid":"S-1-5-21-1569727641-2518674866-3296776394-1106","TargetUserName":"sbeavers","TargetDomainName":"MSSENTINEL.LOCAL","TargetLogonId":"0x17535592","LogonType":3,"EventIdx":"1","EventCountTotal":"1","GroupMembership":"\n\t\t%{S-1-5-21-1569727641-2518674866-3296776394-513}\n\t\t%{S-1-1-0}\n\t\t%{S-1-5-32-545}\n\t\t%{S-1-5-32-554}\n\t\t%{S-1-5-32-555}\n\t\t%{S-1-5-32-574}\n\t\t%{S-1-5-2}\n\t\t%{S-1-5-11}\n\t\t%{S-1-5-15}\n\t\t%{S-1-18-1}\n\t\t%{S-1-16-8448}"},{"EventSourceName":"Microsoft-Windows-Security-Auditing","Provider":"Microsoft-Windows-Security-Auditing","ProviderGuid":"{54849625-5478-4994-a5ba-3e3b0328c30d}","Level":"0","Keywords":"0x8020000000000000","Channel":"Security","Computer":"DC01.mssentinel.local","TimeCreated":"2022-09-22T10:54:12.049Z","TimeGenerated":"2022-09-22T02:54:12.049Z","EventRecordID":"4871957","EventID":5140,"Message":"A network share object was accessed.\r\n\t\r\nSubject:\r\n\tSecurity ID:\t\tS-1-5-21-1569727641-2518674866-3296776394-1106\r\n\tAccount Name:\t\tsbeavers\r\n\tAccount Domain:\t\tMSSENTINEL\r\n\tLogon ID:\t\t0x17535592\r\n\r\nNetwork Information:\t\r\n\tObject Type:\t\tFile\r\n\tSource Address:\t\t192.168.2.6\r\n\tSource Port:\t\t49550\r\n\t\r\nShare Information:\r\n\tShare Name:\t\t\\\\*\\IPC$\r\n\tShare Path:\t\t\r\n\r\nAccess Request Information:\r\n\tAccess Mask:\t\t0x1\r\n\tAccesses:\t\tReadData (or ListDirectory)\r\n\t\t\t\t\r\n","EventData":"\u003cEventData xmlns=\"http://schemas.microsoft.com/win/2004/08/events/event\"\u003e\u003cData Name=\"SubjectUserSid\"\u003eS-1-5-21-1569727641-2518674866-3296776394-1106\u003c/Data\u003e\u003cData Name=\"SubjectUserName\"\u003esbeavers\u003c/Data\u003e\u003cData Name=\"SubjectDomainName\"\u003eMSSENTINEL\u003c/Data\u003e\u003cData Name=\"SubjectLogonId\"\u003e0x17535592\u003c/Data\u003e\u003cData Name=\"ObjectType\"\u003eFile\u003c/Data\u003e\u003cData Name=\"IpAddress\"\u003e192.168.2.6\u003c/Data\u003e\u003cData Name=\"IpPort\"\u003e49550\u003c/Data\u003e\u003cData Name=\"ShareName\"\u003e\\\\*\\IPC$\u003c/Data\u003e\u003cData Name=\"ShareLocalPath\"\u003e\u003c/Data\u003e\u003cData Name=\"AccessMask\"\u003e0x1\u003c/Data\u003e\u003cData Name=\"AccessList\"\u003e%%4416\n\t\t\t\t\u003c/Data\u003e\u003c/EventData\u003e","Task":"12808","SubjectUserSid":"S-1-5-21-1569727641-2518674866-3296776394-1106","SubjectUserName":"sbeavers","SubjectDomainName":"MSSENTINEL","SubjectLogonId":"0x17535592","ObjectType":"File","IpAddress":"192.168.2.6","IpPort":"49550","ShareName":"\\\\*\\IPC$","ShareLocalPath":null,"AccessMask":"0x1","AccessList":"%%4416\n\t\t\t\t"},{"EventSourceName":"Microsoft-Windows-Security-Auditing","Provider":"Microsoft-Windows-Security-Auditing","ProviderGuid":"{54849625-5478-4994-a5ba-3e3b0328c30d}","Level":"0","Keywords":"0x8020000000000000","Channel":"Security","Computer":"DC01.mssentinel.local","TimeCreated":"2022-09-22T10:54:12.050Z","TimeGenerated":"2022-09-22T02:54:12.050Z","EventRecordID":"4871958","EventID":5145,"Message":"A network share object was checked to see whether client can be granted desired access.\r\n\t\r\nSubject:\r\n\tSecurity ID:\t\tS-1-5-21-1569727641-2518674866-3296776394-1106\r\n\tAccount Name:\t\tsbeavers\r\n\tAccount Domain:\t\tMSSENTINEL\r\n\tLogon ID:\t\t0x17535592\r\n\r\nNetwork Information:\t\r\n\tObject Type:\t\tFile\r\n\tSource Address:\t\t192.168.2.6\r\n\tSource Port:\t\t49550\r\n\t\r\nShare Information:\r\n\tShare Name:\t\t\\\\*\\IPC$\r\n\tShare Path:\t\t\r\n\tRelative Target Name:\tsamr\r\n\r\nAccess Request Information:\r\n\tAccess Mask:\t\t0x12019F\r\n\tAccesses:\t\tREAD_CONTROL\r\n\t\t\t\tSYNCHRONIZE\r\n\t\t\t\tReadData (or ListDirectory)\r\n\t\t\t\tWriteData (or AddFile)\r\n\t\t\t\tAppendData (or AddSubdirectory or CreatePipeInstance)\r\n\t\t\t\tReadEA\r\n\t\t\t\tWriteEA\r\n\t\t\t\tReadAttributes\r\n\t\t\t\tWriteAttributes\r\n\t\t\t\t\r\nAccess Check Results:\r\n\t-\r\n","EventData":"\u003cEventData xmlns=\"http://schemas.microsoft.com/win/2004/08/events/event\"\u003e\u003cData Name=\"SubjectUserSid\"\u003eS-1-5-21-1569727641-2518674866-3296776394-1106\u003c/Data\u003e\u003cData Name=\"SubjectUserName\"\u003esbeavers\u003c/Data\u003e\u003cData Name=\"SubjectDomainName\"\u003eMSSENTINEL\u003c/Data\u003e\u003cData Name=\"SubjectLogonId\"\u003e0x17535592\u003c/Data\u003e\u003cData Name=\"ObjectType\"\u003eFile\u003c/Data\u003e\u003cData Name=\"IpAddress\"\u003e192.168.2.6\u003c/Data\u003e\u003cData Name=\"IpPort\"\u003e49550\u003c/Data\u003e\u003cData Name=\"ShareName\"\u003e\\\\*\\IPC$\u003c/Data\u003e\u003cData Name=\"ShareLocalPath\"\u003e\u003c/Data\u003e\u003cData Name=\"RelativeTargetName\"\u003esamr\u003c/Data\u003e\u003cData Name=\"AccessMask\"\u003e0x12019f\u003c/Data\u003e\u003cData Name=\"AccessList\"\u003e%%1538\n\t\t\t\t%%1541\n\t\t\t\t%%4416\n\t\t\t\t%%4417\n\t\t\t\t%%4418\n\t\t\t\t%%4419\n\t\t\t\t%%4420\n\t\t\t\t%%4423\n\t\t\t\t%%4424\n\t\t\t\t\u003c/Data\u003e\u003cData Name=\"AccessReason\"\u003e-\u003c/Data\u003e\u003c/EventData\u003e","Task":"12811","SubjectUserSid":"S-1-5-21-1569727641-2518674866-3296776394-1106","SubjectUserName":"sbeavers","SubjectDomainName":"MSSENTINEL","SubjectLogonId":"0x17535592","ObjectType":"File","IpAddress":"192.168.2.6","IpPort":"49550","ShareName":"\\\\*\\IPC$","ShareLocalPath":null,"RelativeTargetName":"samr","AccessMask":"0x12019f","AccessList":"%%1538\n\t\t\t\t%%1541\n\t\t\t\t%%4416\n\t\t\t\t%%4417\n\t\t\t\t%%4418\n\t\t\t\t%%4419\n\t\t\t\t%%4420\n\t\t\t\t%%4423\n\t\t\t\t%%4424\n\t\t\t\t","AccessReason":"-"},{"EventSourceName":"Microsoft-Windows-Security-Auditing","Provider":"Microsoft-Windows-Security-Auditing","ProviderGuid":"{54849625-5478-4994-a5ba-3e3b0328c30d}","Level":"0","Keywords":"0x8020000000000000","Channel":"Security","Computer":"DC01.mssentinel.local","TimeCreated":"2022-09-22T10:54:12.054Z","TimeGenerated":"2022-09-22T02:54:12.054Z","EventRecordID":"4871959","EventID":4661,"Message":"A handle to an object was requested.\r\n\r\nSubject :\r\n\tSecurity ID:\t\tS-1-5-21-1569727641-2518674866-3296776394-1106\r\n\tAccount Name:\t\tsbeavers\r\n\tAccount Domain:\t\tMSSENTINEL\r\n\tLogon ID:\t\t0x17535592\r\n\r\nObject:\r\n\tObject Server:\tSecurity Account Manager\r\n\tObject Type:\tSAM_DOMAIN\r\n\tObject Name:\tDC=mssentinel,DC=local\r\n\tHandle ID:\t0x147b0585960\r\n\r\nProcess Information:\r\n\tProcess ID:\t0x2b4\r\n\tProcess Name:\tC:\\Windows\\System32\\lsass.exe\r\n\r\nAccess Request Information:\r\n\tTransaction ID:\t{00000000-0000-0000-0000-000000000000}\r\n\tAccesses:\tREAD_CONTROL\r\n\t\t\t\tReadOtherParameters\r\n\t\t\t\tCreateUser\r\n\t\t\t\tGetLocalGroupMembership\r\n\t\t\t\t\r\n\tAccess Reasons:\t\t-\r\n\tAccess Mask:\t0x20094\r\n\tPrivileges Used for Access Check:\t-\r\n\tProperties:\t---\r\n\t{19195a5a-6da0-11d0-afd3-00c04fd930c9}\r\nREAD_CONTROL\r\nReadOtherParameters\r\nCreateUser\r\nGetLocalGroupMembership\r\n\t\t{c7407360-20bf-11d0-a768-00aa006e0529}\r\n\t\t\t{bf9679a4-0de6-11d0-a285-00aa003049e2}\r\n\t\t\t{bf9679a5-0de6-11d0-a285-00aa003049e2}\r\n\t\t\t{bf9679a6-0de6-11d0-a285-00aa003049e2}\r\n\t\t\t{bf9679bb-0de6-11d0-a285-00aa003049e2}\r\n\t\t\t{bf9679c2-0de6-11d0-a285-00aa003049e2}\r\n\t\t\t{bf9679c3-0de6-11d0-a285-00aa003049e2}\r\n\t\t\t{bf967a09-0de6-11d0-a285-00aa003049e2}\r\n\t\t\t{bf967a0b-0de6-11d0-a285-00aa003049e2}\r\n\t\t{b8119fd0-04f6-4762-ab7a-4986c76b3f9a}\r\n\t\t\t{bf967a34-0de6-11d0-a285-00aa003049e2}\r\n\t\t\t{bf967a33-0de6-11d0-a285-00aa003049e2}\r\n\t\t\t{bf9679c5-0de6-11d0-a285-00aa003049e2}\r\n\t\t\t{bf967a61-0de6-11d0-a285-00aa003049e2}\r\n\t\t\t{bf967977-0de6-11d0-a285-00aa003049e2}\r\n\t\t\t{bf96795e-0de6-11d0-a285-00aa003049e2}\r\n\t\t\t{bf9679ea-0de6-11d0-a285-00aa003049e2}\r\n\t\t{ab721a52-1e2f-11d0-9819-00aa0040529b}\r\n\r\n\tRestricted SID Count:\t0","EventData":"\u003cEventData xmlns=\"http://schemas.microsoft.com/win/2004/08/events/event\"\u003e\u003cData Name=\"SubjectUserSid\"\u003eS-1-5-21-1569727641-2518674866-3296776394-1106\u003c/Data\u003e\u003cData Name=\"SubjectUserName\"\u003esbeavers\u003c/Data\u003e\u003cData Name=\"SubjectDomainName\"\u003eMSSENTINEL\u003c/Data\u003e\u003cData Name=\"SubjectLogonId\"\u003e0x17535592\u003c/Data\u003e\u003cData Name=\"ObjectServer\"\u003eSecurity Account Manager\u003c/Data\u003e\u003cData Name=\"ObjectType\"\u003eSAM_DOMAIN\u003c/Data\u003e\u003cData Name=\"ObjectName\"\u003eDC=mssentinel,DC=local\u003c/Data\u003e\u003cData Name=\"HandleId\"\u003e0x147b0585960\u003c/Data\u003e\u003cData Name=\"TransactionId\"\u003e{00000000-0000-0000-0000-000000000000}\u003c/Data\u003e\u003cData Name=\"AccessList\"\u003e%%1538\n\t\t\t\t%%5394\n\t\t\t\t%%5396\n\t\t\t\t%%5399\n\t\t\t\t\u003c/Data\u003e\u003cData Name=\"AccessReason\"\u003e-\u003c/Data\u003e\u003cData Name=\"AccessMask\"\u003e0x20094\u003c/Data\u003e\u003cData Name=\"PrivilegeList\"\u003e-\u003c/Data\u003e\u003cData Name=\"Properties\"\u003e---\n\t{19195a5a-6da0-11d0-afd3-00c04fd930c9}\n%%1538\n%%5394\n%%5396\n%%5399\n\t\t{c7407360-20bf-11d0-a768-00aa006e0529}\n\t\t\t{bf9679a4-0de6-11d0-a285-00aa003049e2}\n\t\t\t{bf9679a5-0de6-11d0-a285-00aa003049e2}\n\t\t\t{bf9679a6-0de6-11d0-a285-00aa003049e2}\n\t\t\t{bf9679bb-0de6-11d0-a285-00aa003049e2}\n\t\t\t{bf9679c2-0de6-11d0-a285-00aa003049e2}\n\t\t\t{bf9679c3-0de6-11d0-a285-00aa003049e2}\n\t\t\t{bf967a09-0de6-11d0-a285-00aa003049e2}\n\t\t\t{bf967a0b-0de6-11d0-a285-00aa003049e2}\n\t\t{b8119fd0-04f6-4762-ab7a-4986c76b3f9a}\n\t\t\t{bf967a34-0de6-11d0-a285-00aa003049e2}\n\t\t\t{bf967a33-0de6-11d0-a285-00aa003049e2}\n\t\t\t{bf9679c5-0de6-11d0-a285-00aa003049e2}\n\t\t\t{bf967a61-0de6-11d0-a285-00aa003049e2}\n\t\t\t{bf967977-0de6-11d0-a285-00aa003049e2}\n\t\t\t{bf96795e-0de6-11d0-a285-00aa003049e2}\n\t\t\t{bf9679ea-0de6-11d0-a285-00aa003049e2}\n\t\t{ab721a52-1e2f-11d0-9819-00aa0040529b}\n\u003c/Data\u003e\u003cData Name=\"RestrictedSidCount\"\u003e0\u003c/Data\u003e\u003cData Name=\"ProcessId\"\u003e0x2b4\u003c/Data\u003e\u003cData Name=\"ProcessName\"\u003eC:\\Windows\\System32\\lsass.exe\u003c/Data\u003e\u003c/EventData\u003e","Task":"12803","SubjectUserSid":"S-1-5-21-1569727641-2518674866-3296776394-1106","SubjectUserName":"sbeavers","SubjectDomainName":"MSSENTINEL","SubjectLogonId":"0x17535592","ObjectServer":"Security Account Manager","ObjectType":"SAM_DOMAIN","ObjectName":"DC=mssentinel,DC=local","HandleId":"0x147b0585960","TransactionId":"{00000000-0000-0000-0000-000000000000}","AccessList":"%%1538\n\t\t\t\t%%5394\n\t\t\t\t%%5396\n\t\t\t\t%%5399\n\t\t\t\t","AccessReason":"-","AccessMask":"0x20094","PrivilegeList":"-","Properties":"---\n\t{19195a5a-6da0-11d0-afd3-00c04fd930c9}\n%%1538\n%%5394\n%%5396\n%%5399\n\t\t{c7407360-20bf-11d0-a768-00aa006e0529}\n\t\t\t{bf9679a4-0de6-11d0-a285-00aa003049e2}\n\t\t\t{bf9679a5-0de6-11d0-a285-00aa003049e2}\n\t\t\t{bf9679a6-0de6-11d0-a285-00aa003049e2}\n\t\t\t{bf9679bb-0de6-11d0-a285-00aa003049e2}\n\t\t\t{bf9679c2-0de6-11d0-a285-00aa003049e2}\n\t\t\t{bf9679c3-0de6-11d0-a285-00aa003049e2}\n\t\t\t{bf967a09-0de6-11d0-a285-00aa003049e2}\n\t\t\t{bf967a0b-0de6-11d0-a285-00aa003049e2}\n\t\t{b8119fd0-04f6-4762-ab7a-4986c76b3f9a}\n\t\t\t{bf967a34-0de6-11d0-a285-00aa003049e2}\n\t\t\t{bf967a33-0de6-11d0-a285-00aa003049e2}\n\t\t\t{bf9679c5-0de6-11d0-a285-00aa003049e2}\n\t\t\t{bf967a61-0de6-11d0-a285-00aa003049e2}\n\t\t\t{bf967977-0de6-11d0-a285-00aa003049e2}\n\t\t\t{bf96795e-0de6-11d0-a285-00aa003049e2}\n\t\t\t{bf9679ea-0de6-11d0-a285-00aa003049e2}\n\t\t{ab721a52-1e2f-11d0-9819-00aa0040529b}\n","RestrictedSidCount":"0","ProcessId":"0x2b4","ProcessName":"C:\\Windows\\System32\\lsass.exe"},{"EventSourceName":"Microsoft-Windows-Security-Auditing","Provider":"Microsoft-Windows-Security-Auditing","ProviderGuid":"{54849625-5478-4994-a5ba-3e3b0328c30d}","Level":"0","Keywords":"0x8020000000000000","Channel":"Security","Computer":"DC01.mssentinel.local","TimeCreated":"2022-09-22T10:54:12.055Z","TimeGenerated":"2022-09-22T02:54:12.055Z","EventRecordID":"4871960","EventID":4661,"Message":"A handle to an object was requested.\r\n\r\nSubject :\r\n\tSecurity ID:\t\tS-1-5-21-1569727641-2518674866-3296776394-1106\r\n\tAccount Name:\t\tsbeavers\r\n\tAccount Domain:\t\tMSSENTINEL\r\n\tLogon ID:\t\t0x17535592\r\n\r\nObject:\r\n\tObject Server:\tSecurity Account Manager\r\n\tObject Type:\tSAM_GROUP\r\n\tObject Name:\tS-1-5-21-1569727641-2518674866-3296776394-512\r\n\tHandle ID:\t0x147b0585e70\r\n\r\nProcess Information:\r\n\tProcess ID:\t0x2b4\r\n\tProcess Name:\tC:\\Windows\\System32\\lsass.exe\r\n\r\nAccess Request Information:\r\n\tTransaction ID:\t{00000000-0000-0000-0000-000000000000}\r\n\tAccesses:\tREAD_CONTROL\r\n\t\t\t\tAddMember\r\n\t\t\t\tListMembers\r\n\t\t\t\tUndefined Access (no effect) Bit 7\r\n\t\t\t\t\r\n\tAccess Reasons:\t\t-\r\n\tAccess Mask:\t0x20094\r\n\tPrivileges Used for Access Check:\t-\r\n\tProperties:\t---\r\n\t{bf967a9c-0de6-11d0-a285-00aa003049e2}\r\nREAD_CONTROL\r\nAddMember\r\nListMembers\r\nUndefined Access (no effect) Bit 7\r\n\t\t\t{bf9679e8-0de6-11d0-a285-00aa003049e2}\r\n\t\t\t{3e0abfd0-126a-11d0-a060-00aa006c33ed}\r\n\t\t{bc0ac240-79a9-11d0-9020-00c04fc2d4cf}\r\n\t\t\t{bf9679c0-0de6-11d0-a285-00aa003049e2}\r\n\t\t{59ba2f42-79a2-11d0-9020-00c04fc2d3cf}\r\n\r\n\tRestricted SID Count:\t0","EventData":"\u003cEventData xmlns=\"http://schemas.microsoft.com/win/2004/08/events/event\"\u003e\u003cData Name=\"SubjectUserSid\"\u003eS-1-5-21-1569727641-2518674866-3296776394-1106\u003c/Data\u003e\u003cData Name=\"SubjectUserName\"\u003esbeavers\u003c/Data\u003e\u003cData Name=\"SubjectDomainName\"\u003eMSSENTINEL\u003c/Data\u003e\u003cData Name=\"SubjectLogonId\"\u003e0x17535592\u003c/Data\u003e\u003cData Name=\"ObjectServer\"\u003eSecurity Account Manager\u003c/Data\u003e\u003cData Name=\"ObjectType\"\u003eSAM_GROUP\u003c/Data\u003e\u003cData Name=\"ObjectName\"\u003eS-1-5-21-1569727641-2518674866-3296776394-512\u003c/Data\u003e\u003cData Name=\"HandleId\"\u003e0x147b0585e70\u003c/Data\u003e\u003cData Name=\"TransactionId\"\u003e{00000000-0000-0000-0000-000000000000}\u003c/Data\u003e\u003cData Name=\"AccessList\"\u003e%%1538\n\t\t\t\t%%5410\n\t\t\t\t%%5412\n\t\t\t\t%%5415\n\t\t\t\t\u003c/Data\u003e\u003cData Name=\"AccessReason\"\u003e-\u003c/Data\u003e\u003cData Name=\"AccessMask\"\u003e0x20094\u003c/Data\u003e\u003cData Name=\"PrivilegeList\"\u003e-\u003c/Data\u003e\u003cData Name=\"Properties\"\u003e---\n\t{bf967a9c-0de6-11d0-a285-00aa003049e2}\n%%1538\n%%5410\n%%5412\n%%5415\n\t\t\t{bf9679e8-0de6-11d0-a285-00aa003049e2}\n\t\t\t{3e0abfd0-126a-11d0-a060-00aa006c33ed}\n\t\t{bc0ac240-79a9-11d0-9020-00c04fc2d4cf}\n\t\t\t{bf9679c0-0de6-11d0-a285-00aa003049e2}\n\t\t{59ba2f42-79a2-11d0-9020-00c04fc2d3cf}\n\u003c/Data\u003e\u003cData Name=\"RestrictedSidCount\"\u003e0\u003c/Data\u003e\u003cData Name=\"ProcessId\"\u003e0x2b4\u003c/Data\u003e\u003cData Name=\"ProcessName\"\u003eC:\\Windows\\System32\\lsass.exe\u003c/Data\u003e\u003c/EventData\u003e","Task":"12803","SubjectUserSid":"S-1-5-21-1569727641-2518674866-3296776394-1106","SubjectUserName":"sbeavers","SubjectDomainName":"MSSENTINEL","SubjectLogonId":"0x17535592","ObjectServer":"Security Account Manager","ObjectType":"SAM_GROUP","ObjectName":"S-1-5-21-1569727641-2518674866-3296776394-512","HandleId":"0x147b0585e70","TransactionId":"{00000000-0000-0000-0000-000000000000}","AccessList":"%%1538\n\t\t\t\t%%5410\n\t\t\t\t%%5412\n\t\t\t\t%%5415\n\t\t\t\t","AccessReason":"-","AccessMask":"0x20094","PrivilegeList":"-","Properties":"---\n\t{bf967a9c-0de6-11d0-a285-00aa003049e2}\n%%1538\n%%5410\n%%5412\n%%5415\n\t\t\t{bf9679e8-0de6-11d0-a285-00aa003049e2}\n\t\t\t{3e0abfd0-126a-11d0-a060-00aa006c33ed}\n\t\t{bc0ac240-79a9-11d0-9020-00c04fc2d4cf}\n\t\t\t{bf9679c0-0de6-11d0-a285-00aa003049e2}\n\t\t{59ba2f42-79a2-11d0-9020-00c04fc2d3cf}\n","RestrictedSidCount":"0","ProcessId":"0x2b4","ProcessName":"C:\\Windows\\System32\\lsass.exe"},{"EventSourceName":"Microsoft-Windows-Security-Auditing","Provider":"Microsoft-Windows-Security-Auditing","ProviderGuid":"{54849625-5478-4994-a5ba-3e3b0328c30d}","Level":"0","Keywords":"0x8020000000000000","Channel":"Security","Computer":"DC01.mssentinel.local","TimeCreated":"2022-09-22T10:54:12.057Z","TimeGenerated":"2022-09-22T02:54:12.057Z","EventRecordID":"4871961","EventID":4658,"Message":"The handle to an object was closed.\r\n\r\nSubject :\r\n\tSecurity ID:\t\tS-1-5-21-1569727641-2518674866-3296776394-1106\r\n\tAccount Name:\t\tsbeavers\r\n\tAccount Domain:\t\tMSSENTINEL\r\n\tLogon ID:\t\t0x17535592\r\n\r\nObject:\r\n\tObject Server:\t\tSecurity Account Manager\r\n\tHandle ID:\t\t0x147b0585e70\r\n\r\nProcess Information:\r\n\tProcess ID:\t\t0x2b4\r\n\tProcess Name:\t\tC:\\Windows\\System32\\lsass.exe","EventData":"\u003cEventData xmlns=\"http://schemas.microsoft.com/win/2004/08/events/event\"\u003e\u003cData Name=\"SubjectUserSid\"\u003eS-1-5-21-1569727641-2518674866-3296776394-1106\u003c/Data\u003e\u003cData Name=\"SubjectUserName\"\u003esbeavers\u003c/Data\u003e\u003cData Name=\"SubjectDomainName\"\u003eMSSENTINEL\u003c/Data\u003e\u003cData Name=\"SubjectLogonId\"\u003e0x17535592\u003c/Data\u003e\u003cData Name=\"ObjectServer\"\u003eSecurity Account Manager\u003c/Data\u003e\u003cData Name=\"HandleId\"\u003e0x147b0585e70\u003c/Data\u003e\u003cData Name=\"ProcessId\"\u003e0x2b4\u003c/Data\u003e\u003cData Name=\"ProcessName\"\u003eC:\\Windows\\System32\\lsass.exe\u003c/Data\u003e\u003c/EventData\u003e","Task":"12804","SubjectUserSid":"S-1-5-21-1569727641-2518674866-3296776394-1106","SubjectUserName":"sbeavers","SubjectDomainName":"MSSENTINEL","SubjectLogonId":"0x17535592","ObjectServer":"Security Account Manager","HandleId":"0x147b0585e70","ProcessId":"0x2b4","ProcessName":"C:\\Windows\\System32\\lsass.exe"},{"EventSourceName":"Microsoft-Windows-Security-Auditing","Provider":"Microsoft-Windows-Security-Auditing","ProviderGuid":"{54849625-5478-4994-a5ba-3e3b0328c30d}","Level":"0","Keywords":"0x8020000000000000","Channel":"Security","Computer":"DC01.mssentinel.local","TimeCreated":"2022-09-22T10:54:12.057Z","TimeGenerated":"2022-09-22T02:54:12.057Z","EventRecordID":"4871962","EventID":4658,"Message":"The handle to an object was closed.\r\n\r\nSubject :\r\n\tSecurity ID:\t\tS-1-5-21-1569727641-2518674866-3296776394-1106\r\n\tAccount Name:\t\tsbeavers\r\n\tAccount Domain:\t\tMSSENTINEL\r\n\tLogon ID:\t\t0x17535592\r\n\r\nObject:\r\n\tObject Server:\t\tSecurity Account Manager\r\n\tHandle ID:\t\t0x147b0585960\r\n\r\nProcess Information:\r\n\tProcess ID:\t\t0x2b4\r\n\tProcess Name:\t\tC:\\Windows\\System32\\lsass.exe","EventData":"\u003cEventData xmlns=\"http://schemas.microsoft.com/win/2004/08/events/event\"\u003e\u003cData Name=\"SubjectUserSid\"\u003eS-1-5-21-1569727641-2518674866-3296776394-1106\u003c/Data\u003e\u003cData Name=\"SubjectUserName\"\u003esbeavers\u003c/Data\u003e\u003cData Name=\"SubjectDomainName\"\u003eMSSENTINEL\u003c/Data\u003e\u003cData Name=\"SubjectLogonId\"\u003e0x17535592\u003c/Data\u003e\u003cData Name=\"ObjectServer\"\u003eSecurity Account Manager\u003c/Data\u003e\u003cData Name=\"HandleId\"\u003e0x147b0585960\u003c/Data\u003e\u003cData Name=\"ProcessId\"\u003e0x2b4\u003c/Data\u003e\u003cData Name=\"ProcessName\"\u003eC:\\Windows\\System32\\lsass.exe\u003c/Data\u003e\u003c/EventData\u003e","Task":"12804","SubjectUserSid":"S-1-5-21-1569727641-2518674866-3296776394-1106","SubjectUserName":"sbeavers","SubjectDomainName":"MSSENTINEL","SubjectLogonId":"0x17535592","ObjectServer":"Security Account Manager","HandleId":"0x147b0585960","ProcessId":"0x2b4","ProcessName":"C:\\Windows\\System32\\lsass.exe"},{"EventSourceName":"Microsoft-Windows-Security-Auditing","Provider":"Microsoft-Windows-Security-Auditing","ProviderGuid":"{54849625-5478-4994-a5ba-3e3b0328c30d}","Level":"0","Keywords":"0x8020000000000000","Channel":"Security","Computer":"DC01.mssentinel.local","TimeCreated":"2022-09-22T10:54:12.059Z","TimeGenerated":"2022-09-22T02:54:12.059Z","EventRecordID":"4871963","EventID":5145,"Message":"A network share object was checked to see whether client can be granted desired access.\r\n\t\r\nSubject:\r\n\tSecurity ID:\t\tS-1-5-21-1569727641-2518674866-3296776394-1106\r\n\tAccount Name:\t\tsbeavers\r\n\tAccount Domain:\t\tMSSENTINEL\r\n\tLogon ID:\t\t0x17535592\r\n\r\nNetwork Information:\t\r\n\tObject Type:\t\tFile\r\n\tSource Address:\t\t192.168.2.6\r\n\tSource Port:\t\t49550\r\n\t\r\nShare Information:\r\n\tShare Name:\t\t\\\\*\\IPC$\r\n\tShare Path:\t\t\r\n\tRelative Target Name:\tsamr\r\n\r\nAccess Request Information:\r\n\tAccess Mask:\t\t0x12019F\r\n\tAccesses:\t\tREAD_CONTROL\r\n\t\t\t\tSYNCHRONIZE\r\n\t\t\t\tReadData (or ListDirectory)\r\n\t\t\t\tWriteData (or AddFile)\r\n\t\t\t\tAppendData (or AddSubdirectory or CreatePipeInstance)\r\n\t\t\t\tReadEA\r\n\t\t\t\tWriteEA\r\n\t\t\t\tReadAttributes\r\n\t\t\t\tWriteAttributes\r\n\t\t\t\t\r\nAccess Check Results:\r\n\t-\r\n","EventData":"\u003cEventData xmlns=\"http://schemas.microsoft.com/win/2004/08/events/event\"\u003e\u003cData Name=\"SubjectUserSid\"\u003eS-1-5-21-1569727641-2518674866-3296776394-1106\u003c/Data\u003e\u003cData Name=\"SubjectUserName\"\u003esbeavers\u003c/Data\u003e\u003cData Name=\"SubjectDomainName\"\u003eMSSENTINEL\u003c/Data\u003e\u003cData Name=\"SubjectLogonId\"\u003e0x17535592\u003c/Data\u003e\u003cData Name=\"ObjectType\"\u003eFile\u003c/Data\u003e\u003cData Name=\"IpAddress\"\u003e192.168.2.6\u003c/Data\u003e\u003cData Name=\"IpPort\"\u003e49550\u003c/Data\u003e\u003cData Name=\"ShareName\"\u003e\\\\*\\IPC$\u003c/Data\u003e\u003cData Name=\"ShareLocalPath\"\u003e\u003c/Data\u003e\u003cData Name=\"RelativeTargetName\"\u003esamr\u003c/Data\u003e\u003cData Name=\"AccessMask\"\u003e0x12019f\u003c/Data\u003e\u003cData Name=\"AccessList\"\u003e%%1538\n\t\t\t\t%%1541\n\t\t\t\t%%4416\n\t\t\t\t%%4417\n\t\t\t\t%%4418\n\t\t\t\t%%4419\n\t\t\t\t%%4420\n\t\t\t\t%%4423\n\t\t\t\t%%4424\n\t\t\t\t\u003c/Data\u003e\u003cData Name=\"AccessReason\"\u003e-\u003c/Data\u003e\u003c/EventData\u003e","Task":"12811","SubjectUserSid":"S-1-5-21-1569727641-2518674866-3296776394-1106","SubjectUserName":"sbeavers","SubjectDomainName":"MSSENTINEL","SubjectLogonId":"0x17535592","ObjectType":"File","IpAddress":"192.168.2.6","IpPort":"49550","ShareName":"\\\\*\\IPC$","ShareLocalPath":null,"RelativeTargetName":"samr","AccessMask":"0x12019f","AccessList":"%%1538\n\t\t\t\t%%1541\n\t\t\t\t%%4416\n\t\t\t\t%%4417\n\t\t\t\t%%4418\n\t\t\t\t%%4419\n\t\t\t\t%%4420\n\t\t\t\t%%4423\n\t\t\t\t%%4424\n\t\t\t\t","AccessReason":"-"},{"EventSourceName":"Microsoft-Windows-Security-Auditing","Provider":"Microsoft-Windows-Security-Auditing","ProviderGuid":"{54849625-5478-4994-a5ba-3e3b0328c30d}","Level":"0","Keywords":"0x8020000000000000","Channel":"Security","Computer":"DC01.mssentinel.local","TimeCreated":"2022-09-22T10:54:12.063Z","TimeGenerated":"2022-09-22T02:54:12.063Z","EventRecordID":"4871964","EventID":4661,"Message":"A handle to an object was requested.\r\n\r\nSubject :\r\n\tSecurity ID:\t\tS-1-5-21-1569727641-2518674866-3296776394-1106\r\n\tAccount Name:\t\tsbeavers\r\n\tAccount Domain:\t\tMSSENTINEL\r\n\tLogon ID:\t\t0x17535592\r\n\r\nObject:\r\n\tObject Server:\tSecurity Account Manager\r\n\tObject Type:\tSAM_DOMAIN\r\n\tObject Name:\tDC=mssentinel,DC=local\r\n\tHandle ID:\t0x147b16f24e0\r\n\r\nProcess Information:\r\n\tProcess ID:\t0x2b4\r\n\tProcess Name:\tC:\\Windows\\System32\\lsass.exe\r\n\r\nAccess Request Information:\r\n\tTransaction ID:\t{00000000-0000-0000-0000-000000000000}\r\n\tAccesses:\tREAD_CONTROL\r\n\t\t\t\tReadOtherParameters\r\n\t\t\t\tCreateUser\r\n\t\t\t\tGetLocalGroupMembership\r\n\t\t\t\t\r\n\tAccess Reasons:\t\t-\r\n\tAccess Mask:\t0x20094\r\n\tPrivileges Used for Access Check:\t-\r\n\tProperties:\t---\r\n\t{19195a5a-6da0-11d0-afd3-00c04fd930c9}\r\nREAD_CONTROL\r\nReadOtherParameters\r\nCreateUser\r\nGetLocalGroupMembership\r\n\t\t{c7407360-20bf-11d0-a768-00aa006e0529}\r\n\t\t\t{bf9679a4-0de6-11d0-a285-00aa003049e2}\r\n\t\t\t{bf9679a5-0de6-11d0-a285-00aa003049e2}\r\n\t\t\t{bf9679a6-0de6-11d0-a285-00aa003049e2}\r\n\t\t\t{bf9679bb-0de6-11d0-a285-00aa003049e2}\r\n\t\t\t{bf9679c2-0de6-11d0-a285-00aa003049e2}\r\n\t\t\t{bf9679c3-0de6-11d0-a285-00aa003049e2}\r\n\t\t\t{bf967a09-0de6-11d0-a285-00aa003049e2}\r\n\t\t\t{bf967a0b-0de6-11d0-a285-00aa003049e2}\r\n\t\t{b8119fd0-04f6-4762-ab7a-4986c76b3f9a}\r\n\t\t\t{bf967a34-0de6-11d0-a285-00aa003049e2}\r\n\t\t\t{bf967a33-0de6-11d0-a285-00aa003049e2}\r\n\t\t\t{bf9679c5-0de6-11d0-a285-00aa003049e2}\r\n\t\t\t{bf967a61-0de6-11d0-a285-00aa003049e2}\r\n\t\t\t{bf967977-0de6-11d0-a285-00aa003049e2}\r\n\t\t\t{bf96795e-0de6-11d0-a285-00aa003049e2}\r\n\t\t\t{bf9679ea-0de6-11d0-a285-00aa003049e2}\r\n\t\t{ab721a52-1e2f-11d0-9819-00aa0040529b}\r\n\r\n\tRestricted SID Count:\t0","EventData":"\u003cEventData xmlns=\"http://schemas.microsoft.com/win/2004/08/events/event\"\u003e\u003cData Name=\"SubjectUserSid\"\u003eS-1-5-21-1569727641-2518674866-3296776394-1106\u003c/Data\u003e\u003cData Name=\"SubjectUserName\"\u003esbeavers\u003c/Data\u003e\u003cData Name=\"SubjectDomainName\"\u003eMSSENTINEL\u003c/Data\u003e\u003cData Name=\"SubjectLogonId\"\u003e0x17535592\u003c/Data\u003e\u003cData Name=\"ObjectServer\"\u003eSecurity Account Manager\u003c/Data\u003e\u003cData Name=\"ObjectType\"\u003eSAM_DOMAIN\u003c/Data\u003e\u003cData Name=\"ObjectName\"\u003eDC=mssentinel,DC=local\u003c/Data\u003e\u003cData Name=\"HandleId\"\u003e0x147b16f24e0\u003c/Data\u003e\u003cData Name=\"TransactionId\"\u003e{00000000-0000-0000-0000-000000000000}\u003c/Data\u003e\u003cData Name=\"AccessList\"\u003e%%1538\n\t\t\t\t%%5394\n\t\t\t\t%%5396\n\t\t\t\t%%5399\n\t\t\t\t\u003c/Data\u003e\u003cData Name=\"AccessReason\"\u003e-\u003c/Data\u003e\u003cData Name=\"AccessMask\"\u003e0x20094\u003c/Data\u003e\u003cData Name=\"PrivilegeList\"\u003e-\u003c/Data\u003e\u003cData Name=\"Properties\"\u003e---\n\t{19195a5a-6da0-11d0-afd3-00c04fd930c9}\n%%1538\n%%5394\n%%5396\n%%5399\n\t\t{c7407360-20bf-11d0-a768-00aa006e0529}\n\t\t\t{bf9679a4-0de6-11d0-a285-00aa003049e2}\n\t\t\t{bf9679a5-0de6-11d0-a285-00aa003049e2}\n\t\t\t{bf9679a6-0de6-11d0-a285-00aa003049e2}\n\t\t\t{bf9679bb-0de6-11d0-a285-00aa003049e2}\n\t\t\t{bf9679c2-0de6-11d0-a285-00aa003049e2}\n\t\t\t{bf9679c3-0de6-11d0-a285-00aa003049e2}\n\t\t\t{bf967a09-0de6-11d0-a285-00aa003049e2}\n\t\t\t{bf967a0b-0de6-11d0-a285-00aa003049e2}\n\t\t{b8119fd0-04f6-4762-ab7a-4986c76b3f9a}\n\t\t\t{bf967a34-0de6-11d0-a285-00aa003049e2}\n\t\t\t{bf967a33-0de6-11d0-a285-00aa003049e2}\n\t\t\t{bf9679c5-0de6-11d0-a285-00aa003049e2}\n\t\t\t{bf967a61-0de6-11d0-a285-00aa003049e2}\n\t\t\t{bf967977-0de6-11d0-a285-00aa003049e2}\n\t\t\t{bf96795e-0de6-11d0-a285-00aa003049e2}\n\t\t\t{bf9679ea-0de6-11d0-a285-00aa003049e2}\n\t\t{ab721a52-1e2f-11d0-9819-00aa0040529b}\n\u003c/Data\u003e\u003cData Name=\"RestrictedSidCount\"\u003e0\u003c/Data\u003e\u003cData Name=\"ProcessId\"\u003e0x2b4\u003c/Data\u003e\u003cData Name=\"ProcessName\"\u003eC:\\Windows\\System32\\lsass.exe\u003c/Data\u003e\u003c/EventData\u003e","Task":"12803","SubjectUserSid":"S-1-5-21-1569727641-2518674866-3296776394-1106","SubjectUserName":"sbeavers","SubjectDomainName":"MSSENTINEL","SubjectLogonId":"0x17535592","ObjectServer":"Security Account Manager","ObjectType":"SAM_DOMAIN","ObjectName":"DC=mssentinel,DC=local","HandleId":"0x147b16f24e0","TransactionId":"{00000000-0000-0000-0000-000000000000}","AccessList":"%%1538\n\t\t\t\t%%5394\n\t\t\t\t%%5396\n\t\t\t\t%%5399\n\t\t\t\t","AccessReason":"-","AccessMask":"0x20094","PrivilegeList":"-","Properties":"---\n\t{19195a5a-6da0-11d0-afd3-00c04fd930c9}\n%%1538\n%%5394\n%%5396\n%%5399\n\t\t{c7407360-20bf-11d0-a768-00aa006e0529}\n\t\t\t{bf9679a4-0de6-11d0-a285-00aa003049e2}\n\t\t\t{bf9679a5-0de6-11d0-a285-00aa003049e2}\n\t\t\t{bf9679a6-0de6-11d0-a285-00aa003049e2}\n\t\t\t{bf9679bb-0de6-11d0-a285-00aa003049e2}\n\t\t\t{bf9679c2-0de6-11d0-a285-00aa003049e2}\n\t\t\t{bf9679c3-0de6-11d0-a285-00aa003049e2}\n\t\t\t{bf967a09-0de6-11d0-a285-00aa003049e2}\n\t\t\t{bf967a0b-0de6-11d0-a285-00aa003049e2}\n\t\t{b8119fd0-04f6-4762-ab7a-4986c76b3f9a}\n\t\t\t{bf967a34-0de6-11d0-a285-00aa003049e2}\n\t\t\t{bf967a33-0de6-11d0-a285-00aa003049e2}\n\t\t\t{bf9679c5-0de6-11d0-a285-00aa003049e2}\n\t\t\t{bf967a61-0de6-11d0-a285-00aa003049e2}\n\t\t\t{bf967977-0de6-11d0-a285-00aa003049e2}\n\t\t\t{bf96795e-0de6-11d0-a285-00aa003049e2}\n\t\t\t{bf9679ea-0de6-11d0-a285-00aa003049e2}\n\t\t{ab721a52-1e2f-11d0-9819-00aa0040529b}\n","RestrictedSidCount":"0","ProcessId":"0x2b4","ProcessName":"C:\\Windows\\System32\\lsass.exe"},{"EventSourceName":"Microsoft-Windows-Security-Auditing","Provider":"Microsoft-Windows-Security-Auditing","ProviderGuid":"{54849625-5478-4994-a5ba-3e3b0328c30d}","Level":"0","Keywords":"0x8020000000000000","Channel":"Security","Computer":"DC01.mssentinel.local","TimeCreated":"2022-09-22T10:54:12.064Z","TimeGenerated":"2022-09-22T02:54:12.064Z","EventRecordID":"4871965","EventID":4661,"Message":"A handle to an object was requested.\r\n\r\nSubject :\r\n\tSecurity ID:\t\tS-1-5-21-1569727641-2518674866-3296776394-1106\r\n\tAccount Name:\t\tsbeavers\r\n\tAccount Domain:\t\tMSSENTINEL\r\n\tLogon ID:\t\t0x17535592\r\n\r\nObject:\r\n\tObject Server:\tSecurity Account Manager\r\n\tObject Type:\tSAM_GROUP\r\n\tObject Name:\tS-1-5-21-1569727641-2518674866-3296776394-512\r\n\tHandle ID:\t0x147b16f3e30\r\n\r\nProcess Information:\r\n\tProcess ID:\t0x2b4\r\n\tProcess Name:\tC:\\Windows\\System32\\lsass.exe\r\n\r\nAccess Request Information:\r\n\tTransaction ID:\t{00000000-0000-0000-0000-000000000000}\r\n\tAccesses:\tREAD_CONTROL\r\n\t\t\t\tAddMember\r\n\t\t\t\tListMembers\r\n\t\t\t\tUndefined Access (no effect) Bit 7\r\n\t\t\t\t\r\n\tAccess Reasons:\t\t-\r\n\tAccess Mask:\t0x20094\r\n\tPrivileges Used for Access Check:\t-\r\n\tProperties:\t---\r\n\t{bf967a9c-0de6-11d0-a285-00aa003049e2}\r\nREAD_CONTROL\r\nAddMember\r\nListMembers\r\nUndefined Access (no effect) Bit 7\r\n\t\t\t{bf9679e8-0de6-11d0-a285-00aa003049e2}\r\n\t\t\t{3e0abfd0-126a-11d0-a060-00aa006c33ed}\r\n\t\t{bc0ac240-79a9-11d0-9020-00c04fc2d4cf}\r\n\t\t\t{bf9679c0-0de6-11d0-a285-00aa003049e2}\r\n\t\t{59ba2f42-79a2-11d0-9020-00c04fc2d3cf}\r\n\r\n\tRestricted SID Count:\t0","EventData":"\u003cEventData xmlns=\"http://schemas.microsoft.com/win/2004/08/events/event\"\u003e\u003cData Name=\"SubjectUserSid\"\u003eS-1-5-21-1569727641-2518674866-3296776394-1106\u003c/Data\u003e\u003cData Name=\"SubjectUserName\"\u003esbeavers\u003c/Data\u003e\u003cData Name=\"SubjectDomainName\"\u003eMSSENTINEL\u003c/Data\u003e\u003cData Name=\"SubjectLogonId\"\u003e0x17535592\u003c/Data\u003e\u003cData Name=\"ObjectServer\"\u003eSecurity Account Manager\u003c/Data\u003e\u003cData Name=\"ObjectType\"\u003eSAM_GROUP\u003c/Data\u003e\u003cData Name=\"ObjectName\"\u003eS-1-5-21-1569727641-2518674866-3296776394-512\u003c/Data\u003e\u003cData Name=\"HandleId\"\u003e0x147b16f3e30\u003c/Data\u003e\u003cData Name=\"TransactionId\"\u003e{00000000-0000-0000-0000-000000000000}\u003c/Data\u003e\u003cData Name=\"AccessList\"\u003e%%1538\n\t\t\t\t%%5410\n\t\t\t\t%%5412\n\t\t\t\t%%5415\n\t\t\t\t\u003c/Data\u003e\u003cData Name=\"AccessReason\"\u003e-\u003c/Data\u003e\u003cData Name=\"AccessMask\"\u003e0x20094\u003c/Data\u003e\u003cData Name=\"PrivilegeList\"\u003e-\u003c/Data\u003e\u003cData Name=\"Properties\"\u003e---\n\t{bf967a9c-0de6-11d0-a285-00aa003049e2}\n%%1538\n%%5410\n%%5412\n%%5415\n\t\t\t{bf9679e8-0de6-11d0-a285-00aa003049e2}\n\t\t\t{3e0abfd0-126a-11d0-a060-00aa006c33ed}\n\t\t{bc0ac240-79a9-11d0-9020-00c04fc2d4cf}\n\t\t\t{bf9679c0-0de6-11d0-a285-00aa003049e2}\n\t\t{59ba2f42-79a2-11d0-9020-00c04fc2d3cf}\n\u003c/Data\u003e\u003cData Name=\"RestrictedSidCount\"\u003e0\u003c/Data\u003e\u003cData Name=\"ProcessId\"\u003e0x2b4\u003c/Data\u003e\u003cData Name=\"ProcessName\"\u003eC:\\Windows\\System32\\lsass.exe\u003c/Data\u003e\u003c/EventData\u003e","Task":"12803","SubjectUserSid":"S-1-5-21-1569727641-2518674866-3296776394-1106","SubjectUserName":"sbeavers","SubjectDomainName":"MSSENTINEL","SubjectLogonId":"0x17535592","ObjectServer":"Security Account Manager","ObjectType":"SAM_GROUP","ObjectName":"S-1-5-21-1569727641-2518674866-3296776394-512","HandleId":"0x147b16f3e30","TransactionId":"{00000000-0000-0000-0000-000000000000}","AccessList":"%%1538\n\t\t\t\t%%5410\n\t\t\t\t%%5412\n\t\t\t\t%%5415\n\t\t\t\t","AccessReason":"-","AccessMask":"0x20094","PrivilegeList":"-","Properties":"---\n\t{bf967a9c-0de6-11d0-a285-00aa003049e2}\n%%1538\n%%5410\n%%5412\n%%5415\n\t\t\t{bf9679e8-0de6-11d0-a285-00aa003049e2}\n\t\t\t{3e0abfd0-126a-11d0-a060-00aa006c33ed}\n\t\t{bc0ac240-79a9-11d0-9020-00c04fc2d4cf}\n\t\t\t{bf9679c0-0de6-11d0-a285-00aa003049e2}\n\t\t{59ba2f42-79a2-11d0-9020-00c04fc2d3cf}\n","RestrictedSidCount":"0","ProcessId":"0x2b4","ProcessName":"C:\\Windows\\System32\\lsass.exe"},{"EventSourceName":"Microsoft-Windows-Security-Auditing","Provider":"Microsoft-Windows-Security-Auditing","ProviderGuid":"{54849625-5478-4994-a5ba-3e3b0328c30d}","Level":"0","Keywords":"0x8020000000000000","Channel":"Security","Computer":"DC01.mssentinel.local","TimeCreated":"2022-09-22T10:54:12.066Z","TimeGenerated":"2022-09-22T02:54:12.066Z","EventRecordID":"4871966","EventID":4658,"Message":"The handle to an object was closed.\r\n\r\nSubject :\r\n\tSecurity ID:\t\tS-1-5-21-1569727641-2518674866-3296776394-1106\r\n\tAccount Name:\t\tsbeavers\r\n\tAccount Domain:\t\tMSSENTINEL\r\n\tLogon ID:\t\t0x17535592\r\n\r\nObject:\r\n\tObject Server:\t\tSecurity Account Manager\r\n\tHandle ID:\t\t0x147b16f3e30\r\n\r\nProcess Information:\r\n\tProcess ID:\t\t0x2b4\r\n\tProcess Name:\t\tC:\\Windows\\System32\\lsass.exe","EventData":"\u003cEventData xmlns=\"http://schemas.microsoft.com/win/2004/08/events/event\"\u003e\u003cData Name=\"SubjectUserSid\"\u003eS-1-5-21-1569727641-2518674866-3296776394-1106\u003c/Data\u003e\u003cData Name=\"SubjectUserName\"\u003esbeavers\u003c/Data\u003e\u003cData Name=\"SubjectDomainName\"\u003eMSSENTINEL\u003c/Data\u003e\u003cData Name=\"SubjectLogonId\"\u003e0x17535592\u003c/Data\u003e\u003cData Name=\"ObjectServer\"\u003eSecurity Account Manager\u003c/Data\u003e\u003cData Name=\"HandleId\"\u003e0x147b16f3e30\u003c/Data\u003e\u003cData Name=\"ProcessId\"\u003e0x2b4\u003c/Data\u003e\u003cData Name=\"ProcessName\"\u003eC:\\Windows\\System32\\lsass.exe\u003c/Data\u003e\u003c/EventData\u003e","Task":"12804","SubjectUserSid":"S-1-5-21-1569727641-2518674866-3296776394-1106","SubjectUserName":"sbeavers","SubjectDomainName":"MSSENTINEL","SubjectLogonId":"0x17535592","ObjectServer":"Security Account Manager","HandleId":"0x147b16f3e30","ProcessId":"0x2b4","ProcessName":"C:\\Windows\\System32\\lsass.exe"},{"EventSourceName":"Microsoft-Windows-Security-Auditing","Provider":"Microsoft-Windows-Security-Auditing","ProviderGuid":"{54849625-5478-4994-a5ba-3e3b0328c30d}","Level":"0","Keywords":"0x8020000000000000","Channel":"Security","Computer":"DC01.mssentinel.local","TimeCreated":"2022-09-22T10:54:12.067Z","TimeGenerated":"2022-09-22T02:54:12.067Z","EventRecordID":"4871967","EventID":4658,"Message":"The handle to an object was closed.\r\n\r\nSubject :\r\n\tSecurity ID:\t\tS-1-5-21-1569727641-2518674866-3296776394-1106\r\n\tAccount Name:\t\tsbeavers\r\n\tAccount Domain:\t\tMSSENTINEL\r\n\tLogon ID:\t\t0x17535592\r\n\r\nObject:\r\n\tObject Server:\t\tSecurity Account Manager\r\n\tHandle ID:\t\t0x147b16f24e0\r\n\r\nProcess Information:\r\n\tProcess ID:\t\t0x2b4\r\n\tProcess Name:\t\tC:\\Windows\\System32\\lsass.exe","EventData":"\u003cEventData xmlns=\"http://schemas.microsoft.com/win/2004/08/events/event\"\u003e\u003cData Name=\"SubjectUserSid\"\u003eS-1-5-21-1569727641-2518674866-3296776394-1106\u003c/Data\u003e\u003cData Name=\"SubjectUserName\"\u003esbeavers\u003c/Data\u003e\u003cData Name=\"SubjectDomainName\"\u003eMSSENTINEL\u003c/Data\u003e\u003cData Name=\"SubjectLogonId\"\u003e0x17535592\u003c/Data\u003e\u003cData Name=\"ObjectServer\"\u003eSecurity Account Manager\u003c/Data\u003e\u003cData Name=\"HandleId\"\u003e0x147b16f24e0\u003c/Data\u003e\u003cData Name=\"ProcessId\"\u003e0x2b4\u003c/Data\u003e\u003cData Name=\"ProcessName\"\u003eC:\\Windows\\System32\\lsass.exe\u003c/Data\u003e\u003c/EventData\u003e","Task":"12804","SubjectUserSid":"S-1-5-21-1569727641-2518674866-3296776394-1106","SubjectUserName":"sbeavers","SubjectDomainName":"MSSENTINEL","SubjectLogonId":"0x17535592","ObjectServer":"Security Account Manager","HandleId":"0x147b16f24e0","ProcessId":"0x2b4","ProcessName":"C:\\Windows\\System32\\lsass.exe"},{"EventSourceName":"Microsoft-Windows-Security-Auditing","Provider":"Microsoft-Windows-Security-Auditing","ProviderGuid":"{54849625-5478-4994-a5ba-3e3b0328c30d}","Level":"0","Keywords":"0x8020000000000000","Channel":"Security","Computer":"DC01.mssentinel.local","TimeCreated":"2022-09-22T10:54:12.075Z","TimeGenerated":"2022-09-22T02:54:12.075Z","EventRecordID":"4871968","EventID":5156,"Message":"The Windows Filtering Platform has permitted a connection.\r\n\r\nApplication Information:\r\n\tProcess ID:\t\t3288\r\n\tApplication Name:\t\\device\\harddiskvolume2\\windows\\system32\\dns.exe\r\n\r\nNetwork Information:\r\n\tDirection:\t\tInbound\r\n\tSource Address:\t\t192.168.2.6\r\n\tSource Port:\t\t56566\r\n\tDestination Address:\t192.168.2.4\r\n\tDestination Port:\t\t53\r\n\tProtocol:\t\t17\r\n\r\nFilter Information:\r\n\tFilter Run-Time ID:\t68644\r\n\tLayer Name:\t\tReceive/Accept\r\n\tLayer Run-Time ID:\t44","EventData":"\u003cEventData xmlns=\"http://schemas.microsoft.com/win/2004/08/events/event\"\u003e\u003cData Name=\"ProcessID\"\u003e3288\u003c/Data\u003e\u003cData Name=\"Application\"\u003e\\device\\harddiskvolume2\\windows\\system32\\dns.exe\u003c/Data\u003e\u003cData Name=\"Direction\"\u003e%%14592\u003c/Data\u003e\u003cData Name=\"SourceAddress\"\u003e192.168.2.6\u003c/Data\u003e\u003cData Name=\"SourcePort\"\u003e56566\u003c/Data\u003e\u003cData Name=\"DestAddress\"\u003e192.168.2.4\u003c/Data\u003e\u003cData Name=\"DestPort\"\u003e53\u003c/Data\u003e\u003cData Name=\"Protocol\"\u003e17\u003c/Data\u003e\u003cData Name=\"FilterRTID\"\u003e68644\u003c/Data\u003e\u003cData Name=\"LayerName\"\u003e%%14610\u003c/Data\u003e\u003cData Name=\"LayerRTID\"\u003e44\u003c/Data\u003e\u003cData Name=\"RemoteUserID\"\u003eS-1-0-0\u003c/Data\u003e\u003cData Name=\"RemoteMachineID\"\u003eS-1-0-0\u003c/Data\u003e\u003c/EventData\u003e","Task":"12810","ProcessID":"3288","Application":"\\device\\harddiskvolume2\\windows\\system32\\dns.exe","Direction":"%%14592","SourceAddress":"192.168.2.6","SourcePort":"56566","DestAddress":"192.168.2.4","DestPort":"53","Protocol":"17","FilterRTID":"68644","LayerName":"%%14610","LayerRTID":"44","RemoteUserID":"S-1-0-0","RemoteMachineID":"S-1-0-0"},{"EventSourceName":"Microsoft-Windows-Security-Auditing","Provider":"Microsoft-Windows-Security-Auditing","ProviderGuid":"{54849625-5478-4994-a5ba-3e3b0328c30d}","Level":"0","Keywords":"0x8020000000000000","Channel":"Security","Computer":"DC01.mssentinel.local","TimeCreated":"2022-09-22T10:54:12.105Z","TimeGenerated":"2022-09-22T02:54:12.105Z","EventRecordID":"4871969","EventID":5156,"Message":"The Windows Filtering Platform has permitted a connection.\r\n\r\nApplication Information:\r\n\tProcess ID:\t\t3288\r\n\tApplication Name:\t\\device\\harddiskvolume2\\windows\\system32\\dns.exe\r\n\r\nNetwork Information:\r\n\tDirection:\t\tInbound\r\n\tSource Address:\t\t192.168.2.5\r\n\tSource Port:\t\t50881\r\n\tDestination Address:\t192.168.2.4\r\n\tDestination Port:\t\t53\r\n\tProtocol:\t\t17\r\n\r\nFilter Information:\r\n\tFilter Run-Time ID:\t68644\r\n\tLayer Name:\t\tReceive/Accept\r\n\tLayer Run-Time ID:\t44","EventData":"\u003cEventData xmlns=\"http://schemas.microsoft.com/win/2004/08/events/event\"\u003e\u003cData Name=\"ProcessID\"\u003e3288\u003c/Data\u003e\u003cData Name=\"Application\"\u003e\\device\\harddiskvolume2\\windows\\system32\\dns.exe\u003c/Data\u003e\u003cData Name=\"Direction\"\u003e%%14592\u003c/Data\u003e\u003cData Name=\"SourceAddress\"\u003e192.168.2.5\u003c/Data\u003e\u003cData Name=\"SourcePort\"\u003e50881\u003c/Data\u003e\u003cData Name=\"DestAddress\"\u003e192.168.2.4\u003c/Data\u003e\u003cData Name=\"DestPort\"\u003e53\u003c/Data\u003e\u003cData Name=\"Protocol\"\u003e17\u003c/Data\u003e\u003cData Name=\"FilterRTID\"\u003e68644\u003c/Data\u003e\u003cData Name=\"LayerName\"\u003e%%14610\u003c/Data\u003e\u003cData Name=\"LayerRTID\"\u003e44\u003c/Data\u003e\u003cData Name=\"RemoteUserID\"\u003eS-1-0-0\u003c/Data\u003e\u003cData Name=\"RemoteMachineID\"\u003eS-1-0-0\u003c/Data\u003e\u003c/EventData\u003e","Task":"12810","ProcessID":"3288","Application":"\\device\\harddiskvolume2\\windows\\system32\\dns.exe","Direction":"%%14592","SourceAddress":"192.168.2.5","SourcePort":"50881","DestAddress":"192.168.2.4","DestPort":"53","Protocol":"17","FilterRTID":"68644","LayerName":"%%14610","LayerRTID":"44","RemoteUserID":"S-1-0-0","RemoteMachineID":"S-1-0-0"},{"EventSourceName":"Microsoft-Windows-Security-Auditing","Provider":"Microsoft-Windows-Security-Auditing","ProviderGuid":"{54849625-5478-4994-a5ba-3e3b0328c30d}","Level":"0","Keywords":"0x8020000000000000","Channel":"Security","Computer":"DC01.mssentinel.local","TimeCreated":"2022-09-22T10:54:13.075Z","TimeGenerated":"2022-09-22T02:54:13.075Z","EventRecordID":"4871970","EventID":5156,"Message":"The Windows Filtering Platform has permitted a connection.\r\n\r\nApplication Information:\r\n\tProcess ID:\t\t3288\r\n\tApplication Name:\t\\device\\harddiskvolume2\\windows\\system32\\dns.exe\r\n\r\nNetwork Information:\r\n\tDirection:\t\tInbound\r\n\tSource Address:\t\t192.168.2.6\r\n\tSource Port:\t\t59254\r\n\tDestination Address:\t192.168.2.4\r\n\tDestination Port:\t\t53\r\n\tProtocol:\t\t17\r\n\r\nFilter Information:\r\n\tFilter Run-Time ID:\t68644\r\n\tLayer Name:\t\tReceive/Accept\r\n\tLayer Run-Time ID:\t44","EventData":"\u003cEventData xmlns=\"http://schemas.microsoft.com/win/2004/08/events/event\"\u003e\u003cData Name=\"ProcessID\"\u003e3288\u003c/Data\u003e\u003cData Name=\"Application\"\u003e\\device\\harddiskvolume2\\windows\\system32\\dns.exe\u003c/Data\u003e\u003cData Name=\"Direction\"\u003e%%14592\u003c/Data\u003e\u003cData Name=\"SourceAddress\"\u003e192.168.2.6\u003c/Data\u003e\u003cData Name=\"SourcePort\"\u003e59254\u003c/Data\u003e\u003cData Name=\"DestAddress\"\u003e192.168.2.4\u003c/Data\u003e\u003cData Name=\"DestPort\"\u003e53\u003c/Data\u003e\u003cData Name=\"Protocol\"\u003e17\u003c/Data\u003e\u003cData Name=\"FilterRTID\"\u003e68644\u003c/Data\u003e\u003cData Name=\"LayerName\"\u003e%%14610\u003c/Data\u003e\u003cData Name=\"LayerRTID\"\u003e44\u003c/Data\u003e\u003cData Name=\"RemoteUserID\"\u003eS-1-0-0\u003c/Data\u003e\u003cData Name=\"RemoteMachineID\"\u003eS-1-0-0\u003c/Data\u003e\u003c/EventData\u003e","Task":"12810","ProcessID":"3288","Application":"\\device\\harddiskvolume2\\windows\\system32\\dns.exe","Direction":"%%14592","SourceAddress":"192.168.2.6","SourcePort":"59254","DestAddress":"192.168.2.4","DestPort":"53","Protocol":"17","FilterRTID":"68644","LayerName":"%%14610","LayerRTID":"44","RemoteUserID":"S-1-0-0","RemoteMachineID":"S-1-0-0"},{"EventSourceName":"Microsoft-Windows-Security-Auditing","Provider":"Microsoft-Windows-Security-Auditing","ProviderGuid":"{54849625-5478-4994-a5ba-3e3b0328c30d}","Level":"0","Keywords":"0x8020000000000000","Channel":"Security","Computer":"DC01.mssentinel.local","TimeCreated":"2022-09-22T10:54:14.078Z","TimeGenerated":"2022-09-22T02:54:14.078Z","EventRecordID":"4871971","EventID":5158,"Message":"The Windows Filtering Platform has permitted a bind to a local port.\r\n\r\nApplication Information:\r\n\tProcess ID:\t\t14124\r\n\tApplication Name:\t\\device\\harddiskvolume2\\packages\\plugins\\microsoft.azure.monitor.azuremonitorwindowsagent\\1.8.0.0\\monitoring\\agent\\monagentcore.exe\r\n\r\nNetwork Information:\r\n\tSource Address:\t\t0.0.0.0\r\n\tSource Port:\t\t53228\r\n\tProtocol:\t\t6\r\n\r\nFilter Information:\r\n\tFilter Run-Time ID:\t0\r\n\tLayer Name:\t\tResource Assignment\r\n\tLayer Run-Time ID:\t36","EventData":"\u003cEventData xmlns=\"http://schemas.microsoft.com/win/2004/08/events/event\"\u003e\u003cData Name=\"ProcessId\"\u003e14124\u003c/Data\u003e\u003cData Name=\"Application\"\u003e\\device\\harddiskvolume2\\packages\\plugins\\microsoft.azure.monitor.azuremonitorwindowsagent\\1.8.0.0\\monitoring\\agent\\monagentcore.exe\u003c/Data\u003e\u003cData Name=\"SourceAddress\"\u003e0.0.0.0\u003c/Data\u003e\u003cData Name=\"SourcePort\"\u003e53228\u003c/Data\u003e\u003cData Name=\"Protocol\"\u003e6\u003c/Data\u003e\u003cData Name=\"FilterRTID\"\u003e0\u003c/Data\u003e\u003cData Name=\"LayerName\"\u003e%%14608\u003c/Data\u003e\u003cData Name=\"LayerRTID\"\u003e36\u003c/Data\u003e\u003c/EventData\u003e","Task":"12810","ProcessId":"14124","Application":"\\device\\harddiskvolume2\\packages\\plugins\\microsoft.azure.monitor.azuremonitorwindowsagent\\1.8.0.0\\monitoring\\agent\\monagentcore.exe","SourceAddress":"0.0.0.0","SourcePort":"53228","Protocol":"6","FilterRTID":"0","LayerName":"%%14608","LayerRTID":"36"},{"EventSourceName":"Microsoft-Windows-Security-Auditing","Provider":"Microsoft-Windows-Security-Auditing","ProviderGuid":"{54849625-5478-4994-a5ba-3e3b0328c30d}","Level":"0","Keywords":"0x8020000000000000","Channel":"Security","Computer":"DC01.mssentinel.local","TimeCreated":"2022-09-22T10:54:14.078Z","TimeGenerated":"2022-09-22T02:54:14.078Z","EventRecordID":"4871972","EventID":5156,"Message":"The Windows Filtering Platform has permitted a connection.\r\n\r\nApplication Information:\r\n\tProcess ID:\t\t14124\r\n\tApplication Name:\t\\device\\harddiskvolume2\\packages\\plugins\\microsoft.azure.monitor.azuremonitorwindowsagent\\1.8.0.0\\monitoring\\agent\\monagentcore.exe\r\n\r\nNetwork Information:\r\n\tDirection:\t\tOutbound\r\n\tSource Address:\t\t192.168.2.4\r\n\tSource Port:\t\t53228\r\n\tDestination Address:\t40.78.243.18\r\n\tDestination Port:\t\t443\r\n\tProtocol:\t\t6\r\n\r\nFilter Information:\r\n\tFilter Run-Time ID:\t76772\r\n\tLayer Name:\t\tConnect\r\n\tLayer Run-Time ID:\t48","EventData":"\u003cEventData xmlns=\"http://schemas.microsoft.com/win/2004/08/events/event\"\u003e\u003cData Name=\"ProcessID\"\u003e14124\u003c/Data\u003e\u003cData Name=\"Application\"\u003e\\device\\harddiskvolume2\\packages\\plugins\\microsoft.azure.monitor.azuremonitorwindowsagent\\1.8.0.0\\monitoring\\agent\\monagentcore.exe\u003c/Data\u003e\u003cData Name=\"Direction\"\u003e%%14593\u003c/Data\u003e\u003cData Name=\"SourceAddress\"\u003e192.168.2.4\u003c/Data\u003e\u003cData Name=\"SourcePort\"\u003e53228\u003c/Data\u003e\u003cData Name=\"DestAddress\"\u003e40.78.243.18\u003c/Data\u003e\u003cData Name=\"DestPort\"\u003e443\u003c/Data\u003e\u003cData Name=\"Protocol\"\u003e6\u003c/Data\u003e\u003cData Name=\"FilterRTID\"\u003e76772\u003c/Data\u003e\u003cData Name=\"LayerName\"\u003e%%14611\u003c/Data\u003e\u003cData Name=\"LayerRTID\"\u003e48\u003c/Data\u003e\u003cData Name=\"RemoteUserID\"\u003eS-1-0-0\u003c/Data\u003e\u003cData Name=\"RemoteMachineID\"\u003eS-1-0-0\u003c/Data\u003e\u003c/EventData\u003e","Task":"12810","ProcessID":"14124","Application":"\\device\\harddiskvolume2\\packages\\plugins\\microsoft.azure.monitor.azuremonitorwindowsagent\\1.8.0.0\\monitoring\\agent\\monagentcore.exe","Direction":"%%14593","SourceAddress":"192.168.2.4","SourcePort":"53228","DestAddress":"40.78.243.18","DestPort":"443","Protocol":"6","FilterRTID":"76772","LayerName":"%%14611","LayerRTID":"48","RemoteUserID":"S-1-0-0","RemoteMachineID":"S-1-0-0"}]
