[{"EventSourceName":"Service Control Manager","Provider":"Service Control Manager","ProviderGuid":"{555908d1-a6d7-4695-8e1e-26931d2012f4}","Level":"4","Keywords":"0x8080000000000000","Channel":"System","Computer":"DC01.mssentinel.local","TimeCreated":"2022-09-22T09:43:39.948Z","TimeGenerated":"2022-09-23T01:43:39.948Z","EventRecordID":"4208","EventID":7045,"Message":"A service was installed in the system.\r\n\r\nService Name:  UNJRBWVOFQMMTPMFOUCO\r\nService File Name:  %COMSPEC% /C \"net user SMBExec Fall2022 /add\"\r\nService Type:  user mode service\r\nService Start Type:  demand start\r\nService Account:  LocalSystem","EventData":"\u003cEventData xmlns=\"http://schemas.microsoft.com/win/2004/08/events/event\"\u003e\u003cData Name=\"ServiceName\"\u003eUNJRBWVOFQMMTPMFOUCO\u003c/Data\u003e\u003cData Name=\"ImagePath\"\u003e%COMSPEC% /C \"net user SMBExec Fall2022 /add\"\u003c/Data\u003e\u003cData Name=\"ServiceType\"\u003euser mode service\u003c/Data\u003e\u003cData Name=\"StartType\"\u003edemand start\u003c/Data\u003e\u003cData Name=\"AccountName\"\u003eLocalSystem\u003c/Data\u003e\u003c/EventData\u003e","Task":"0","ServiceName":"UNJRBWVOFQMMTPMFOUCO","ImagePath":"%COMSPEC% /C \"net user SMBExec Fall2022 /add\"","ServiceType":"user mode service","StartType":"demand start","AccountName":"LocalSystem"},{"EventSourceName":"Service Control Manager","Provider":"Service Control Manager","ProviderGuid":"{555908d1-a6d7-4695-8e1e-26931d2012f4}","Level":"2","Keywords":"0x8080000000000000","Channel":"System","Computer":"DC01.mssentinel.local","TimeCreated":"2022-09-22T09:43:40.310Z","TimeGenerated":"2022-09-23T01:43:40.310Z","EventRecordID":"4209","EventID":7009,"Message":"A timeout was reached (30000 milliseconds) while waiting for the UNJRBWVOFQMMTPMFOUCO service to connect.","EventData":"\u003cEventData xmlns=\"http://schemas.microsoft.com/win/2004/08/events/event\"\u003e\u003cData Name=\"param1\"\u003e30000\u003c/Data\u003e\u003cData Name=\"param2\"\u003eUNJRBWVOFQMMTPMFOUCO\u003c/Data\u003e\u003cBinary\u003e55004E004A0052004200570056004F00460051004D004D00540050004D0046004F00550043004F000000\u003c/Binary\u003e\u003c/EventData\u003e","Task":"0","param1":"30000","param2":"UNJRBWVOFQMMTPMFOUCO"}]
