{"EventSourceName":"Microsoft-Windows-TaskScheduler","Provider":"Microsoft-Windows-TaskScheduler","ProviderGuid":"{de7b24ea-73c8-4a09-985d-5bdadcfa9017}","Level":"4","Keywords":"0x8000000000000000","Channel":"Microsoft-Windows-TaskScheduler/Operational","Computer":"WORKSTATION6.mssentinel.local","TimeCreated":"2022-09-22T02:20:56.992Z","TimeGenerated":"2022-09-22T06:20:56.992Z","EventRecordID":"8771","EventID":106,"Message":"User \"MSSENTINEL\\sbeavers\"  registered Task Scheduler task \"\\Updater\"","EventData":"\u003cEventData Name=\"TaskRegisteredEvent\" xmlns=\"http://schemas.microsoft.com/win/2004/08/events/event\"\u003e\u003cData Name=\"TaskName\"\u003e\\Updater\u003c/Data\u003e\u003cData Name=\"UserContext\"\u003eMSSENTINEL\\sbeavers\u003c/Data\u003e\u003c/EventData\u003e","Task":"106","TaskName":"\\Updater","UserContext":"MSSENTINEL\\sbeavers"}
