[{"EventSourceName":"Service Control Manager","Provider":"Service Control Manager","ProviderGuid":"{555908d1-a6d7-4695-8e1e-26931d2012f4}","Level":"4","Keywords":"0x8080000000000000","Channel":"System","Computer":"DC01.mssentinel.local","TimeCreated":"2022-09-22T02:01:50.681Z","TimeGenerated":"2022-09-22T06:01:50.681Z","EventRecordID":"3847","EventID":7045,"Message":"A service was installed in the system.\r\n\r\nService Name:  Updater32\r\nService File Name:  net user anotherbackdoor password123 /add\r\nService Type:  user mode service\r\nService Start Type:  demand start\r\nService Account:  LocalSystem","EventData":"\u003cEventData xmlns=\"http://schemas.microsoft.com/win/2004/08/events/event\"\u003e\u003cData Name=\"ServiceName\"\u003eUpdater32\u003c/Data\u003e\u003cData Name=\"ImagePath\"\u003enet user anotherbackdoor password123 /add\u003c/Data\u003e\u003cData Name=\"ServiceType\"\u003euser mode service\u003c/Data\u003e\u003cData Name=\"StartType\"\u003edemand start\u003c/Data\u003e\u003cData Name=\"AccountName\"\u003eLocalSystem\u003c/Data\u003e\u003c/EventData\u003e","Task":"0","ServiceName":"Updater32","ImagePath":"net user anotherbackdoor password123 /add","ServiceType":"user mode service","StartType":"demand start","AccountName":"LocalSystem"},{"EventSourceName":"Service Control Manager","Provider":"Service Control Manager","ProviderGuid":"{555908d1-a6d7-4695-8e1e-26931d2012f4}","Level":"2","Keywords":"0x8080000000000000","Channel":"System","Computer":"DC01.mssentinel.local","TimeCreated":"2022-09-22T02:01:51.166Z","TimeGenerated":"2022-09-22T06:01:51.166Z","EventRecordID":"3848","EventID":7009,"Message":"A timeout was reached (30000 milliseconds) while waiting for the Updater32 service to connect.","EventData":"\u003cEventData xmlns=\"http://schemas.microsoft.com/win/2004/08/events/event\"\u003e\u003cData Name=\"param1\"\u003e30000\u003c/Data\u003e\u003cData Name=\"param2\"\u003eUpdater32\u003c/Data\u003e\u003cBinary\u003e5500700064006100740065007200330032000000\u003c/Binary\u003e\u003c/EventData\u003e","Task":"0","param1":"30000","param2":"Updater32"},{"EventSourceName":"Service Control Manager","Provider":"Service Control Manager","ProviderGuid":"{555908d1-a6d7-4695-8e1e-26931d2012f4}","Level":"2","Keywords":"0x8080000000000000","Channel":"System","Computer":"DC01.mssentinel.local","TimeCreated":"2022-09-22T02:01:51.181Z","TimeGenerated":"2022-09-22T06:01:51.181Z","EventRecordID":"3849","EventID":7000,"Message":"The Updater32 service failed to start due to the following error: \r\nThe service did not respond to the start or control request in a timely fashion.","EventData":"\u003cEventData xmlns=\"http://schemas.microsoft.com/win/2004/08/events/event\"\u003e\u003cData Name=\"param1\"\u003eUpdater32\u003c/Data\u003e\u003cData Name=\"param2\"\u003e%%1053\u003c/Data\u003e\u003cBinary\u003e5500700064006100740065007200330032000000\u003c/Binary\u003e\u003c/EventData\u003e","Task":"0","param1":"Updater32","param2":"%%1053"}]
