[{"EventSourceName":"Microsoft-Windows-Sysmon","Provider":"Microsoft-Windows-Sysmon","ProviderGuid":"{5770385f-c22a-43e0-bf4c-06f5698ffbd9}","Level":"4","Keywords":"0x8000000000000000","Channel":"Microsoft-Windows-Sysmon/Operational","Computer":"DC01.mssentinel.local","TimeCreated":"2022-09-22T10:54:11.077Z","TimeGenerated":"2022-09-22T02:54:11.077Z","EventRecordID":"5738595","EventID":12,"Message":"Registry object added or deleted:\r\nRuleName: -\r\nEventType: CreateKey\r\nUtcTime: 2022-09-22 14:54:11.074\r\nProcessGuid: {97c68367-a1aa-6320-2f00-000000000400}\r\nProcessId: 2056\r\nImage: C:\\Windows\\system32\\svchost.exe\r\nTargetObject: HKU\\.DEFAULT\\Software\\Microsoft\\Windows\\CurrentVersion\\Internet Settings\\Connections\r\nUser: NT AUTHORITY\\LOCAL SERVICE","EventData":"\u003cEventData xmlns=\"http://schemas.microsoft.com/win/2004/08/events/event\"\u003e\u003cData Name=\"RuleName\"\u003e-\u003c/Data\u003e\u003cData Name=\"EventType\"\u003eCreateKey\u003c/Data\u003e\u003cData Name=\"UtcTime\"\u003e2022-09-22 14:54:11.074\u003c/Data\u003e\u003cData Name=\"ProcessGuid\"\u003e{97c68367-a1aa-6320-2f00-000000000400}\u003c/Data\u003e\u003cData Name=\"ProcessId\"\u003e2056\u003c/Data\u003e\u003cData Name=\"Image\"\u003eC:\\Windows\\system32\\svchost.exe\u003c/Data\u003e\u003cData Name=\"TargetObject\"\u003eHKU\\.DEFAULT\\Software\\Microsoft\\Windows\\CurrentVersion\\Internet Settings\\Connections\u003c/Data\u003e\u003cData Name=\"User\"\u003eNT AUTHORITY\\LOCAL SERVICE\u003c/Data\u003e\u003c/EventData\u003e","Task":"12","RuleName":"-","EventType":"CreateKey","UtcTime":"2022-09-22 14:54:11.074","ProcessGuid":"{97c68367-a1aa-6320-2f00-000000000400}","ProcessId":"2056","Image":"C:\\Windows\\system32\\svchost.exe","TargetObject":"HKU\\.DEFAULT\\Software\\Microsoft\\Windows\\CurrentVersion\\Internet Settings\\Connections","User":"NT AUTHORITY\\LOCAL SERVICE"},{"EventSourceName":"Microsoft-Windows-Sysmon","Provider":"Microsoft-Windows-Sysmon","ProviderGuid":"{5770385f-c22a-43e0-bf4c-06f5698ffbd9}","Level":"4","Keywords":"0x8000000000000000","Channel":"Microsoft-Windows-Sysmon/Operational","Computer":"DC01.mssentinel.local","TimeCreated":"2022-09-22T10:54:11.197Z","TimeGenerated":"2022-09-22T02:54:11.197Z","EventRecordID":"5738596","EventID":2,"Message":"File creation time changed:\r\nRuleName: -\r\nUtcTime: 2022-09-22 14:54:11.183\r\nProcessGuid: {97c68367-4c90-6329-3880-000000000400}\r\nProcessId: 14124\r\nImage: C:\\Packages\\Plugins\\Microsoft.Azure.Monitor.AzureMonitorWindowsAgent\\1.8.0.0\\Monitoring\\Agent\\MonAgentCore.exe\r\nTargetFilename: C:\\WindowsAzure\\Resources\\AMADataStore.DC01\\Tables\\c9722482464427812626_546419284751770569.tsf\r\nCreationUtcTime: 2022-09-22 14:54:11.183\r\nPreviousCreationUtcTime: 2022-09-22 14:53:51.193\r\nUser: NT AUTHORITY\\SYSTEM","EventData":"\u003cEventData xmlns=\"http://schemas.microsoft.com/win/2004/08/events/event\"\u003e\u003cData Name=\"RuleName\"\u003e-\u003c/Data\u003e\u003cData Name=\"UtcTime\"\u003e2022-09-22 14:54:11.183\u003c/Data\u003e\u003cData Name=\"ProcessGuid\"\u003e{97c68367-4c90-6329-3880-000000000400}\u003c/Data\u003e\u003cData Name=\"ProcessId\"\u003e14124\u003c/Data\u003e\u003cData Name=\"Image\"\u003eC:\\Packages\\Plugins\\Microsoft.Azure.Monitor.AzureMonitorWindowsAgent\\1.8.0.0\\Monitoring\\Agent\\MonAgentCore.exe\u003c/Data\u003e\u003cData Name=\"TargetFilename\"\u003eC:\\WindowsAzure\\Resources\\AMADataStore.DC01\\Tables\\c9722482464427812626_546419284751770569.tsf\u003c/Data\u003e\u003cData Name=\"CreationUtcTime\"\u003e2022-09-22 14:54:11.183\u003c/Data\u003e\u003cData Name=\"PreviousCreationUtcTime\"\u003e2022-09-22 14:53:51.193\u003c/Data\u003e\u003cData Name=\"User\"\u003eNT AUTHORITY\\SYSTEM\u003c/Data\u003e\u003c/EventData\u003e","Task":"2","RuleName":"-","UtcTime":"2022-09-22 14:54:11.183","ProcessGuid":"{97c68367-4c90-6329-3880-000000000400}","ProcessId":"14124","Image":"C:\\Packages\\Plugins\\Microsoft.Azure.Monitor.AzureMonitorWindowsAgent\\1.8.0.0\\Monitoring\\Agent\\MonAgentCore.exe","TargetFilename":"C:\\WindowsAzure\\Resources\\AMADataStore.DC01\\Tables\\c9722482464427812626_546419284751770569.tsf","CreationUtcTime":"2022-09-22 14:54:11.183","PreviousCreationUtcTime":"2022-09-22 14:53:51.193","User":"NT AUTHORITY\\SYSTEM"},{"EventSourceName":"Microsoft-Windows-Sysmon","Provider":"Microsoft-Windows-Sysmon","ProviderGuid":"{5770385f-c22a-43e0-bf4c-06f5698ffbd9}","Level":"4","Keywords":"0x8000000000000000","Channel":"Microsoft-Windows-Sysmon/Operational","Computer":"DC01.mssentinel.local","TimeCreated":"2022-09-22T10:54:11.230Z","TimeGenerated":"2022-09-22T02:54:11.230Z","EventRecordID":"5738597","EventID":3,"Message":"Network connection detected:\r\nRuleName: -\r\nUtcTime: 2022-09-22 14:54:12.572\r\nProcessGuid: {97c68367-a1b9-6320-4f00-000000000400}\r\nProcessId: 3288\r\nImage: C:\\Windows\\System32\\dns.exe\r\nUser: NT AUTHORITY\\SYSTEM\r\nProtocol: udp\r\nInitiated: true\r\nSourceIsIpv6: false\r\nSourceIp: 192.168.2.4\r\nSourceHostname: -\r\nSourcePort: 56413\r\nSourcePortName: -\r\nDestinationIsIpv6: false\r\nDestinationIp: 64.4.48.201\r\nDestinationHostname: -\r\nDestinationPort: 53\r\nDestinationPortName: -","EventData":"\u003cEventData xmlns=\"http://schemas.microsoft.com/win/2004/08/events/event\"\u003e\u003cData Name=\"RuleName\"\u003e-\u003c/Data\u003e\u003cData Name=\"UtcTime\"\u003e2022-09-22 14:54:12.572\u003c/Data\u003e\u003cData Name=\"ProcessGuid\"\u003e{97c68367-a1b9-6320-4f00-000000000400}\u003c/Data\u003e\u003cData Name=\"ProcessId\"\u003e3288\u003c/Data\u003e\u003cData Name=\"Image\"\u003eC:\\Windows\\System32\\dns.exe\u003c/Data\u003e\u003cData Name=\"User\"\u003eNT AUTHORITY\\SYSTEM\u003c/Data\u003e\u003cData Name=\"Protocol\"\u003eudp\u003c/Data\u003e\u003cData Name=\"Initiated\"\u003etrue\u003c/Data\u003e\u003cData Name=\"SourceIsIpv6\"\u003efalse\u003c/Data\u003e\u003cData Name=\"SourceIp\"\u003e192.168.2.4\u003c/Data\u003e\u003cData Name=\"SourceHostname\"\u003e-\u003c/Data\u003e\u003cData Name=\"SourcePort\"\u003e56413\u003c/Data\u003e\u003cData Name=\"SourcePortName\"\u003e-\u003c/Data\u003e\u003cData Name=\"DestinationIsIpv6\"\u003efalse\u003c/Data\u003e\u003cData Name=\"DestinationIp\"\u003e64.4.48.201\u003c/Data\u003e\u003cData Name=\"DestinationHostname\"\u003e-\u003c/Data\u003e\u003cData Name=\"DestinationPort\"\u003e53\u003c/Data\u003e\u003cData Name=\"DestinationPortName\"\u003e-\u003c/Data\u003e\u003c/EventData\u003e","Task":"3","RuleName":"-","UtcTime":"2022-09-22 14:54:12.572","ProcessGuid":"{97c68367-a1b9-6320-4f00-000000000400}","ProcessId":"3288","Image":"C:\\Windows\\System32\\dns.exe","User":"NT AUTHORITY\\SYSTEM","Protocol":"udp","Initiated":"true","SourceIsIpv6":"false","SourceIp":"192.168.2.4","SourceHostname":"-","SourcePort":"56413","SourcePortName":"-","DestinationIsIpv6":"false","DestinationIp":"64.4.48.201","DestinationHostname":"-","DestinationPort":"53","DestinationPortName":"-"},{"EventSourceName":"Microsoft-Windows-Sysmon","Provider":"Microsoft-Windows-Sysmon","ProviderGuid":"{5770385f-c22a-43e0-bf4c-06f5698ffbd9}","Level":"4","Keywords":"0x8000000000000000","Channel":"Microsoft-Windows-Sysmon/Operational","Computer":"DC01.mssentinel.local","TimeCreated":"2022-09-22T10:54:12.050Z","TimeGenerated":"2022-09-22T02:54:12.050Z","EventRecordID":"5738598","EventID":18,"Message":"Pipe Connected:\r\nRuleName: -\r\nEventType: ConnectPipe\r\nUtcTime: 2022-09-22 14:54:12.050\r\nProcessGuid: {97c68367-a1a2-6320-eb03-000000000000}\r\nProcessId: 4\r\nPipeName: \\lsass\r\nImage: System\r\nUser: NT AUTHORITY\\SYSTEM","EventData":"\u003cEventData xmlns=\"http://schemas.microsoft.com/win/2004/08/events/event\"\u003e\u003cData Name=\"RuleName\"\u003e-\u003c/Data\u003e\u003cData Name=\"EventType\"\u003eConnectPipe\u003c/Data\u003e\u003cData Name=\"UtcTime\"\u003e2022-09-22 14:54:12.050\u003c/Data\u003e\u003cData Name=\"ProcessGuid\"\u003e{97c68367-a1a2-6320-eb03-000000000000}\u003c/Data\u003e\u003cData Name=\"ProcessId\"\u003e4\u003c/Data\u003e\u003cData Name=\"PipeName\"\u003e\\lsass\u003c/Data\u003e\u003cData Name=\"Image\"\u003eSystem\u003c/Data\u003e\u003cData Name=\"User\"\u003eNT AUTHORITY\\SYSTEM\u003c/Data\u003e\u003c/EventData\u003e","Task":"18","RuleName":"-","EventType":"ConnectPipe","UtcTime":"2022-09-22 14:54:12.050","ProcessGuid":"{97c68367-a1a2-6320-eb03-000000000000}","ProcessId":"4","PipeName":"\\lsass","Image":"System","User":"NT AUTHORITY\\SYSTEM"},{"EventSourceName":"Microsoft-Windows-Sysmon","Provider":"Microsoft-Windows-Sysmon","ProviderGuid":"{5770385f-c22a-43e0-bf4c-06f5698ffbd9}","Level":"4","Keywords":"0x8000000000000000","Channel":"Microsoft-Windows-Sysmon/Operational","Computer":"DC01.mssentinel.local","TimeCreated":"2022-09-22T10:54:12.060Z","TimeGenerated":"2022-09-22T02:54:12.060Z","EventRecordID":"5738599","EventID":18,"Message":"Pipe Connected:\r\nRuleName: -\r\nEventType: ConnectPipe\r\nUtcTime: 2022-09-22 14:54:12.050\r\nProcessGuid: {97c68367-a1a2-6320-eb03-000000000000}\r\nProcessId: 4\r\nPipeName: \\lsass\r\nImage: System\r\nUser: NT AUTHORITY\\SYSTEM","EventData":"\u003cEventData xmlns=\"http://schemas.microsoft.com/win/2004/08/events/event\"\u003e\u003cData Name=\"RuleName\"\u003e-\u003c/Data\u003e\u003cData Name=\"EventType\"\u003eConnectPipe\u003c/Data\u003e\u003cData Name=\"UtcTime\"\u003e2022-09-22 14:54:12.050\u003c/Data\u003e\u003cData Name=\"ProcessGuid\"\u003e{97c68367-a1a2-6320-eb03-000000000000}\u003c/Data\u003e\u003cData Name=\"ProcessId\"\u003e4\u003c/Data\u003e\u003cData Name=\"PipeName\"\u003e\\lsass\u003c/Data\u003e\u003cData Name=\"Image\"\u003eSystem\u003c/Data\u003e\u003cData Name=\"User\"\u003eNT AUTHORITY\\SYSTEM\u003c/Data\u003e\u003c/EventData\u003e","Task":"18","RuleName":"-","EventType":"ConnectPipe","UtcTime":"2022-09-22 14:54:12.050","ProcessGuid":"{97c68367-a1a2-6320-eb03-000000000000}","ProcessId":"4","PipeName":"\\lsass","Image":"System","User":"NT AUTHORITY\\SYSTEM"},{"EventSourceName":"Microsoft-Windows-Sysmon","Provider":"Microsoft-Windows-Sysmon","ProviderGuid":"{5770385f-c22a-43e0-bf4c-06f5698ffbd9}","Level":"4","Keywords":"0x8000000000000000","Channel":"Microsoft-Windows-Sysmon/Operational","Computer":"DC01.mssentinel.local","TimeCreated":"2022-09-22T10:54:13.277Z","TimeGenerated":"2022-09-22T02:54:13.277Z","EventRecordID":"5738601","EventID":3,"Message":"Network connection detected:\r\nRuleName: -\r\nUtcTime: 2022-09-22 14:54:14.537\r\nProcessGuid: {97c68367-a1a2-6320-eb03-000000000000}\r\nProcessId: 4\r\nImage: System\r\nUser: NT AUTHORITY\\SYSTEM\r\nProtocol: tcp\r\nInitiated: false\r\nSourceIsIpv6: false\r\nSourceIp: 192.168.2.6\r\nSourceHostname: -\r\nSourcePort: 49550\r\nSourcePortName: -\r\nDestinationIsIpv6: false\r\nDestinationIp: 192.168.2.4\r\nDestinationHostname: -\r\nDestinationPort: 445\r\nDestinationPortName: -","EventData":"\u003cEventData xmlns=\"http://schemas.microsoft.com/win/2004/08/events/event\"\u003e\u003cData Name=\"RuleName\"\u003e-\u003c/Data\u003e\u003cData Name=\"UtcTime\"\u003e2022-09-22 14:54:14.537\u003c/Data\u003e\u003cData Name=\"ProcessGuid\"\u003e{97c68367-a1a2-6320-eb03-000000000000}\u003c/Data\u003e\u003cData Name=\"ProcessId\"\u003e4\u003c/Data\u003e\u003cData Name=\"Image\"\u003eSystem\u003c/Data\u003e\u003cData Name=\"User\"\u003eNT AUTHORITY\\SYSTEM\u003c/Data\u003e\u003cData Name=\"Protocol\"\u003etcp\u003c/Data\u003e\u003cData Name=\"Initiated\"\u003efalse\u003c/Data\u003e\u003cData Name=\"SourceIsIpv6\"\u003efalse\u003c/Data\u003e\u003cData Name=\"SourceIp\"\u003e192.168.2.6\u003c/Data\u003e\u003cData Name=\"SourceHostname\"\u003e-\u003c/Data\u003e\u003cData Name=\"SourcePort\"\u003e49550\u003c/Data\u003e\u003cData Name=\"SourcePortName\"\u003e-\u003c/Data\u003e\u003cData Name=\"DestinationIsIpv6\"\u003efalse\u003c/Data\u003e\u003cData Name=\"DestinationIp\"\u003e192.168.2.4\u003c/Data\u003e\u003cData Name=\"DestinationHostname\"\u003e-\u003c/Data\u003e\u003cData Name=\"DestinationPort\"\u003e445\u003c/Data\u003e\u003cData Name=\"DestinationPortName\"\u003e-\u003c/Data\u003e\u003c/EventData\u003e","Task":"3","RuleName":"-","UtcTime":"2022-09-22 14:54:14.537","ProcessGuid":"{97c68367-a1a2-6320-eb03-000000000000}","ProcessId":"4","Image":"System","User":"NT AUTHORITY\\SYSTEM","Protocol":"tcp","Initiated":"false","SourceIsIpv6":"false","SourceIp":"192.168.2.6","SourceHostname":"-","SourcePort":"49550","SourcePortName":"-","DestinationIsIpv6":"false","DestinationIp":"192.168.2.4","DestinationHostname":"-","DestinationPort":"445","DestinationPortName":"-"},{"EventSourceName":"Microsoft-Windows-Sysmon","Provider":"Microsoft-Windows-Sysmon","ProviderGuid":"{5770385f-c22a-43e0-bf4c-06f5698ffbd9}","Level":"4","Keywords":"0x8000000000000000","Channel":"Microsoft-Windows-Sysmon/Operational","Computer":"DC01.mssentinel.local","TimeCreated":"2022-09-22T10:54:13.277Z","TimeGenerated":"2022-09-22T02:54:13.277Z","EventRecordID":"5738602","EventID":3,"Message":"Network connection detected:\r\nRuleName: -\r\nUtcTime: 2022-09-22 14:54:14.540\r\nProcessGuid: {97c68367-a1a4-6320-0c00-000000000400}\r\nProcessId: 692\r\nImage: C:\\Windows\\System32\\lsass.exe\r\nUser: NT AUTHORITY\\SYSTEM\r\nProtocol: tcp\r\nInitiated: false\r\nSourceIsIpv6: false\r\nSourceIp: 192.168.2.6\r\nSourceHostname: -\r\nSourcePort: 49551\r\nSourcePortName: -\r\nDestinationIsIpv6: false\r\nDestinationIp: 192.168.2.4\r\nDestinationHostname: -\r\nDestinationPort: 88\r\nDestinationPortName: -","EventData":"\u003cEventData xmlns=\"http://schemas.microsoft.com/win/2004/08/events/event\"\u003e\u003cData Name=\"RuleName\"\u003e-\u003c/Data\u003e\u003cData Name=\"UtcTime\"\u003e2022-09-22 14:54:14.540\u003c/Data\u003e\u003cData Name=\"ProcessGuid\"\u003e{97c68367-a1a4-6320-0c00-000000000400}\u003c/Data\u003e\u003cData Name=\"ProcessId\"\u003e692\u003c/Data\u003e\u003cData Name=\"Image\"\u003eC:\\Windows\\System32\\lsass.exe\u003c/Data\u003e\u003cData Name=\"User\"\u003eNT AUTHORITY\\SYSTEM\u003c/Data\u003e\u003cData Name=\"Protocol\"\u003etcp\u003c/Data\u003e\u003cData Name=\"Initiated\"\u003efalse\u003c/Data\u003e\u003cData Name=\"SourceIsIpv6\"\u003efalse\u003c/Data\u003e\u003cData Name=\"SourceIp\"\u003e192.168.2.6\u003c/Data\u003e\u003cData Name=\"SourceHostname\"\u003e-\u003c/Data\u003e\u003cData Name=\"SourcePort\"\u003e49551\u003c/Data\u003e\u003cData Name=\"SourcePortName\"\u003e-\u003c/Data\u003e\u003cData Name=\"DestinationIsIpv6\"\u003efalse\u003c/Data\u003e\u003cData Name=\"DestinationIp\"\u003e192.168.2.4\u003c/Data\u003e\u003cData Name=\"DestinationHostname\"\u003e-\u003c/Data\u003e\u003cData Name=\"DestinationPort\"\u003e88\u003c/Data\u003e\u003cData Name=\"DestinationPortName\"\u003e-\u003c/Data\u003e\u003c/EventData\u003e","Task":"3","RuleName":"-","UtcTime":"2022-09-22 14:54:14.540","ProcessGuid":"{97c68367-a1a4-6320-0c00-000000000400}","ProcessId":"692","Image":"C:\\Windows\\System32\\lsass.exe","User":"NT AUTHORITY\\SYSTEM","Protocol":"tcp","Initiated":"false","SourceIsIpv6":"false","SourceIp":"192.168.2.6","SourceHostname":"-","SourcePort":"49551","SourcePortName":"-","DestinationIsIpv6":"false","DestinationIp":"192.168.2.4","DestinationHostname":"-","DestinationPort":"88","DestinationPortName":"-"},{"EventSourceName":"Microsoft-Windows-Sysmon","Provider":"Microsoft-Windows-Sysmon","ProviderGuid":"{5770385f-c22a-43e0-bf4c-06f5698ffbd9}","Level":"4","Keywords":"0x8000000000000000","Channel":"Microsoft-Windows-Sysmon/Operational","Computer":"DC01.mssentinel.local","TimeCreated":"2022-09-22T10:54:13.277Z","TimeGenerated":"2022-09-22T02:54:13.277Z","EventRecordID":"5738603","EventID":3,"Message":"Network connection detected:\r\nRuleName: -\r\nUtcTime: 2022-09-22 14:54:14.542\r\nProcessGuid: {97c68367-a1a4-6320-0c00-000000000400}\r\nProcessId: 692\r\nImage: C:\\Windows\\System32\\lsass.exe\r\nUser: NT AUTHORITY\\SYSTEM\r\nProtocol: tcp\r\nInitiated: false\r\nSourceIsIpv6: false\r\nSourceIp: 192.168.2.6\r\nSourceHostname: -\r\nSourcePort: 49552\r\nSourcePortName: -\r\nDestinationIsIpv6: false\r\nDestinationIp: 192.168.2.4\r\nDestinationHostname: -\r\nDestinationPort: 88\r\nDestinationPortName: -","EventData":"\u003cEventData xmlns=\"http://schemas.microsoft.com/win/2004/08/events/event\"\u003e\u003cData Name=\"RuleName\"\u003e-\u003c/Data\u003e\u003cData Name=\"UtcTime\"\u003e2022-09-22 14:54:14.542\u003c/Data\u003e\u003cData Name=\"ProcessGuid\"\u003e{97c68367-a1a4-6320-0c00-000000000400}\u003c/Data\u003e\u003cData Name=\"ProcessId\"\u003e692\u003c/Data\u003e\u003cData Name=\"Image\"\u003eC:\\Windows\\System32\\lsass.exe\u003c/Data\u003e\u003cData Name=\"User\"\u003eNT AUTHORITY\\SYSTEM\u003c/Data\u003e\u003cData Name=\"Protocol\"\u003etcp\u003c/Data\u003e\u003cData Name=\"Initiated\"\u003efalse\u003c/Data\u003e\u003cData Name=\"SourceIsIpv6\"\u003efalse\u003c/Data\u003e\u003cData Name=\"SourceIp\"\u003e192.168.2.6\u003c/Data\u003e\u003cData Name=\"SourceHostname\"\u003e-\u003c/Data\u003e\u003cData Name=\"SourcePort\"\u003e49552\u003c/Data\u003e\u003cData Name=\"SourcePortName\"\u003e-\u003c/Data\u003e\u003cData Name=\"DestinationIsIpv6\"\u003efalse\u003c/Data\u003e\u003cData Name=\"DestinationIp\"\u003e192.168.2.4\u003c/Data\u003e\u003cData Name=\"DestinationHostname\"\u003e-\u003c/Data\u003e\u003cData Name=\"DestinationPort\"\u003e88\u003c/Data\u003e\u003cData Name=\"DestinationPortName\"\u003e-\u003c/Data\u003e\u003c/EventData\u003e","Task":"3","RuleName":"-","UtcTime":"2022-09-22 14:54:14.542","ProcessGuid":"{97c68367-a1a4-6320-0c00-000000000400}","ProcessId":"692","Image":"C:\\Windows\\System32\\lsass.exe","User":"NT AUTHORITY\\SYSTEM","Protocol":"tcp","Initiated":"false","SourceIsIpv6":"false","SourceIp":"192.168.2.6","SourceHostname":"-","SourcePort":"49552","SourcePortName":"-","DestinationIsIpv6":"false","DestinationIp":"192.168.2.4","DestinationHostname":"-","DestinationPort":"88","DestinationPortName":"-"},{"EventSourceName":"Microsoft-Windows-Sysmon","Provider":"Microsoft-Windows-Sysmon","ProviderGuid":"{5770385f-c22a-43e0-bf4c-06f5698ffbd9}","Level":"4","Keywords":"0x8000000000000000","Channel":"Microsoft-Windows-Sysmon/Operational","Computer":"DC01.mssentinel.local","TimeCreated":"2022-09-22T10:54:13.277Z","TimeGenerated":"2022-09-22T02:54:13.277Z","EventRecordID":"5738604","EventID":3,"Message":"Network connection detected:\r\nRuleName: -\r\nUtcTime: 2022-09-22 14:54:14.570\r\nProcessGuid: {97c68367-a1b9-6320-4f00-000000000400}\r\nProcessId: 3288\r\nImage: C:\\Windows\\System32\\dns.exe\r\nUser: NT AUTHORITY\\SYSTEM\r\nProtocol: udp\r\nInitiated: false\r\nSourceIsIpv6: false\r\nSourceIp: 192.168.2.4\r\nSourceHostname: -\r\nSourcePort: 53\r\nSourcePortName: -\r\nDestinationIsIpv6: false\r\nDestinationIp: 192.168.2.6\r\nDestinationHostname: -\r\nDestinationPort: 56566\r\nDestinationPortName: -","EventData":"\u003cEventData xmlns=\"http://schemas.microsoft.com/win/2004/08/events/event\"\u003e\u003cData Name=\"RuleName\"\u003e-\u003c/Data\u003e\u003cData Name=\"UtcTime\"\u003e2022-09-22 14:54:14.570\u003c/Data\u003e\u003cData Name=\"ProcessGuid\"\u003e{97c68367-a1b9-6320-4f00-000000000400}\u003c/Data\u003e\u003cData Name=\"ProcessId\"\u003e3288\u003c/Data\u003e\u003cData Name=\"Image\"\u003eC:\\Windows\\System32\\dns.exe\u003c/Data\u003e\u003cData Name=\"User\"\u003eNT AUTHORITY\\SYSTEM\u003c/Data\u003e\u003cData Name=\"Protocol\"\u003eudp\u003c/Data\u003e\u003cData Name=\"Initiated\"\u003efalse\u003c/Data\u003e\u003cData Name=\"SourceIsIpv6\"\u003efalse\u003c/Data\u003e\u003cData Name=\"SourceIp\"\u003e192.168.2.4\u003c/Data\u003e\u003cData Name=\"SourceHostname\"\u003e-\u003c/Data\u003e\u003cData Name=\"SourcePort\"\u003e53\u003c/Data\u003e\u003cData Name=\"SourcePortName\"\u003e-\u003c/Data\u003e\u003cData Name=\"DestinationIsIpv6\"\u003efalse\u003c/Data\u003e\u003cData Name=\"DestinationIp\"\u003e192.168.2.6\u003c/Data\u003e\u003cData Name=\"DestinationHostname\"\u003e-\u003c/Data\u003e\u003cData Name=\"DestinationPort\"\u003e56566\u003c/Data\u003e\u003cData Name=\"DestinationPortName\"\u003e-\u003c/Data\u003e\u003c/EventData\u003e","Task":"3","RuleName":"-","UtcTime":"2022-09-22 14:54:14.570","ProcessGuid":"{97c68367-a1b9-6320-4f00-000000000400}","ProcessId":"3288","Image":"C:\\Windows\\System32\\dns.exe","User":"NT AUTHORITY\\SYSTEM","Protocol":"udp","Initiated":"false","SourceIsIpv6":"false","SourceIp":"192.168.2.4","SourceHostname":"-","SourcePort":"53","SourcePortName":"-","DestinationIsIpv6":"false","DestinationIp":"192.168.2.6","DestinationHostname":"-","DestinationPort":"56566","DestinationPortName":"-"},{"EventSourceName":"Microsoft-Windows-Sysmon","Provider":"Microsoft-Windows-Sysmon","ProviderGuid":"{5770385f-c22a-43e0-bf4c-06f5698ffbd9}","Level":"4","Keywords":"0x8000000000000000","Channel":"Microsoft-Windows-Sysmon/Operational","Computer":"DC01.mssentinel.local","TimeCreated":"2022-09-22T10:54:13.277Z","TimeGenerated":"2022-09-22T02:54:13.277Z","EventRecordID":"5738605","EventID":3,"Message":"Network connection detected:\r\nRuleName: -\r\nUtcTime: 2022-09-22 14:54:14.600\r\nProcessGuid: {97c68367-a1b9-6320-4f00-000000000400}\r\nProcessId: 3288\r\nImage: C:\\Windows\\System32\\dns.exe\r\nUser: NT AUTHORITY\\SYSTEM\r\nProtocol: udp\r\nInitiated: false\r\nSourceIsIpv6: false\r\nSourceIp: 192.168.2.4\r\nSourceHostname: -\r\nSourcePort: 53\r\nSourcePortName: -\r\nDestinationIsIpv6: false\r\nDestinationIp: 192.168.2.5\r\nDestinationHostname: -\r\nDestinationPort: 50881\r\nDestinationPortName: -","EventData":"\u003cEventData xmlns=\"http://schemas.microsoft.com/win/2004/08/events/event\"\u003e\u003cData Name=\"RuleName\"\u003e-\u003c/Data\u003e\u003cData Name=\"UtcTime\"\u003e2022-09-22 14:54:14.600\u003c/Data\u003e\u003cData Name=\"ProcessGuid\"\u003e{97c68367-a1b9-6320-4f00-000000000400}\u003c/Data\u003e\u003cData Name=\"ProcessId\"\u003e3288\u003c/Data\u003e\u003cData Name=\"Image\"\u003eC:\\Windows\\System32\\dns.exe\u003c/Data\u003e\u003cData Name=\"User\"\u003eNT AUTHORITY\\SYSTEM\u003c/Data\u003e\u003cData Name=\"Protocol\"\u003eudp\u003c/Data\u003e\u003cData Name=\"Initiated\"\u003efalse\u003c/Data\u003e\u003cData Name=\"SourceIsIpv6\"\u003efalse\u003c/Data\u003e\u003cData Name=\"SourceIp\"\u003e192.168.2.4\u003c/Data\u003e\u003cData Name=\"SourceHostname\"\u003e-\u003c/Data\u003e\u003cData Name=\"SourcePort\"\u003e53\u003c/Data\u003e\u003cData Name=\"SourcePortName\"\u003e-\u003c/Data\u003e\u003cData Name=\"DestinationIsIpv6\"\u003efalse\u003c/Data\u003e\u003cData Name=\"DestinationIp\"\u003e192.168.2.5\u003c/Data\u003e\u003cData Name=\"DestinationHostname\"\u003e-\u003c/Data\u003e\u003cData Name=\"DestinationPort\"\u003e50881\u003c/Data\u003e\u003cData Name=\"DestinationPortName\"\u003e-\u003c/Data\u003e\u003c/EventData\u003e","Task":"3","RuleName":"-","UtcTime":"2022-09-22 14:54:14.600","ProcessGuid":"{97c68367-a1b9-6320-4f00-000000000400}","ProcessId":"3288","Image":"C:\\Windows\\System32\\dns.exe","User":"NT AUTHORITY\\SYSTEM","Protocol":"udp","Initiated":"false","SourceIsIpv6":"false","SourceIp":"192.168.2.4","SourceHostname":"-","SourcePort":"53","SourcePortName":"-","DestinationIsIpv6":"false","DestinationIp":"192.168.2.5","DestinationHostname":"-","DestinationPort":"50881","DestinationPortName":"-"},{"EventSourceName":"Microsoft-Windows-Sysmon","Provider":"Microsoft-Windows-Sysmon","ProviderGuid":"{5770385f-c22a-43e0-bf4c-06f5698ffbd9}","Level":"4","Keywords":"0x8000000000000000","Channel":"Microsoft-Windows-Sysmon/Operational","Computer":"DC01.mssentinel.local","TimeCreated":"2022-09-22T10:54:14.077Z","TimeGenerated":"2022-09-22T02:54:14.077Z","EventRecordID":"5738606","EventID":12,"Message":"Registry object added or deleted:\r\nRuleName: -\r\nEventType: CreateKey\r\nUtcTime: 2022-09-22 14:54:14.073\r\nProcessGuid: {97c68367-a1aa-6320-2f00-000000000400}\r\nProcessId: 2056\r\nImage: C:\\Windows\\system32\\svchost.exe\r\nTargetObject: HKU\\.DEFAULT\\Software\\Microsoft\\Windows\\CurrentVersion\\Internet Settings\\Connections\r\nUser: NT AUTHORITY\\LOCAL SERVICE","EventData":"\u003cEventData xmlns=\"http://schemas.microsoft.com/win/2004/08/events/event\"\u003e\u003cData Name=\"RuleName\"\u003e-\u003c/Data\u003e\u003cData Name=\"EventType\"\u003eCreateKey\u003c/Data\u003e\u003cData Name=\"UtcTime\"\u003e2022-09-22 14:54:14.073\u003c/Data\u003e\u003cData Name=\"ProcessGuid\"\u003e{97c68367-a1aa-6320-2f00-000000000400}\u003c/Data\u003e\u003cData Name=\"ProcessId\"\u003e2056\u003c/Data\u003e\u003cData Name=\"Image\"\u003eC:\\Windows\\system32\\svchost.exe\u003c/Data\u003e\u003cData Name=\"TargetObject\"\u003eHKU\\.DEFAULT\\Software\\Microsoft\\Windows\\CurrentVersion\\Internet Settings\\Connections\u003c/Data\u003e\u003cData Name=\"User\"\u003eNT AUTHORITY\\LOCAL SERVICE\u003c/Data\u003e\u003c/EventData\u003e","Task":"12","RuleName":"-","EventType":"CreateKey","UtcTime":"2022-09-22 14:54:14.073","ProcessGuid":"{97c68367-a1aa-6320-2f00-000000000400}","ProcessId":"2056","Image":"C:\\Windows\\system32\\svchost.exe","TargetObject":"HKU\\.DEFAULT\\Software\\Microsoft\\Windows\\CurrentVersion\\Internet Settings\\Connections","User":"NT AUTHORITY\\LOCAL SERVICE"},{"EventSourceName":"Microsoft-Windows-Sysmon","Provider":"Microsoft-Windows-Sysmon","ProviderGuid":"{5770385f-c22a-43e0-bf4c-06f5698ffbd9}","Level":"4","Keywords":"0x8000000000000000","Channel":"Microsoft-Windows-Sysmon/Operational","Computer":"DC01.mssentinel.local","TimeCreated":"2022-09-22T10:54:14.697Z","TimeGenerated":"2022-09-22T02:54:14.697Z","EventRecordID":"5738607","EventID":2,"Message":"File creation time changed:\r\nRuleName: -\r\nUtcTime: 2022-09-22 14:54:14.683\r\nProcessGuid: {97c68367-4c90-6329-3880-000000000400}\r\nProcessId: 14124\r\nImage: C:\\Packages\\Plugins\\Microsoft.Azure.Monitor.AzureMonitorWindowsAgent\\1.8.0.0\\Monitoring\\Agent\\MonAgentCore.exe\r\nTargetFilename: C:\\WindowsAzure\\Resources\\AMADataStore.DC01\\Tables\\c5883232578161416590_1705169361031001183.tsf\r\nCreationUtcTime: 2022-09-22 14:54:14.683\r\nPreviousCreationUtcTime: 2022-09-22 14:53:54.148\r\nUser: NT AUTHORITY\\SYSTEM","EventData":"\u003cEventData xmlns=\"http://schemas.microsoft.com/win/2004/08/events/event\"\u003e\u003cData Name=\"RuleName\"\u003e-\u003c/Data\u003e\u003cData Name=\"UtcTime\"\u003e2022-09-22 14:54:14.683\u003c/Data\u003e\u003cData Name=\"ProcessGuid\"\u003e{97c68367-4c90-6329-3880-000000000400}\u003c/Data\u003e\u003cData Name=\"ProcessId\"\u003e14124\u003c/Data\u003e\u003cData Name=\"Image\"\u003eC:\\Packages\\Plugins\\Microsoft.Azure.Monitor.AzureMonitorWindowsAgent\\1.8.0.0\\Monitoring\\Agent\\MonAgentCore.exe\u003c/Data\u003e\u003cData Name=\"TargetFilename\"\u003eC:\\WindowsAzure\\Resources\\AMADataStore.DC01\\Tables\\c5883232578161416590_1705169361031001183.tsf\u003c/Data\u003e\u003cData Name=\"CreationUtcTime\"\u003e2022-09-22 14:54:14.683\u003c/Data\u003e\u003cData Name=\"PreviousCreationUtcTime\"\u003e2022-09-22 14:53:54.148\u003c/Data\u003e\u003cData Name=\"User\"\u003eNT AUTHORITY\\SYSTEM\u003c/Data\u003e\u003c/EventData\u003e","Task":"2","RuleName":"-","UtcTime":"2022-09-22 14:54:14.683","ProcessGuid":"{97c68367-4c90-6329-3880-000000000400}","ProcessId":"14124","Image":"C:\\Packages\\Plugins\\Microsoft.Azure.Monitor.AzureMonitorWindowsAgent\\1.8.0.0\\Monitoring\\Agent\\MonAgentCore.exe","TargetFilename":"C:\\WindowsAzure\\Resources\\AMADataStore.DC01\\Tables\\c5883232578161416590_1705169361031001183.tsf","CreationUtcTime":"2022-09-22 14:54:14.683","PreviousCreationUtcTime":"2022-09-22 14:53:54.148","User":"NT AUTHORITY\\SYSTEM"},{"EventSourceName":"Microsoft-Windows-Sysmon","Provider":"Microsoft-Windows-Sysmon","ProviderGuid":"{5770385f-c22a-43e0-bf4c-06f5698ffbd9}","Level":"4","Keywords":"0x8000000000000000","Channel":"Microsoft-Windows-Sysmon/Operational","Computer":"DC01.mssentinel.local","TimeCreated":"2022-09-22T10:54:15.069Z","TimeGenerated":"2022-09-22T02:54:15.069Z","EventRecordID":"5738608","EventID":3,"Message":"Network connection detected:\r\nRuleName: -\r\nUtcTime: 2022-09-22 14:54:15.570\r\nProcessGuid: {97c68367-a1b9-6320-4f00-000000000400}\r\nProcessId: 3288\r\nImage: C:\\Windows\\System32\\dns.exe\r\nUser: NT AUTHORITY\\SYSTEM\r\nProtocol: udp\r\nInitiated: false\r\nSourceIsIpv6: false\r\nSourceIp: 192.168.2.4\r\nSourceHostname: -\r\nSourcePort: 53\r\nSourcePortName: -\r\nDestinationIsIpv6: false\r\nDestinationIp: 192.168.2.6\r\nDestinationHostname: -\r\nDestinationPort: 59254\r\nDestinationPortName: -","EventData":"\u003cEventData xmlns=\"http://schemas.microsoft.com/win/2004/08/events/event\"\u003e\u003cData Name=\"RuleName\"\u003e-\u003c/Data\u003e\u003cData Name=\"UtcTime\"\u003e2022-09-22 14:54:15.570\u003c/Data\u003e\u003cData Name=\"ProcessGuid\"\u003e{97c68367-a1b9-6320-4f00-000000000400}\u003c/Data\u003e\u003cData Name=\"ProcessId\"\u003e3288\u003c/Data\u003e\u003cData Name=\"Image\"\u003eC:\\Windows\\System32\\dns.exe\u003c/Data\u003e\u003cData Name=\"User\"\u003eNT AUTHORITY\\SYSTEM\u003c/Data\u003e\u003cData Name=\"Protocol\"\u003eudp\u003c/Data\u003e\u003cData Name=\"Initiated\"\u003efalse\u003c/Data\u003e\u003cData Name=\"SourceIsIpv6\"\u003efalse\u003c/Data\u003e\u003cData Name=\"SourceIp\"\u003e192.168.2.4\u003c/Data\u003e\u003cData Name=\"SourceHostname\"\u003e-\u003c/Data\u003e\u003cData Name=\"SourcePort\"\u003e53\u003c/Data\u003e\u003cData Name=\"SourcePortName\"\u003e-\u003c/Data\u003e\u003cData Name=\"DestinationIsIpv6\"\u003efalse\u003c/Data\u003e\u003cData Name=\"DestinationIp\"\u003e192.168.2.6\u003c/Data\u003e\u003cData Name=\"DestinationHostname\"\u003e-\u003c/Data\u003e\u003cData Name=\"DestinationPort\"\u003e59254\u003c/Data\u003e\u003cData Name=\"DestinationPortName\"\u003e-\u003c/Data\u003e\u003c/EventData\u003e","Task":"3","RuleName":"-","UtcTime":"2022-09-22 14:54:15.570","ProcessGuid":"{97c68367-a1b9-6320-4f00-000000000400}","ProcessId":"3288","Image":"C:\\Windows\\System32\\dns.exe","User":"NT AUTHORITY\\SYSTEM","Protocol":"udp","Initiated":"false","SourceIsIpv6":"false","SourceIp":"192.168.2.4","SourceHostname":"-","SourcePort":"53","SourcePortName":"-","DestinationIsIpv6":"false","DestinationIp":"192.168.2.6","DestinationHostname":"-","DestinationPort":"59254","DestinationPortName":"-"}]
