{"CreationTime":"2023-05-20T10:54:05","Id":"21e87b2c-7fc0-4f65-d5e9-08db59208799","Operation":"Set-AdminAuditLogConfig","OrganizationId":"8d4121ed-0008-406d-bff9-0d5bb312183c","RecordType":1,"ResultStatus":"True","UserKey":"10032002643F6746","UserType":2,"Version":1,"Workload":"Exchange","ClientIP":"104.28.196.199:28491","ObjectId":"Admin Audit Log Settings","UserId":"stinger@contoso.onmicrosoft.com","AppId":"fb78d390-0c51-40cd-8e17-fdbfab77341b","ClientAppId":"","ExternalAccess":false,"OrganizationName":"contoso.onmicrosoft.com","OriginatingServer":"TYUPR03MB7029 (15.20.6411.019)","Parameters":[{"Name":"UnifiedAuditLogIngestionEnabled","Value":"False"}],"SessionId":"d73349af-537a-471a-9b24-cbd670266a32"}