<Backups xmlns="http://www.microsoft.com/GroupPolicy/GPOOperations/Manifest" xmlns:mfst="http://www.microsoft.com/GroupPolicy/GPOOperations/Manifest" mfst:version="1.0"><BackupInst><GPOGuid><![CDATA[{be301386-3f00-415b-a938-3425ae0986f8}]]></GPOGuid><GPODomain><![CDATA[shire.com]]></GPODomain><GPODomainGuid><![CDATA[{0071b080-6b81-498b-b00b-51b45474a348}]]></GPODomainGuid><GPODomainController><![CDATA[HFDC01.shire.com]]></GPODomainController><BackupTime><![CDATA[2019-05-15T11:29:00]]></BackupTime><ID><![CDATA[{F5680BBE-DB98-4DC0-B0A1-598C98A614B4}]]></ID><Comment><![CDATA[]]></Comment><GPODisplayName><![CDATA[Disable Windows Defender Firewall]]></GPODisplayName></BackupInst></Backups>