[{"EventSourceName":"Microsoft-Windows-Security-Auditing","Provider":"Microsoft-Windows-Security-Auditing","ProviderGuid":"{54849625-5478-4994-a5ba-3e3b0328c30d}","Level":"0","Keywords":"0x8020000000000000","Channel":"Security","Computer":"WORKSTATION6.mssentinel.local","TimeCreated":"2022-09-26T07:26:05.733Z","TimeGenerated":"2022-09-26T11:26:05.733Z","EventRecordID":"2309262","EventID":4690,"Message":"An attempt was made to duplicate a handle to an object.\r\n\r\nSubject:\r\n\tSecurity ID:\t\tS-1-5-21-1569727641-2518674866-3296776394-1104\r\n\tAccount Name:\t\tpgustavo\r\n\tAccount Domain:\t\tMSSENTINEL\r\n\tLogon ID:\t\t0x2F9566F\r\n\r\nSource Handle Information:\r\n\tSource Handle ID:\t0xa5c\r\n\tSource Process ID:\t0x1484\r\n\r\nNew Handle Information:\r\n\tTarget Handle ID:\t0x3a00\r\n\tTarget Process ID:\t0x4","EventData":"\u003cEventData xmlns=\"http://schemas.microsoft.com/win/2004/08/events/event\"\u003e\u003cData Name=\"SubjectUserSid\"\u003eS-1-5-21-1569727641-2518674866-3296776394-1104\u003c/Data\u003e\u003cData Name=\"SubjectUserName\"\u003epgustavo\u003c/Data\u003e\u003cData Name=\"SubjectDomainName\"\u003eMSSENTINEL\u003c/Data\u003e\u003cData Name=\"SubjectLogonId\"\u003e0x2f9566f\u003c/Data\u003e\u003cData Name=\"SourceHandleId\"\u003e0xa5c\u003c/Data\u003e\u003cData Name=\"SourceProcessId\"\u003e0x1484\u003c/Data\u003e\u003cData Name=\"TargetHandleId\"\u003e0x3a00\u003c/Data\u003e\u003cData Name=\"TargetProcessId\"\u003e0x4\u003c/Data\u003e\u003c/EventData\u003e","Task":12807,"SubjectUserSid":"S-1-5-21-1569727641-2518674866-3296776394-1104","SubjectUserName":"pgustavo","SubjectDomainName":"MSSENTINEL","SubjectLogonId":"0x2f9566f","SourceHandleId":"0xa5c","SourceProcessId":"0x1484","TargetHandleId":"0x3a00","TargetProcessId":"0x4"},{"EventSourceName":"Microsoft-Windows-Security-Auditing","Provider":"Microsoft-Windows-Security-Auditing","ProviderGuid":"{54849625-5478-4994-a5ba-3e3b0328c30d}","Level":"0","Keywords":"0x8020000000000000","Channel":"Security","Computer":"WORKSTATION6.mssentinel.local","TimeCreated":"2022-09-26T07:26:05.733Z","TimeGenerated":"2022-09-26T11:26:05.733Z","EventRecordID":"2309263","EventID":4658,"Message":"The handle to an object was closed.\r\n\r\nSubject :\r\n\tSecurity ID:\t\tS-1-5-21-1569727641-2518674866-3296776394-1104\r\n\tAccount Name:\t\tpgustavo\r\n\tAccount Domain:\t\tMSSENTINEL\r\n\tLogon ID:\t\t0x2F9566F\r\n\r\nObject:\r\n\tObject Server:\t\tSecurity\r\n\tHandle ID:\t\t0x3a00\r\n\r\nProcess Information:\r\n\tProcess ID:\t\t0x1484\r\n\tProcess Name:\t\tC:\\Windows\\System32\\WindowsPowerShell\\v1.0\\powershell.exe","EventData":"\u003cEventData xmlns=\"http://schemas.microsoft.com/win/2004/08/events/event\"\u003e\u003cData Name=\"SubjectUserSid\"\u003eS-1-5-21-1569727641-2518674866-3296776394-1104\u003c/Data\u003e\u003cData Name=\"SubjectUserName\"\u003epgustavo\u003c/Data\u003e\u003cData Name=\"SubjectDomainName\"\u003eMSSENTINEL\u003c/Data\u003e\u003cData Name=\"SubjectLogonId\"\u003e0x2f9566f\u003c/Data\u003e\u003cData Name=\"ObjectServer\"\u003eSecurity\u003c/Data\u003e\u003cData Name=\"HandleId\"\u003e0x3a00\u003c/Data\u003e\u003cData Name=\"ProcessId\"\u003e0x1484\u003c/Data\u003e\u003cData Name=\"ProcessName\"\u003eC:\\Windows\\System32\\WindowsPowerShell\\v1.0\\powershell.exe\u003c/Data\u003e\u003c/EventData\u003e","Task":12801,"SubjectUserSid":"S-1-5-21-1569727641-2518674866-3296776394-1104","SubjectUserName":"pgustavo","SubjectDomainName":"MSSENTINEL","SubjectLogonId":"0x2f9566f","ObjectServer":"Security","HandleId":"0x3a00","ProcessId":"0x1484","ProcessName":"C:\\Windows\\System32\\WindowsPowerShell\\v1.0\\powershell.exe"},{"EventSourceName":"Microsoft-Windows-Security-Auditing","Provider":"Microsoft-Windows-Security-Auditing","ProviderGuid":"{54849625-5478-4994-a5ba-3e3b0328c30d}","Level":"0","Keywords":"0x8020000000000000","Channel":"Security","Computer":"WORKSTATION6.mssentinel.local","TimeCreated":"2022-09-26T07:26:05.733Z","TimeGenerated":"2022-09-26T11:26:05.733Z","EventRecordID":"2309264","EventID":4656,"Message":"A handle to an object was requested.\r\n\r\nSubject:\r\n\tSecurity ID:\t\tS-1-5-21-1569727641-2518674866-3296776394-1104\r\n\tAccount Name:\t\tpgustavo\r\n\tAccount Domain:\t\tMSSENTINEL\r\n\tLogon ID:\t\t0x2F9566F\r\n\r\nObject:\r\n\tObject Server:\t\tSecurity\r\n\tObject Type:\t\tKey\r\n\tObject Name:\t\t\\REGISTRY\\MACHINE\\SOFTWARE\\Microsoft\\Windows\\CurrentVersion\\WSMAN\r\n\tHandle ID:\t\t0xa5c\r\n\tResource Attributes:\t-\r\n\r\nProcess Information:\r\n\tProcess ID:\t\t0x1484\r\n\tProcess Name:\t\tC:\\Windows\\System32\\WindowsPowerShell\\v1.0\\powershell.exe\r\n\r\nAccess Request Information:\r\n\tTransaction ID:\t\t{00000000-0000-0000-0000-000000000000}\r\n\tAccesses:\t\tREAD_CONTROL\r\n\t\t\t\tQuery key value\r\n\t\t\t\tEnumerate sub-keys\r\n\t\t\t\tNotify about changes to keys\r\n\t\t\t\t\r\n\tAccess Reasons:\t\t-\r\n\tAccess Mask:\t\t0x20019\r\n\tPrivileges Used for Access Check:\t-\r\n\tRestricted SID Count:\t0","EventData":"\u003cEventData xmlns=\"http://schemas.microsoft.com/win/2004/08/events/event\"\u003e\u003cData Name=\"SubjectUserSid\"\u003eS-1-5-21-1569727641-2518674866-3296776394-1104\u003c/Data\u003e\u003cData Name=\"SubjectUserName\"\u003epgustavo\u003c/Data\u003e\u003cData Name=\"SubjectDomainName\"\u003eMSSENTINEL\u003c/Data\u003e\u003cData Name=\"SubjectLogonId\"\u003e0x2f9566f\u003c/Data\u003e\u003cData Name=\"ObjectServer\"\u003eSecurity\u003c/Data\u003e\u003cData Name=\"ObjectType\"\u003eKey\u003c/Data\u003e\u003cData Name=\"ObjectName\"\u003e\\REGISTRY\\MACHINE\\SOFTWARE\\Microsoft\\Windows\\CurrentVersion\\WSMAN\u003c/Data\u003e\u003cData Name=\"HandleId\"\u003e0xa5c\u003c/Data\u003e\u003cData Name=\"TransactionId\"\u003e{00000000-0000-0000-0000-000000000000}\u003c/Data\u003e\u003cData Name=\"AccessList\"\u003e%%1538\n\t\t\t\t%%4432\n\t\t\t\t%%4435\n\t\t\t\t%%4436\n\t\t\t\t\u003c/Data\u003e\u003cData Name=\"AccessReason\"\u003e-\u003c/Data\u003e\u003cData Name=\"AccessMask\"\u003e0x20019\u003c/Data\u003e\u003cData Name=\"PrivilegeList\"\u003e-\u003c/Data\u003e\u003cData Name=\"RestrictedSidCount\"\u003e0\u003c/Data\u003e\u003cData Name=\"ProcessId\"\u003e0x1484\u003c/Data\u003e\u003cData Name=\"ProcessName\"\u003eC:\\Windows\\System32\\WindowsPowerShell\\v1.0\\powershell.exe\u003c/Data\u003e\u003cData Name=\"ResourceAttributes\"\u003e-\u003c/Data\u003e\u003c/EventData\u003e","Task":12801,"SubjectUserSid":"S-1-5-21-1569727641-2518674866-3296776394-1104","SubjectUserName":"pgustavo","SubjectDomainName":"MSSENTINEL","SubjectLogonId":"0x2f9566f","ObjectServer":"Security","ObjectType":"Key","ObjectName":"\\REGISTRY\\MACHINE\\SOFTWARE\\Microsoft\\Windows\\CurrentVersion\\WSMAN","HandleId":"0xa5c","TransactionId":"00000000-0000-0000-0000-000000000000","AccessList":"%%1538\r\n\t\t\t\t%%4432\r\n\t\t\t\t%%4435\r\n\t\t\t\t%%4436\r\n\t\t\t\t","AccessReason":"-","AccessMask":131097,"PrivilegeList":"-","RestrictedSidCount":0,"ProcessId":"0x1484","ProcessName":"C:\\Windows\\System32\\WindowsPowerShell\\v1.0\\powershell.exe","ResourceAttributes":"-"},{"EventSourceName":"Microsoft-Windows-Security-Auditing","Provider":"Microsoft-Windows-Security-Auditing","ProviderGuid":"{54849625-5478-4994-a5ba-3e3b0328c30d}","Level":"0","Keywords":"0x8020000000000000","Channel":"Security","Computer":"WORKSTATION6.mssentinel.local","TimeCreated":"2022-09-26T07:26:05.751Z","TimeGenerated":"2022-09-26T11:26:05.751Z","EventRecordID":"2309265","EventID":4690,"Message":"An attempt was made to duplicate a handle to an object.\r\n\r\nSubject:\r\n\tSecurity ID:\t\tS-1-5-21-1569727641-2518674866-3296776394-1104\r\n\tAccount Name:\t\tpgustavo\r\n\tAccount Domain:\t\tMSSENTINEL\r\n\tLogon ID:\t\t0x2F9566F\r\n\r\nSource Handle Information:\r\n\tSource Handle ID:\t0xabc\r\n\tSource Process ID:\t0x1484\r\n\r\nNew Handle Information:\r\n\tTarget Handle ID:\t0x2be8\r\n\tTarget Process ID:\t0x4","EventData":"\u003cEventData xmlns=\"http://schemas.microsoft.com/win/2004/08/events/event\"\u003e\u003cData Name=\"SubjectUserSid\"\u003eS-1-5-21-1569727641-2518674866-3296776394-1104\u003c/Data\u003e\u003cData Name=\"SubjectUserName\"\u003epgustavo\u003c/Data\u003e\u003cData Name=\"SubjectDomainName\"\u003eMSSENTINEL\u003c/Data\u003e\u003cData Name=\"SubjectLogonId\"\u003e0x2f9566f\u003c/Data\u003e\u003cData Name=\"SourceHandleId\"\u003e0xabc\u003c/Data\u003e\u003cData Name=\"SourceProcessId\"\u003e0x1484\u003c/Data\u003e\u003cData Name=\"TargetHandleId\"\u003e0x2be8\u003c/Data\u003e\u003cData Name=\"TargetProcessId\"\u003e0x4\u003c/Data\u003e\u003c/EventData\u003e","Task":12807,"SubjectUserSid":"S-1-5-21-1569727641-2518674866-3296776394-1104","SubjectUserName":"pgustavo","SubjectDomainName":"MSSENTINEL","SubjectLogonId":"0x2f9566f","SourceHandleId":"0xabc","SourceProcessId":"0x1484","TargetHandleId":"0x2be8","TargetProcessId":"0x4"},{"EventSourceName":"Microsoft-Windows-Security-Auditing","Provider":"Microsoft-Windows-Security-Auditing","ProviderGuid":"{54849625-5478-4994-a5ba-3e3b0328c30d}","Level":"0","Keywords":"0x8020000000000000","Channel":"Security","Computer":"WORKSTATION6.mssentinel.local","TimeCreated":"2022-09-26T07:26:05.751Z","TimeGenerated":"2022-09-26T11:26:05.751Z","EventRecordID":"2309266","EventID":4658,"Message":"The handle to an object was closed.\r\n\r\nSubject :\r\n\tSecurity ID:\t\tS-1-5-21-1569727641-2518674866-3296776394-1104\r\n\tAccount Name:\t\tpgustavo\r\n\tAccount Domain:\t\tMSSENTINEL\r\n\tLogon ID:\t\t0x2F9566F\r\n\r\nObject:\r\n\tObject Server:\t\tSecurity\r\n\tHandle ID:\t\t0x2be8\r\n\r\nProcess Information:\r\n\tProcess ID:\t\t0x1484\r\n\tProcess Name:\t\tC:\\Windows\\System32\\WindowsPowerShell\\v1.0\\powershell.exe","EventData":"\u003cEventData xmlns=\"http://schemas.microsoft.com/win/2004/08/events/event\"\u003e\u003cData Name=\"SubjectUserSid\"\u003eS-1-5-21-1569727641-2518674866-3296776394-1104\u003c/Data\u003e\u003cData Name=\"SubjectUserName\"\u003epgustavo\u003c/Data\u003e\u003cData Name=\"SubjectDomainName\"\u003eMSSENTINEL\u003c/Data\u003e\u003cData Name=\"SubjectLogonId\"\u003e0x2f9566f\u003c/Data\u003e\u003cData Name=\"ObjectServer\"\u003eSecurity\u003c/Data\u003e\u003cData Name=\"HandleId\"\u003e0x2be8\u003c/Data\u003e\u003cData Name=\"ProcessId\"\u003e0x1484\u003c/Data\u003e\u003cData Name=\"ProcessName\"\u003eC:\\Windows\\System32\\WindowsPowerShell\\v1.0\\powershell.exe\u003c/Data\u003e\u003c/EventData\u003e","Task":12801,"SubjectUserSid":"S-1-5-21-1569727641-2518674866-3296776394-1104","SubjectUserName":"pgustavo","SubjectDomainName":"MSSENTINEL","SubjectLogonId":"0x2f9566f","ObjectServer":"Security","HandleId":"0x2be8","ProcessId":"0x1484","ProcessName":"C:\\Windows\\System32\\WindowsPowerShell\\v1.0\\powershell.exe"},{"EventSourceName":"Microsoft-Windows-Security-Auditing","Provider":"Microsoft-Windows-Security-Auditing","ProviderGuid":"{54849625-5478-4994-a5ba-3e3b0328c30d}","Level":"0","Keywords":"0x8020000000000000","Channel":"Security","Computer":"WORKSTATION6.mssentinel.local","TimeCreated":"2022-09-26T07:26:05.751Z","TimeGenerated":"2022-09-26T11:26:05.751Z","EventRecordID":"2309267","EventID":4656,"Message":"A handle to an object was requested.\r\n\r\nSubject:\r\n\tSecurity ID:\t\tS-1-5-21-1569727641-2518674866-3296776394-1104\r\n\tAccount Name:\t\tpgustavo\r\n\tAccount Domain:\t\tMSSENTINEL\r\n\tLogon ID:\t\t0x2F9566F\r\n\r\nObject:\r\n\tObject Server:\t\tSecurity\r\n\tObject Type:\t\tKey\r\n\tObject Name:\t\t\\REGISTRY\\MACHINE\\SOFTWARE\\Microsoft\\Windows NT\\CurrentVersion\\Winlogon\r\n\tHandle ID:\t\t0xabc\r\n\tResource Attributes:\t-\r\n\r\nProcess Information:\r\n\tProcess ID:\t\t0x1484\r\n\tProcess Name:\t\tC:\\Windows\\System32\\WindowsPowerShell\\v1.0\\powershell.exe\r\n\r\nAccess Request Information:\r\n\tTransaction ID:\t\t{00000000-0000-0000-0000-000000000000}\r\n\tAccesses:\t\tREAD_CONTROL\r\n\t\t\t\tQuery key value\r\n\t\t\t\tEnumerate sub-keys\r\n\t\t\t\tNotify about changes to keys\r\n\t\t\t\t\r\n\tAccess Reasons:\t\t-\r\n\tAccess Mask:\t\t0x20019\r\n\tPrivileges Used for Access Check:\t-\r\n\tRestricted SID Count:\t0","EventData":"\u003cEventData xmlns=\"http://schemas.microsoft.com/win/2004/08/events/event\"\u003e\u003cData Name=\"SubjectUserSid\"\u003eS-1-5-21-1569727641-2518674866-3296776394-1104\u003c/Data\u003e\u003cData Name=\"SubjectUserName\"\u003epgustavo\u003c/Data\u003e\u003cData Name=\"SubjectDomainName\"\u003eMSSENTINEL\u003c/Data\u003e\u003cData Name=\"SubjectLogonId\"\u003e0x2f9566f\u003c/Data\u003e\u003cData Name=\"ObjectServer\"\u003eSecurity\u003c/Data\u003e\u003cData Name=\"ObjectType\"\u003eKey\u003c/Data\u003e\u003cData Name=\"ObjectName\"\u003e\\REGISTRY\\MACHINE\\SOFTWARE\\Microsoft\\Windows NT\\CurrentVersion\\Winlogon\u003c/Data\u003e\u003cData Name=\"HandleId\"\u003e0xabc\u003c/Data\u003e\u003cData Name=\"TransactionId\"\u003e{00000000-0000-0000-0000-000000000000}\u003c/Data\u003e\u003cData Name=\"AccessList\"\u003e%%1538\n\t\t\t\t%%4432\n\t\t\t\t%%4435\n\t\t\t\t%%4436\n\t\t\t\t\u003c/Data\u003e\u003cData Name=\"AccessReason\"\u003e-\u003c/Data\u003e\u003cData Name=\"AccessMask\"\u003e0x20019\u003c/Data\u003e\u003cData Name=\"PrivilegeList\"\u003e-\u003c/Data\u003e\u003cData Name=\"RestrictedSidCount\"\u003e0\u003c/Data\u003e\u003cData Name=\"ProcessId\"\u003e0x1484\u003c/Data\u003e\u003cData Name=\"ProcessName\"\u003eC:\\Windows\\System32\\WindowsPowerShell\\v1.0\\powershell.exe\u003c/Data\u003e\u003cData Name=\"ResourceAttributes\"\u003e-\u003c/Data\u003e\u003c/EventData\u003e","Task":12801,"SubjectUserSid":"S-1-5-21-1569727641-2518674866-3296776394-1104","SubjectUserName":"pgustavo","SubjectDomainName":"MSSENTINEL","SubjectLogonId":"0x2f9566f","ObjectServer":"Security","ObjectType":"Key","ObjectName":"\\REGISTRY\\MACHINE\\SOFTWARE\\Microsoft\\Windows NT\\CurrentVersion\\Winlogon","HandleId":"0xabc","TransactionId":"00000000-0000-0000-0000-000000000000","AccessList":"%%1538\r\n\t\t\t\t%%4432\r\n\t\t\t\t%%4435\r\n\t\t\t\t%%4436\r\n\t\t\t\t","AccessReason":"-","AccessMask":131097,"PrivilegeList":"-","RestrictedSidCount":0,"ProcessId":"0x1484","ProcessName":"C:\\Windows\\System32\\WindowsPowerShell\\v1.0\\powershell.exe","ResourceAttributes":"-"},{"EventSourceName":"Microsoft-Windows-Security-Auditing","Provider":"Microsoft-Windows-Security-Auditing","ProviderGuid":"{54849625-5478-4994-a5ba-3e3b0328c30d}","Level":"0","Keywords":"0x8020000000000000","Channel":"Security","Computer":"WORKSTATION6.mssentinel.local","TimeCreated":"2022-09-26T07:26:05.751Z","TimeGenerated":"2022-09-26T11:26:05.751Z","EventRecordID":"2309268","EventID":4663,"Message":"An attempt was made to access an object.\r\n\r\nSubject:\r\n\tSecurity ID:\t\tS-1-5-21-1569727641-2518674866-3296776394-1104\r\n\tAccount Name:\t\tpgustavo\r\n\tAccount Domain:\t\tMSSENTINEL\r\n\tLogon ID:\t\t0x2F9566F\r\n\r\nObject:\r\n\tObject Server:\t\tSecurity\r\n\tObject Type:\t\tKey\r\n\tObject Name:\t\t\\REGISTRY\\MACHINE\\SOFTWARE\\Microsoft\\Windows NT\\CurrentVersion\\Winlogon\r\n\tHandle ID:\t\t0xabc\r\n\tResource Attributes:\t-\r\n\r\nProcess Information:\r\n\tProcess ID:\t\t0x1484\r\n\tProcess Name:\t\tC:\\Windows\\System32\\WindowsPowerShell\\v1.0\\powershell.exe\r\n\r\nAccess Request Information:\r\n\tAccesses:\t\tQuery key value\r\n\t\t\t\t\r\n\tAccess Mask:\t\t0x1","EventData":"\u003cEventData xmlns=\"http://schemas.microsoft.com/win/2004/08/events/event\"\u003e\u003cData Name=\"SubjectUserSid\"\u003eS-1-5-21-1569727641-2518674866-3296776394-1104\u003c/Data\u003e\u003cData Name=\"SubjectUserName\"\u003epgustavo\u003c/Data\u003e\u003cData Name=\"SubjectDomainName\"\u003eMSSENTINEL\u003c/Data\u003e\u003cData Name=\"SubjectLogonId\"\u003e0x2f9566f\u003c/Data\u003e\u003cData Name=\"ObjectServer\"\u003eSecurity\u003c/Data\u003e\u003cData Name=\"ObjectType\"\u003eKey\u003c/Data\u003e\u003cData Name=\"ObjectName\"\u003e\\REGISTRY\\MACHINE\\SOFTWARE\\Microsoft\\Windows NT\\CurrentVersion\\Winlogon\u003c/Data\u003e\u003cData Name=\"HandleId\"\u003e0xabc\u003c/Data\u003e\u003cData Name=\"AccessList\"\u003e%%4432\n\t\t\t\t\u003c/Data\u003e\u003cData Name=\"AccessMask\"\u003e0x1\u003c/Data\u003e\u003cData Name=\"ProcessId\"\u003e0x1484\u003c/Data\u003e\u003cData Name=\"ProcessName\"\u003eC:\\Windows\\System32\\WindowsPowerShell\\v1.0\\powershell.exe\u003c/Data\u003e\u003cData Name=\"ResourceAttributes\"\u003e-\u003c/Data\u003e\u003c/EventData\u003e","Task":12801,"SubjectUserSid":"S-1-5-21-1569727641-2518674866-3296776394-1104","SubjectUserName":"pgustavo","SubjectDomainName":"MSSENTINEL","SubjectLogonId":"0x2f9566f","ObjectServer":"Security","ObjectType":"Key","ObjectName":"\\REGISTRY\\MACHINE\\SOFTWARE\\Microsoft\\Windows NT\\CurrentVersion\\Winlogon","HandleId":"0xabc","AccessList":"%%4432\r\n\t\t\t\t","AccessMask":1,"ProcessId":"0x1484","ProcessName":"C:\\Windows\\System32\\WindowsPowerShell\\v1.0\\powershell.exe","ResourceAttributes":"-"},{"EventSourceName":"Microsoft-Windows-Security-Auditing","Provider":"Microsoft-Windows-Security-Auditing","ProviderGuid":"{54849625-5478-4994-a5ba-3e3b0328c30d}","Level":"0","Keywords":"0x8020000000000000","Channel":"Security","Computer":"WORKSTATION6.mssentinel.local","TimeCreated":"2022-09-26T07:26:05.751Z","TimeGenerated":"2022-09-26T11:26:05.751Z","EventRecordID":"2309269","EventID":4658,"Message":"The handle to an object was closed.\r\n\r\nSubject :\r\n\tSecurity ID:\t\tS-1-5-21-1569727641-2518674866-3296776394-1104\r\n\tAccount Name:\t\tpgustavo\r\n\tAccount Domain:\t\tMSSENTINEL\r\n\tLogon ID:\t\t0x2F9566F\r\n\r\nObject:\r\n\tObject Server:\t\tSecurity\r\n\tHandle ID:\t\t0xabc\r\n\r\nProcess Information:\r\n\tProcess ID:\t\t0x1484\r\n\tProcess Name:\t\tC:\\Windows\\System32\\WindowsPowerShell\\v1.0\\powershell.exe","EventData":"\u003cEventData xmlns=\"http://schemas.microsoft.com/win/2004/08/events/event\"\u003e\u003cData Name=\"SubjectUserSid\"\u003eS-1-5-21-1569727641-2518674866-3296776394-1104\u003c/Data\u003e\u003cData Name=\"SubjectUserName\"\u003epgustavo\u003c/Data\u003e\u003cData Name=\"SubjectDomainName\"\u003eMSSENTINEL\u003c/Data\u003e\u003cData Name=\"SubjectLogonId\"\u003e0x2f9566f\u003c/Data\u003e\u003cData Name=\"ObjectServer\"\u003eSecurity\u003c/Data\u003e\u003cData Name=\"HandleId\"\u003e0xabc\u003c/Data\u003e\u003cData Name=\"ProcessId\"\u003e0x1484\u003c/Data\u003e\u003cData Name=\"ProcessName\"\u003eC:\\Windows\\System32\\WindowsPowerShell\\v1.0\\powershell.exe\u003c/Data\u003e\u003c/EventData\u003e","Task":12801,"SubjectUserSid":"S-1-5-21-1569727641-2518674866-3296776394-1104","SubjectUserName":"pgustavo","SubjectDomainName":"MSSENTINEL","SubjectLogonId":"0x2f9566f","ObjectServer":"Security","HandleId":"0xabc","ProcessId":"0x1484","ProcessName":"C:\\Windows\\System32\\WindowsPowerShell\\v1.0\\powershell.exe"},{"EventSourceName":"Microsoft-Windows-Security-Auditing","Provider":"Microsoft-Windows-Security-Auditing","ProviderGuid":"{54849625-5478-4994-a5ba-3e3b0328c30d}","Level":"0","Keywords":"0x8020000000000000","Channel":"Security","Computer":"WORKSTATION6.mssentinel.local","TimeCreated":"2022-09-26T07:26:05.797Z","TimeGenerated":"2022-09-26T11:26:05.797Z","EventRecordID":"2309270","EventID":5158,"Message":"The Windows Filtering Platform has permitted a bind to a local port.\r\n\r\nApplication Information:\r\n\tProcess ID:\t\t788\r\n\tApplication Name:\t\\device\\harddiskvolume2\\windows\\system32\\lsass.exe\r\n\r\nNetwork Information:\r\n\tSource Address:\t\t0.0.0.0\r\n\tSource Port:\t\t59970\r\n\tProtocol:\t\t6\r\n\r\nFilter Information:\r\n\tFilter Run-Time ID:\t0\r\n\tLayer Name:\t\tResource Assignment\r\n\tLayer Run-Time ID:\t36","EventData":"\u003cEventData xmlns=\"http://schemas.microsoft.com/win/2004/08/events/event\"\u003e\u003cData Name=\"ProcessId\"\u003e788\u003c/Data\u003e\u003cData Name=\"Application\"\u003e\\device\\harddiskvolume2\\windows\\system32\\lsass.exe\u003c/Data\u003e\u003cData Name=\"SourceAddress\"\u003e0.0.0.0\u003c/Data\u003e\u003cData Name=\"SourcePort\"\u003e59970\u003c/Data\u003e\u003cData Name=\"Protocol\"\u003e6\u003c/Data\u003e\u003cData Name=\"FilterRTID\"\u003e0\u003c/Data\u003e\u003cData Name=\"LayerName\"\u003e%%14608\u003c/Data\u003e\u003cData Name=\"LayerRTID\"\u003e36\u003c/Data\u003e\u003c/EventData\u003e","Task":12810,"ProcessId":"0x314","Application":"\\device\\harddiskvolume2\\windows\\system32\\lsass.exe","SourceAddress":"0.0.0.0","SourcePort":"59970","Protocol":6,"FilterRTID":"0x0","LayerName":"%%14608","LayerRTID":"0x24"},{"EventSourceName":"Microsoft-Windows-Security-Auditing","Provider":"Microsoft-Windows-Security-Auditing","ProviderGuid":"{54849625-5478-4994-a5ba-3e3b0328c30d}","Level":"0","Keywords":"0x8020000000000000","Channel":"Security","Computer":"WORKSTATION6.mssentinel.local","TimeCreated":"2022-09-26T07:26:05.797Z","TimeGenerated":"2022-09-26T11:26:05.797Z","EventRecordID":"2309271","EventID":5156,"Message":"The Windows Filtering Platform has permitted a connection.\r\n\r\nApplication Information:\r\n\tProcess ID:\t\t788\r\n\tApplication Name:\t\\device\\harddiskvolume2\\windows\\system32\\lsass.exe\r\n\r\nNetwork Information:\r\n\tDirection:\t\tOutbound\r\n\tSource Address:\t\t192.168.2.6\r\n\tSource Port:\t\t59970\r\n\tDestination Address:\t192.168.2.4\r\n\tDestination Port:\t\t88\r\n\tProtocol:\t\t6\r\n\r\nFilter Information:\r\n\tFilter Run-Time ID:\t83651\r\n\tLayer Name:\t\tConnect\r\n\tLayer Run-Time ID:\t48","EventData":"\u003cEventData xmlns=\"http://schemas.microsoft.com/win/2004/08/events/event\"\u003e\u003cData Name=\"ProcessID\"\u003e788\u003c/Data\u003e\u003cData Name=\"Application\"\u003e\\device\\harddiskvolume2\\windows\\system32\\lsass.exe\u003c/Data\u003e\u003cData Name=\"Direction\"\u003e%%14593\u003c/Data\u003e\u003cData Name=\"SourceAddress\"\u003e192.168.2.6\u003c/Data\u003e\u003cData Name=\"SourcePort\"\u003e59970\u003c/Data\u003e\u003cData Name=\"DestAddress\"\u003e192.168.2.4\u003c/Data\u003e\u003cData Name=\"DestPort\"\u003e88\u003c/Data\u003e\u003cData Name=\"Protocol\"\u003e6\u003c/Data\u003e\u003cData Name=\"FilterRTID\"\u003e83651\u003c/Data\u003e\u003cData Name=\"LayerName\"\u003e%%14611\u003c/Data\u003e\u003cData Name=\"LayerRTID\"\u003e48\u003c/Data\u003e\u003cData Name=\"RemoteUserID\"\u003eS-1-0-0\u003c/Data\u003e\u003cData Name=\"RemoteMachineID\"\u003eS-1-0-0\u003c/Data\u003e\u003c/EventData\u003e","Task":12810,"ProcessID":"0x314","Application":"\\device\\harddiskvolume2\\windows\\system32\\lsass.exe","Direction":"%%14593","SourceAddress":"192.168.2.6","SourcePort":"59970","DestAddress":"192.168.2.4","DestPort":"88","Protocol":6,"FilterRTID":"0x146c3","LayerName":"%%14611","LayerRTID":"0x30","RemoteUserID":"S-1-0-0","RemoteMachineID":"S-1-0-0"},{"EventSourceName":"Microsoft-Windows-Security-Auditing","Provider":"Microsoft-Windows-Security-Auditing","ProviderGuid":"{54849625-5478-4994-a5ba-3e3b0328c30d}","Level":"0","Keywords":"0x8020000000000000","Channel":"Security","Computer":"WORKSTATION6.mssentinel.local","TimeCreated":"2022-09-26T07:26:05.800Z","TimeGenerated":"2022-09-26T11:26:05.800Z","EventRecordID":"2309272","EventID":5158,"Message":"The Windows Filtering Platform has permitted a bind to a local port.\r\n\r\nApplication Information:\r\n\tProcess ID:\t\t788\r\n\tApplication Name:\t\\device\\harddiskvolume2\\windows\\system32\\lsass.exe\r\n\r\nNetwork Information:\r\n\tSource Address:\t\t0.0.0.0\r\n\tSource Port:\t\t59971\r\n\tProtocol:\t\t6\r\n\r\nFilter Information:\r\n\tFilter Run-Time ID:\t0\r\n\tLayer Name:\t\tResource Assignment\r\n\tLayer Run-Time ID:\t36","EventData":"\u003cEventData xmlns=\"http://schemas.microsoft.com/win/2004/08/events/event\"\u003e\u003cData Name=\"ProcessId\"\u003e788\u003c/Data\u003e\u003cData Name=\"Application\"\u003e\\device\\harddiskvolume2\\windows\\system32\\lsass.exe\u003c/Data\u003e\u003cData Name=\"SourceAddress\"\u003e0.0.0.0\u003c/Data\u003e\u003cData Name=\"SourcePort\"\u003e59971\u003c/Data\u003e\u003cData Name=\"Protocol\"\u003e6\u003c/Data\u003e\u003cData Name=\"FilterRTID\"\u003e0\u003c/Data\u003e\u003cData Name=\"LayerName\"\u003e%%14608\u003c/Data\u003e\u003cData Name=\"LayerRTID\"\u003e36\u003c/Data\u003e\u003c/EventData\u003e","Task":12810,"ProcessId":"0x314","Application":"\\device\\harddiskvolume2\\windows\\system32\\lsass.exe","SourceAddress":"0.0.0.0","SourcePort":"59971","Protocol":6,"FilterRTID":"0x0","LayerName":"%%14608","LayerRTID":"0x24"},{"EventSourceName":"Microsoft-Windows-Security-Auditing","Provider":"Microsoft-Windows-Security-Auditing","ProviderGuid":"{54849625-5478-4994-a5ba-3e3b0328c30d}","Level":"0","Keywords":"0x8020000000000000","Channel":"Security","Computer":"WORKSTATION6.mssentinel.local","TimeCreated":"2022-09-26T07:26:05.800Z","TimeGenerated":"2022-09-26T11:26:05.800Z","EventRecordID":"2309273","EventID":5156,"Message":"The Windows Filtering Platform has permitted a connection.\r\n\r\nApplication Information:\r\n\tProcess ID:\t\t788\r\n\tApplication Name:\t\\device\\harddiskvolume2\\windows\\system32\\lsass.exe\r\n\r\nNetwork Information:\r\n\tDirection:\t\tOutbound\r\n\tSource Address:\t\t192.168.2.6\r\n\tSource Port:\t\t59971\r\n\tDestination Address:\t192.168.2.4\r\n\tDestination Port:\t\t88\r\n\tProtocol:\t\t6\r\n\r\nFilter Information:\r\n\tFilter Run-Time ID:\t83651\r\n\tLayer Name:\t\tConnect\r\n\tLayer Run-Time ID:\t48","EventData":"\u003cEventData xmlns=\"http://schemas.microsoft.com/win/2004/08/events/event\"\u003e\u003cData Name=\"ProcessID\"\u003e788\u003c/Data\u003e\u003cData Name=\"Application\"\u003e\\device\\harddiskvolume2\\windows\\system32\\lsass.exe\u003c/Data\u003e\u003cData Name=\"Direction\"\u003e%%14593\u003c/Data\u003e\u003cData Name=\"SourceAddress\"\u003e192.168.2.6\u003c/Data\u003e\u003cData Name=\"SourcePort\"\u003e59971\u003c/Data\u003e\u003cData Name=\"DestAddress\"\u003e192.168.2.4\u003c/Data\u003e\u003cData Name=\"DestPort\"\u003e88\u003c/Data\u003e\u003cData Name=\"Protocol\"\u003e6\u003c/Data\u003e\u003cData Name=\"FilterRTID\"\u003e83651\u003c/Data\u003e\u003cData Name=\"LayerName\"\u003e%%14611\u003c/Data\u003e\u003cData Name=\"LayerRTID\"\u003e48\u003c/Data\u003e\u003cData Name=\"RemoteUserID\"\u003eS-1-0-0\u003c/Data\u003e\u003cData Name=\"RemoteMachineID\"\u003eS-1-0-0\u003c/Data\u003e\u003c/EventData\u003e","Task":12810,"ProcessID":"0x314","Application":"\\device\\harddiskvolume2\\windows\\system32\\lsass.exe","Direction":"%%14593","SourceAddress":"192.168.2.6","SourcePort":"59971","DestAddress":"192.168.2.4","DestPort":"88","Protocol":6,"FilterRTID":"0x146c3","LayerName":"%%14611","LayerRTID":"0x30","RemoteUserID":"S-1-0-0","RemoteMachineID":"S-1-0-0"},{"EventSourceName":"Microsoft-Windows-Security-Auditing","Provider":"Microsoft-Windows-Security-Auditing","ProviderGuid":"{54849625-5478-4994-a5ba-3e3b0328c30d}","Level":"0","Keywords":"0x8020000000000000","Channel":"Security","Computer":"WORKSTATION6.mssentinel.local","TimeCreated":"2022-09-26T07:26:05.808Z","TimeGenerated":"2022-09-26T11:26:05.808Z","EventRecordID":"2309274","EventID":5158,"Message":"The Windows Filtering Platform has permitted a bind to a local port.\r\n\r\nApplication Information:\r\n\tProcess ID:\t\t788\r\n\tApplication Name:\t\\device\\harddiskvolume2\\windows\\system32\\lsass.exe\r\n\r\nNetwork Information:\r\n\tSource Address:\t\t0.0.0.0\r\n\tSource Port:\t\t59972\r\n\tProtocol:\t\t6\r\n\r\nFilter Information:\r\n\tFilter Run-Time ID:\t0\r\n\tLayer Name:\t\tResource Assignment\r\n\tLayer Run-Time ID:\t36","EventData":"\u003cEventData xmlns=\"http://schemas.microsoft.com/win/2004/08/events/event\"\u003e\u003cData Name=\"ProcessId\"\u003e788\u003c/Data\u003e\u003cData Name=\"Application\"\u003e\\device\\harddiskvolume2\\windows\\system32\\lsass.exe\u003c/Data\u003e\u003cData Name=\"SourceAddress\"\u003e0.0.0.0\u003c/Data\u003e\u003cData Name=\"SourcePort\"\u003e59972\u003c/Data\u003e\u003cData Name=\"Protocol\"\u003e6\u003c/Data\u003e\u003cData Name=\"FilterRTID\"\u003e0\u003c/Data\u003e\u003cData Name=\"LayerName\"\u003e%%14608\u003c/Data\u003e\u003cData Name=\"LayerRTID\"\u003e36\u003c/Data\u003e\u003c/EventData\u003e","Task":12810,"ProcessId":"0x314","Application":"\\device\\harddiskvolume2\\windows\\system32\\lsass.exe","SourceAddress":"0.0.0.0","SourcePort":"59972","Protocol":6,"FilterRTID":"0x0","LayerName":"%%14608","LayerRTID":"0x24"},{"EventSourceName":"Microsoft-Windows-Security-Auditing","Provider":"Microsoft-Windows-Security-Auditing","ProviderGuid":"{54849625-5478-4994-a5ba-3e3b0328c30d}","Level":"0","Keywords":"0x8020000000000000","Channel":"Security","Computer":"WORKSTATION6.mssentinel.local","TimeCreated":"2022-09-26T07:26:05.808Z","TimeGenerated":"2022-09-26T11:26:05.808Z","EventRecordID":"2309275","EventID":5156,"Message":"The Windows Filtering Platform has permitted a connection.\r\n\r\nApplication Information:\r\n\tProcess ID:\t\t788\r\n\tApplication Name:\t\\device\\harddiskvolume2\\windows\\system32\\lsass.exe\r\n\r\nNetwork Information:\r\n\tDirection:\t\tOutbound\r\n\tSource Address:\t\t192.168.2.6\r\n\tSource Port:\t\t59972\r\n\tDestination Address:\t192.168.2.4\r\n\tDestination Port:\t\t88\r\n\tProtocol:\t\t6\r\n\r\nFilter Information:\r\n\tFilter Run-Time ID:\t83651\r\n\tLayer Name:\t\tConnect\r\n\tLayer Run-Time ID:\t48","EventData":"\u003cEventData xmlns=\"http://schemas.microsoft.com/win/2004/08/events/event\"\u003e\u003cData Name=\"ProcessID\"\u003e788\u003c/Data\u003e\u003cData Name=\"Application\"\u003e\\device\\harddiskvolume2\\windows\\system32\\lsass.exe\u003c/Data\u003e\u003cData Name=\"Direction\"\u003e%%14593\u003c/Data\u003e\u003cData Name=\"SourceAddress\"\u003e192.168.2.6\u003c/Data\u003e\u003cData Name=\"SourcePort\"\u003e59972\u003c/Data\u003e\u003cData Name=\"DestAddress\"\u003e192.168.2.4\u003c/Data\u003e\u003cData Name=\"DestPort\"\u003e88\u003c/Data\u003e\u003cData Name=\"Protocol\"\u003e6\u003c/Data\u003e\u003cData Name=\"FilterRTID\"\u003e83651\u003c/Data\u003e\u003cData Name=\"LayerName\"\u003e%%14611\u003c/Data\u003e\u003cData Name=\"LayerRTID\"\u003e48\u003c/Data\u003e\u003cData Name=\"RemoteUserID\"\u003eS-1-0-0\u003c/Data\u003e\u003cData Name=\"RemoteMachineID\"\u003eS-1-0-0\u003c/Data\u003e\u003c/EventData\u003e","Task":12810,"ProcessID":"0x314","Application":"\\device\\harddiskvolume2\\windows\\system32\\lsass.exe","Direction":"%%14593","SourceAddress":"192.168.2.6","SourcePort":"59972","DestAddress":"192.168.2.4","DestPort":"88","Protocol":6,"FilterRTID":"0x146c3","LayerName":"%%14611","LayerRTID":"0x30","RemoteUserID":"S-1-0-0","RemoteMachineID":"S-1-0-0"},{"EventSourceName":"Microsoft-Windows-Security-Auditing","Provider":"Microsoft-Windows-Security-Auditing","ProviderGuid":"{54849625-5478-4994-a5ba-3e3b0328c30d}","Level":"0","Keywords":"0x8020000000000000","Channel":"Security","Computer":"WORKSTATION6.mssentinel.local","TimeCreated":"2022-09-26T07:26:05.810Z","TimeGenerated":"2022-09-26T11:26:05.810Z","EventRecordID":"2309276","EventID":5158,"Message":"The Windows Filtering Platform has permitted a bind to a local port.\r\n\r\nApplication Information:\r\n\tProcess ID:\t\t788\r\n\tApplication Name:\t\\device\\harddiskvolume2\\windows\\system32\\lsass.exe\r\n\r\nNetwork Information:\r\n\tSource Address:\t\t0.0.0.0\r\n\tSource Port:\t\t59973\r\n\tProtocol:\t\t6\r\n\r\nFilter Information:\r\n\tFilter Run-Time ID:\t0\r\n\tLayer Name:\t\tResource Assignment\r\n\tLayer Run-Time ID:\t36","EventData":"\u003cEventData xmlns=\"http://schemas.microsoft.com/win/2004/08/events/event\"\u003e\u003cData Name=\"ProcessId\"\u003e788\u003c/Data\u003e\u003cData Name=\"Application\"\u003e\\device\\harddiskvolume2\\windows\\system32\\lsass.exe\u003c/Data\u003e\u003cData Name=\"SourceAddress\"\u003e0.0.0.0\u003c/Data\u003e\u003cData Name=\"SourcePort\"\u003e59973\u003c/Data\u003e\u003cData Name=\"Protocol\"\u003e6\u003c/Data\u003e\u003cData Name=\"FilterRTID\"\u003e0\u003c/Data\u003e\u003cData Name=\"LayerName\"\u003e%%14608\u003c/Data\u003e\u003cData Name=\"LayerRTID\"\u003e36\u003c/Data\u003e\u003c/EventData\u003e","Task":12810,"ProcessId":"0x314","Application":"\\device\\harddiskvolume2\\windows\\system32\\lsass.exe","SourceAddress":"0.0.0.0","SourcePort":"59973","Protocol":6,"FilterRTID":"0x0","LayerName":"%%14608","LayerRTID":"0x24"},{"EventSourceName":"Microsoft-Windows-Security-Auditing","Provider":"Microsoft-Windows-Security-Auditing","ProviderGuid":"{54849625-5478-4994-a5ba-3e3b0328c30d}","Level":"0","Keywords":"0x8020000000000000","Channel":"Security","Computer":"WORKSTATION6.mssentinel.local","TimeCreated":"2022-09-26T07:26:05.810Z","TimeGenerated":"2022-09-26T11:26:05.810Z","EventRecordID":"2309277","EventID":5156,"Message":"The Windows Filtering Platform has permitted a connection.\r\n\r\nApplication Information:\r\n\tProcess ID:\t\t788\r\n\tApplication Name:\t\\device\\harddiskvolume2\\windows\\system32\\lsass.exe\r\n\r\nNetwork Information:\r\n\tDirection:\t\tOutbound\r\n\tSource Address:\t\t192.168.2.6\r\n\tSource Port:\t\t59973\r\n\tDestination Address:\t192.168.2.4\r\n\tDestination Port:\t\t88\r\n\tProtocol:\t\t6\r\n\r\nFilter Information:\r\n\tFilter Run-Time ID:\t83651\r\n\tLayer Name:\t\tConnect\r\n\tLayer Run-Time ID:\t48","EventData":"\u003cEventData xmlns=\"http://schemas.microsoft.com/win/2004/08/events/event\"\u003e\u003cData Name=\"ProcessID\"\u003e788\u003c/Data\u003e\u003cData Name=\"Application\"\u003e\\device\\harddiskvolume2\\windows\\system32\\lsass.exe\u003c/Data\u003e\u003cData Name=\"Direction\"\u003e%%14593\u003c/Data\u003e\u003cData Name=\"SourceAddress\"\u003e192.168.2.6\u003c/Data\u003e\u003cData Name=\"SourcePort\"\u003e59973\u003c/Data\u003e\u003cData Name=\"DestAddress\"\u003e192.168.2.4\u003c/Data\u003e\u003cData Name=\"DestPort\"\u003e88\u003c/Data\u003e\u003cData Name=\"Protocol\"\u003e6\u003c/Data\u003e\u003cData Name=\"FilterRTID\"\u003e83651\u003c/Data\u003e\u003cData Name=\"LayerName\"\u003e%%14611\u003c/Data\u003e\u003cData Name=\"LayerRTID\"\u003e48\u003c/Data\u003e\u003cData Name=\"RemoteUserID\"\u003eS-1-0-0\u003c/Data\u003e\u003cData Name=\"RemoteMachineID\"\u003eS-1-0-0\u003c/Data\u003e\u003c/EventData\u003e","Task":12810,"ProcessID":"0x314","Application":"\\device\\harddiskvolume2\\windows\\system32\\lsass.exe","Direction":"%%14593","SourceAddress":"192.168.2.6","SourcePort":"59973","DestAddress":"192.168.2.4","DestPort":"88","Protocol":6,"FilterRTID":"0x146c3","LayerName":"%%14611","LayerRTID":"0x30","RemoteUserID":"S-1-0-0","RemoteMachineID":"S-1-0-0"},{"EventSourceName":"Microsoft-Windows-Security-Auditing","Provider":"Microsoft-Windows-Security-Auditing","ProviderGuid":"{54849625-5478-4994-a5ba-3e3b0328c30d}","Level":"0","Keywords":"0x8020000000000000","Channel":"Security","Computer":"WORKSTATION6.mssentinel.local","TimeCreated":"2022-09-26T07:26:05.833Z","TimeGenerated":"2022-09-26T11:26:05.833Z","EventRecordID":"2309278","EventID":5158,"Message":"The Windows Filtering Platform has permitted a bind to a local port.\r\n\r\nApplication Information:\r\n\tProcess ID:\t\t5252\r\n\tApplication Name:\t\\device\\harddiskvolume2\\windows\\system32\\windowspowershell\\v1.0\\powershell.exe\r\n\r\nNetwork Information:\r\n\tSource Address:\t\t0.0.0.0\r\n\tSource Port:\t\t59974\r\n\tProtocol:\t\t6\r\n\r\nFilter Information:\r\n\tFilter Run-Time ID:\t0\r\n\tLayer Name:\t\tResource Assignment\r\n\tLayer Run-Time ID:\t36","EventData":"\u003cEventData xmlns=\"http://schemas.microsoft.com/win/2004/08/events/event\"\u003e\u003cData Name=\"ProcessId\"\u003e5252\u003c/Data\u003e\u003cData Name=\"Application\"\u003e\\device\\harddiskvolume2\\windows\\system32\\windowspowershell\\v1.0\\powershell.exe\u003c/Data\u003e\u003cData Name=\"SourceAddress\"\u003e0.0.0.0\u003c/Data\u003e\u003cData Name=\"SourcePort\"\u003e59974\u003c/Data\u003e\u003cData Name=\"Protocol\"\u003e6\u003c/Data\u003e\u003cData Name=\"FilterRTID\"\u003e0\u003c/Data\u003e\u003cData Name=\"LayerName\"\u003e%%14608\u003c/Data\u003e\u003cData Name=\"LayerRTID\"\u003e36\u003c/Data\u003e\u003c/EventData\u003e","Task":12810,"ProcessId":"0x1484","Application":"\\device\\harddiskvolume2\\windows\\system32\\windowspowershell\\v1.0\\powershell.exe","SourceAddress":"0.0.0.0","SourcePort":"59974","Protocol":6,"FilterRTID":"0x0","LayerName":"%%14608","LayerRTID":"0x24"},{"EventSourceName":"Microsoft-Windows-Security-Auditing","Provider":"Microsoft-Windows-Security-Auditing","ProviderGuid":"{54849625-5478-4994-a5ba-3e3b0328c30d}","Level":"0","Keywords":"0x8020000000000000","Channel":"Security","Computer":"WORKSTATION6.mssentinel.local","TimeCreated":"2022-09-26T07:26:05.834Z","TimeGenerated":"2022-09-26T11:26:05.834Z","EventRecordID":"2309279","EventID":5156,"Message":"The Windows Filtering Platform has permitted a connection.\r\n\r\nApplication Information:\r\n\tProcess ID:\t\t5252\r\n\tApplication Name:\t\\device\\harddiskvolume2\\windows\\system32\\windowspowershell\\v1.0\\powershell.exe\r\n\r\nNetwork Information:\r\n\tDirection:\t\tOutbound\r\n\tSource Address:\t\t192.168.2.6\r\n\tSource Port:\t\t59974\r\n\tDestination Address:\t192.168.2.4\r\n\tDestination Port:\t\t5985\r\n\tProtocol:\t\t6\r\n\r\nFilter Information:\r\n\tFilter Run-Time ID:\t83651\r\n\tLayer Name:\t\tConnect\r\n\tLayer Run-Time ID:\t48","EventData":"\u003cEventData xmlns=\"http://schemas.microsoft.com/win/2004/08/events/event\"\u003e\u003cData Name=\"ProcessID\"\u003e5252\u003c/Data\u003e\u003cData Name=\"Application\"\u003e\\device\\harddiskvolume2\\windows\\system32\\windowspowershell\\v1.0\\powershell.exe\u003c/Data\u003e\u003cData Name=\"Direction\"\u003e%%14593\u003c/Data\u003e\u003cData Name=\"SourceAddress\"\u003e192.168.2.6\u003c/Data\u003e\u003cData Name=\"SourcePort\"\u003e59974\u003c/Data\u003e\u003cData Name=\"DestAddress\"\u003e192.168.2.4\u003c/Data\u003e\u003cData Name=\"DestPort\"\u003e5985\u003c/Data\u003e\u003cData Name=\"Protocol\"\u003e6\u003c/Data\u003e\u003cData Name=\"FilterRTID\"\u003e83651\u003c/Data\u003e\u003cData Name=\"LayerName\"\u003e%%14611\u003c/Data\u003e\u003cData Name=\"LayerRTID\"\u003e48\u003c/Data\u003e\u003cData Name=\"RemoteUserID\"\u003eS-1-0-0\u003c/Data\u003e\u003cData Name=\"RemoteMachineID\"\u003eS-1-0-0\u003c/Data\u003e\u003c/EventData\u003e","Task":12810,"ProcessID":"0x1484","Application":"\\device\\harddiskvolume2\\windows\\system32\\windowspowershell\\v1.0\\powershell.exe","Direction":"%%14593","SourceAddress":"192.168.2.6","SourcePort":"59974","DestAddress":"192.168.2.4","DestPort":"5985","Protocol":6,"FilterRTID":"0x146c3","LayerName":"%%14611","LayerRTID":"0x30","RemoteUserID":"S-1-0-0","RemoteMachineID":"S-1-0-0"},{"EventSourceName":"Microsoft-Windows-Security-Auditing","Provider":"Microsoft-Windows-Security-Auditing","ProviderGuid":"{54849625-5478-4994-a5ba-3e3b0328c30d}","Level":"0","Keywords":"0x8020000000000000","Channel":"Security","Computer":"WORKSTATION6.mssentinel.local","TimeCreated":"2022-09-26T07:26:06.146Z","TimeGenerated":"2022-09-26T11:26:06.146Z","EventRecordID":"2309280","EventID":5158,"Message":"The Windows Filtering Platform has permitted a bind to a local port.\r\n\r\nApplication Information:\r\n\tProcess ID:\t\t5252\r\n\tApplication Name:\t\\device\\harddiskvolume2\\windows\\system32\\windowspowershell\\v1.0\\powershell.exe\r\n\r\nNetwork Information:\r\n\tSource Address:\t\t0.0.0.0\r\n\tSource Port:\t\t59975\r\n\tProtocol:\t\t6\r\n\r\nFilter Information:\r\n\tFilter Run-Time ID:\t0\r\n\tLayer Name:\t\tResource Assignment\r\n\tLayer Run-Time ID:\t36","EventData":"\u003cEventData xmlns=\"http://schemas.microsoft.com/win/2004/08/events/event\"\u003e\u003cData Name=\"ProcessId\"\u003e5252\u003c/Data\u003e\u003cData Name=\"Application\"\u003e\\device\\harddiskvolume2\\windows\\system32\\windowspowershell\\v1.0\\powershell.exe\u003c/Data\u003e\u003cData Name=\"SourceAddress\"\u003e0.0.0.0\u003c/Data\u003e\u003cData Name=\"SourcePort\"\u003e59975\u003c/Data\u003e\u003cData Name=\"Protocol\"\u003e6\u003c/Data\u003e\u003cData Name=\"FilterRTID\"\u003e0\u003c/Data\u003e\u003cData Name=\"LayerName\"\u003e%%14608\u003c/Data\u003e\u003cData Name=\"LayerRTID\"\u003e36\u003c/Data\u003e\u003c/EventData\u003e","Task":12810,"ProcessId":"0x1484","Application":"\\device\\harddiskvolume2\\windows\\system32\\windowspowershell\\v1.0\\powershell.exe","SourceAddress":"0.0.0.0","SourcePort":"59975","Protocol":6,"FilterRTID":"0x0","LayerName":"%%14608","LayerRTID":"0x24"},{"EventSourceName":"Microsoft-Windows-Security-Auditing","Provider":"Microsoft-Windows-Security-Auditing","ProviderGuid":"{54849625-5478-4994-a5ba-3e3b0328c30d}","Level":"0","Keywords":"0x8020000000000000","Channel":"Security","Computer":"WORKSTATION6.mssentinel.local","TimeCreated":"2022-09-26T07:26:06.146Z","TimeGenerated":"2022-09-26T11:26:06.146Z","EventRecordID":"2309281","EventID":5156,"Message":"The Windows Filtering Platform has permitted a connection.\r\n\r\nApplication Information:\r\n\tProcess ID:\t\t5252\r\n\tApplication Name:\t\\device\\harddiskvolume2\\windows\\system32\\windowspowershell\\v1.0\\powershell.exe\r\n\r\nNetwork Information:\r\n\tDirection:\t\tOutbound\r\n\tSource Address:\t\t192.168.2.6\r\n\tSource Port:\t\t59975\r\n\tDestination Address:\t192.168.2.4\r\n\tDestination Port:\t\t5985\r\n\tProtocol:\t\t6\r\n\r\nFilter Information:\r\n\tFilter Run-Time ID:\t83651\r\n\tLayer Name:\t\tConnect\r\n\tLayer Run-Time ID:\t48","EventData":"\u003cEventData xmlns=\"http://schemas.microsoft.com/win/2004/08/events/event\"\u003e\u003cData Name=\"ProcessID\"\u003e5252\u003c/Data\u003e\u003cData Name=\"Application\"\u003e\\device\\harddiskvolume2\\windows\\system32\\windowspowershell\\v1.0\\powershell.exe\u003c/Data\u003e\u003cData Name=\"Direction\"\u003e%%14593\u003c/Data\u003e\u003cData Name=\"SourceAddress\"\u003e192.168.2.6\u003c/Data\u003e\u003cData Name=\"SourcePort\"\u003e59975\u003c/Data\u003e\u003cData Name=\"DestAddress\"\u003e192.168.2.4\u003c/Data\u003e\u003cData Name=\"DestPort\"\u003e5985\u003c/Data\u003e\u003cData Name=\"Protocol\"\u003e6\u003c/Data\u003e\u003cData Name=\"FilterRTID\"\u003e83651\u003c/Data\u003e\u003cData Name=\"LayerName\"\u003e%%14611\u003c/Data\u003e\u003cData Name=\"LayerRTID\"\u003e48\u003c/Data\u003e\u003cData Name=\"RemoteUserID\"\u003eS-1-0-0\u003c/Data\u003e\u003cData Name=\"RemoteMachineID\"\u003eS-1-0-0\u003c/Data\u003e\u003c/EventData\u003e","Task":12810,"ProcessID":"0x1484","Application":"\\device\\harddiskvolume2\\windows\\system32\\windowspowershell\\v1.0\\powershell.exe","Direction":"%%14593","SourceAddress":"192.168.2.6","SourcePort":"59975","DestAddress":"192.168.2.4","DestPort":"5985","Protocol":6,"FilterRTID":"0x146c3","LayerName":"%%14611","LayerRTID":"0x30","RemoteUserID":"S-1-0-0","RemoteMachineID":"S-1-0-0"},{"EventSourceName":"Microsoft-Windows-Security-Auditing","Provider":"Microsoft-Windows-Security-Auditing","ProviderGuid":"{54849625-5478-4994-a5ba-3e3b0328c30d}","Level":"0","Keywords":"0x8020000000000000","Channel":"Security","Computer":"WORKSTATION6.mssentinel.local","TimeCreated":"2022-09-26T07:26:06.422Z","TimeGenerated":"2022-09-26T11:26:06.422Z","EventRecordID":"2309282","EventID":5158,"Message":"The Windows Filtering Platform has permitted a bind to a local port.\r\n\r\nApplication Information:\r\n\tProcess ID:\t\t5252\r\n\tApplication Name:\t\\device\\harddiskvolume2\\windows\\system32\\windowspowershell\\v1.0\\powershell.exe\r\n\r\nNetwork Information:\r\n\tSource Address:\t\t0.0.0.0\r\n\tSource Port:\t\t59976\r\n\tProtocol:\t\t6\r\n\r\nFilter Information:\r\n\tFilter Run-Time ID:\t0\r\n\tLayer Name:\t\tResource Assignment\r\n\tLayer Run-Time ID:\t36","EventData":"\u003cEventData xmlns=\"http://schemas.microsoft.com/win/2004/08/events/event\"\u003e\u003cData Name=\"ProcessId\"\u003e5252\u003c/Data\u003e\u003cData Name=\"Application\"\u003e\\device\\harddiskvolume2\\windows\\system32\\windowspowershell\\v1.0\\powershell.exe\u003c/Data\u003e\u003cData Name=\"SourceAddress\"\u003e0.0.0.0\u003c/Data\u003e\u003cData Name=\"SourcePort\"\u003e59976\u003c/Data\u003e\u003cData Name=\"Protocol\"\u003e6\u003c/Data\u003e\u003cData Name=\"FilterRTID\"\u003e0\u003c/Data\u003e\u003cData Name=\"LayerName\"\u003e%%14608\u003c/Data\u003e\u003cData Name=\"LayerRTID\"\u003e36\u003c/Data\u003e\u003c/EventData\u003e","Task":12810,"ProcessId":"0x1484","Application":"\\device\\harddiskvolume2\\windows\\system32\\windowspowershell\\v1.0\\powershell.exe","SourceAddress":"0.0.0.0","SourcePort":"59976","Protocol":6,"FilterRTID":"0x0","LayerName":"%%14608","LayerRTID":"0x24"},{"EventSourceName":"Microsoft-Windows-Security-Auditing","Provider":"Microsoft-Windows-Security-Auditing","ProviderGuid":"{54849625-5478-4994-a5ba-3e3b0328c30d}","Level":"0","Keywords":"0x8020000000000000","Channel":"Security","Computer":"WORKSTATION6.mssentinel.local","TimeCreated":"2022-09-26T07:26:06.422Z","TimeGenerated":"2022-09-26T11:26:06.422Z","EventRecordID":"2309283","EventID":5156,"Message":"The Windows Filtering Platform has permitted a connection.\r\n\r\nApplication Information:\r\n\tProcess ID:\t\t5252\r\n\tApplication Name:\t\\device\\harddiskvolume2\\windows\\system32\\windowspowershell\\v1.0\\powershell.exe\r\n\r\nNetwork Information:\r\n\tDirection:\t\tOutbound\r\n\tSource Address:\t\t192.168.2.6\r\n\tSource Port:\t\t59976\r\n\tDestination Address:\t192.168.2.4\r\n\tDestination Port:\t\t5985\r\n\tProtocol:\t\t6\r\n\r\nFilter Information:\r\n\tFilter Run-Time ID:\t83651\r\n\tLayer Name:\t\tConnect\r\n\tLayer Run-Time ID:\t48","EventData":"\u003cEventData xmlns=\"http://schemas.microsoft.com/win/2004/08/events/event\"\u003e\u003cData Name=\"ProcessID\"\u003e5252\u003c/Data\u003e\u003cData Name=\"Application\"\u003e\\device\\harddiskvolume2\\windows\\system32\\windowspowershell\\v1.0\\powershell.exe\u003c/Data\u003e\u003cData Name=\"Direction\"\u003e%%14593\u003c/Data\u003e\u003cData Name=\"SourceAddress\"\u003e192.168.2.6\u003c/Data\u003e\u003cData Name=\"SourcePort\"\u003e59976\u003c/Data\u003e\u003cData Name=\"DestAddress\"\u003e192.168.2.4\u003c/Data\u003e\u003cData Name=\"DestPort\"\u003e5985\u003c/Data\u003e\u003cData Name=\"Protocol\"\u003e6\u003c/Data\u003e\u003cData Name=\"FilterRTID\"\u003e83651\u003c/Data\u003e\u003cData Name=\"LayerName\"\u003e%%14611\u003c/Data\u003e\u003cData Name=\"LayerRTID\"\u003e48\u003c/Data\u003e\u003cData Name=\"RemoteUserID\"\u003eS-1-0-0\u003c/Data\u003e\u003cData Name=\"RemoteMachineID\"\u003eS-1-0-0\u003c/Data\u003e\u003c/EventData\u003e","Task":12810,"ProcessID":"0x1484","Application":"\\device\\harddiskvolume2\\windows\\system32\\windowspowershell\\v1.0\\powershell.exe","Direction":"%%14593","SourceAddress":"192.168.2.6","SourcePort":"59976","DestAddress":"192.168.2.4","DestPort":"5985","Protocol":6,"FilterRTID":"0x146c3","LayerName":"%%14611","LayerRTID":"0x30","RemoteUserID":"S-1-0-0","RemoteMachineID":"S-1-0-0"},{"EventSourceName":"Microsoft-Windows-Security-Auditing","Provider":"Microsoft-Windows-Security-Auditing","ProviderGuid":"{54849625-5478-4994-a5ba-3e3b0328c30d}","Level":"0","Keywords":"0x8020000000000000","Channel":"Security","Computer":"WORKSTATION6.mssentinel.local","TimeCreated":"2022-09-26T07:26:08.166Z","TimeGenerated":"2022-09-26T11:26:08.166Z","EventRecordID":"2309284","EventID":4690,"Message":"An attempt was made to duplicate a handle to an object.\r\n\r\nSubject:\r\n\tSecurity ID:\t\tS-1-5-21-1569727641-2518674866-3296776394-1104\r\n\tAccount Name:\t\tpgustavo\r\n\tAccount Domain:\t\tMSSENTINEL\r\n\tLogon ID:\t\t0x2F9566F\r\n\r\nSource Handle Information:\r\n\tSource Handle ID:\t0xac4\r\n\tSource Process ID:\t0x1484\r\n\r\nNew Handle Information:\r\n\tTarget Handle ID:\t0x38ec\r\n\tTarget Process ID:\t0x4","EventData":"\u003cEventData xmlns=\"http://schemas.microsoft.com/win/2004/08/events/event\"\u003e\u003cData Name=\"SubjectUserSid\"\u003eS-1-5-21-1569727641-2518674866-3296776394-1104\u003c/Data\u003e\u003cData Name=\"SubjectUserName\"\u003epgustavo\u003c/Data\u003e\u003cData Name=\"SubjectDomainName\"\u003eMSSENTINEL\u003c/Data\u003e\u003cData Name=\"SubjectLogonId\"\u003e0x2f9566f\u003c/Data\u003e\u003cData Name=\"SourceHandleId\"\u003e0xac4\u003c/Data\u003e\u003cData Name=\"SourceProcessId\"\u003e0x1484\u003c/Data\u003e\u003cData Name=\"TargetHandleId\"\u003e0x38ec\u003c/Data\u003e\u003cData Name=\"TargetProcessId\"\u003e0x4\u003c/Data\u003e\u003c/EventData\u003e","Task":12807,"SubjectUserSid":"S-1-5-21-1569727641-2518674866-3296776394-1104","SubjectUserName":"pgustavo","SubjectDomainName":"MSSENTINEL","SubjectLogonId":"0x2f9566f","SourceHandleId":"0xac4","SourceProcessId":"0x1484","TargetHandleId":"0x38ec","TargetProcessId":"0x4"},{"EventSourceName":"Microsoft-Windows-Security-Auditing","Provider":"Microsoft-Windows-Security-Auditing","ProviderGuid":"{54849625-5478-4994-a5ba-3e3b0328c30d}","Level":"0","Keywords":"0x8020000000000000","Channel":"Security","Computer":"WORKSTATION6.mssentinel.local","TimeCreated":"2022-09-26T07:26:08.166Z","TimeGenerated":"2022-09-26T11:26:08.166Z","EventRecordID":"2309285","EventID":4658,"Message":"The handle to an object was closed.\r\n\r\nSubject :\r\n\tSecurity ID:\t\tS-1-5-21-1569727641-2518674866-3296776394-1104\r\n\tAccount Name:\t\tpgustavo\r\n\tAccount Domain:\t\tMSSENTINEL\r\n\tLogon ID:\t\t0x2F9566F\r\n\r\nObject:\r\n\tObject Server:\t\tSecurity\r\n\tHandle ID:\t\t0x38ec\r\n\r\nProcess Information:\r\n\tProcess ID:\t\t0x1484\r\n\tProcess Name:\t\tC:\\Windows\\System32\\WindowsPowerShell\\v1.0\\powershell.exe","EventData":"\u003cEventData xmlns=\"http://schemas.microsoft.com/win/2004/08/events/event\"\u003e\u003cData Name=\"SubjectUserSid\"\u003eS-1-5-21-1569727641-2518674866-3296776394-1104\u003c/Data\u003e\u003cData Name=\"SubjectUserName\"\u003epgustavo\u003c/Data\u003e\u003cData Name=\"SubjectDomainName\"\u003eMSSENTINEL\u003c/Data\u003e\u003cData Name=\"SubjectLogonId\"\u003e0x2f9566f\u003c/Data\u003e\u003cData Name=\"ObjectServer\"\u003eSecurity\u003c/Data\u003e\u003cData Name=\"HandleId\"\u003e0x38ec\u003c/Data\u003e\u003cData Name=\"ProcessId\"\u003e0x1484\u003c/Data\u003e\u003cData Name=\"ProcessName\"\u003eC:\\Windows\\System32\\WindowsPowerShell\\v1.0\\powershell.exe\u003c/Data\u003e\u003c/EventData\u003e","Task":12801,"SubjectUserSid":"S-1-5-21-1569727641-2518674866-3296776394-1104","SubjectUserName":"pgustavo","SubjectDomainName":"MSSENTINEL","SubjectLogonId":"0x2f9566f","ObjectServer":"Security","HandleId":"0x38ec","ProcessId":"0x1484","ProcessName":"C:\\Windows\\System32\\WindowsPowerShell\\v1.0\\powershell.exe"},{"EventSourceName":"Microsoft-Windows-Security-Auditing","Provider":"Microsoft-Windows-Security-Auditing","ProviderGuid":"{54849625-5478-4994-a5ba-3e3b0328c30d}","Level":"0","Keywords":"0x8020000000000000","Channel":"Security","Computer":"WORKSTATION6.mssentinel.local","TimeCreated":"2022-09-26T07:26:08.166Z","TimeGenerated":"2022-09-26T11:26:08.166Z","EventRecordID":"2309286","EventID":4656,"Message":"A handle to an object was requested.\r\n\r\nSubject:\r\n\tSecurity ID:\t\tS-1-5-21-1569727641-2518674866-3296776394-1104\r\n\tAccount Name:\t\tpgustavo\r\n\tAccount Domain:\t\tMSSENTINEL\r\n\tLogon ID:\t\t0x2F9566F\r\n\r\nObject:\r\n\tObject Server:\t\tSecurity\r\n\tObject Type:\t\tKey\r\n\tObject Name:\t\t\\REGISTRY\\MACHINE\\SOFTWARE\\Microsoft\\Windows NT\\CurrentVersion\\Winlogon\r\n\tHandle ID:\t\t0xac4\r\n\tResource Attributes:\t-\r\n\r\nProcess Information:\r\n\tProcess ID:\t\t0x1484\r\n\tProcess Name:\t\tC:\\Windows\\System32\\WindowsPowerShell\\v1.0\\powershell.exe\r\n\r\nAccess Request Information:\r\n\tTransaction ID:\t\t{00000000-0000-0000-0000-000000000000}\r\n\tAccesses:\t\tREAD_CONTROL\r\n\t\t\t\tQuery key value\r\n\t\t\t\tEnumerate sub-keys\r\n\t\t\t\tNotify about changes to keys\r\n\t\t\t\t\r\n\tAccess Reasons:\t\t-\r\n\tAccess Mask:\t\t0x20019\r\n\tPrivileges Used for Access Check:\t-\r\n\tRestricted SID Count:\t0","EventData":"\u003cEventData xmlns=\"http://schemas.microsoft.com/win/2004/08/events/event\"\u003e\u003cData Name=\"SubjectUserSid\"\u003eS-1-5-21-1569727641-2518674866-3296776394-1104\u003c/Data\u003e\u003cData Name=\"SubjectUserName\"\u003epgustavo\u003c/Data\u003e\u003cData Name=\"SubjectDomainName\"\u003eMSSENTINEL\u003c/Data\u003e\u003cData Name=\"SubjectLogonId\"\u003e0x2f9566f\u003c/Data\u003e\u003cData Name=\"ObjectServer\"\u003eSecurity\u003c/Data\u003e\u003cData Name=\"ObjectType\"\u003eKey\u003c/Data\u003e\u003cData Name=\"ObjectName\"\u003e\\REGISTRY\\MACHINE\\SOFTWARE\\Microsoft\\Windows NT\\CurrentVersion\\Winlogon\u003c/Data\u003e\u003cData Name=\"HandleId\"\u003e0xac4\u003c/Data\u003e\u003cData Name=\"TransactionId\"\u003e{00000000-0000-0000-0000-000000000000}\u003c/Data\u003e\u003cData Name=\"AccessList\"\u003e%%1538\n\t\t\t\t%%4432\n\t\t\t\t%%4435\n\t\t\t\t%%4436\n\t\t\t\t\u003c/Data\u003e\u003cData Name=\"AccessReason\"\u003e-\u003c/Data\u003e\u003cData Name=\"AccessMask\"\u003e0x20019\u003c/Data\u003e\u003cData Name=\"PrivilegeList\"\u003e-\u003c/Data\u003e\u003cData Name=\"RestrictedSidCount\"\u003e0\u003c/Data\u003e\u003cData Name=\"ProcessId\"\u003e0x1484\u003c/Data\u003e\u003cData Name=\"ProcessName\"\u003eC:\\Windows\\System32\\WindowsPowerShell\\v1.0\\powershell.exe\u003c/Data\u003e\u003cData Name=\"ResourceAttributes\"\u003e-\u003c/Data\u003e\u003c/EventData\u003e","Task":12801,"SubjectUserSid":"S-1-5-21-1569727641-2518674866-3296776394-1104","SubjectUserName":"pgustavo","SubjectDomainName":"MSSENTINEL","SubjectLogonId":"0x2f9566f","ObjectServer":"Security","ObjectType":"Key","ObjectName":"\\REGISTRY\\MACHINE\\SOFTWARE\\Microsoft\\Windows NT\\CurrentVersion\\Winlogon","HandleId":"0xac4","TransactionId":"00000000-0000-0000-0000-000000000000","AccessList":"%%1538\r\n\t\t\t\t%%4432\r\n\t\t\t\t%%4435\r\n\t\t\t\t%%4436\r\n\t\t\t\t","AccessReason":"-","AccessMask":131097,"PrivilegeList":"-","RestrictedSidCount":0,"ProcessId":"0x1484","ProcessName":"C:\\Windows\\System32\\WindowsPowerShell\\v1.0\\powershell.exe","ResourceAttributes":"-"},{"EventSourceName":"Microsoft-Windows-Security-Auditing","Provider":"Microsoft-Windows-Security-Auditing","ProviderGuid":"{54849625-5478-4994-a5ba-3e3b0328c30d}","Level":"0","Keywords":"0x8020000000000000","Channel":"Security","Computer":"WORKSTATION6.mssentinel.local","TimeCreated":"2022-09-26T07:26:08.166Z","TimeGenerated":"2022-09-26T11:26:08.166Z","EventRecordID":"2309287","EventID":4663,"Message":"An attempt was made to access an object.\r\n\r\nSubject:\r\n\tSecurity ID:\t\tS-1-5-21-1569727641-2518674866-3296776394-1104\r\n\tAccount Name:\t\tpgustavo\r\n\tAccount Domain:\t\tMSSENTINEL\r\n\tLogon ID:\t\t0x2F9566F\r\n\r\nObject:\r\n\tObject Server:\t\tSecurity\r\n\tObject Type:\t\tKey\r\n\tObject Name:\t\t\\REGISTRY\\MACHINE\\SOFTWARE\\Microsoft\\Windows NT\\CurrentVersion\\Winlogon\r\n\tHandle ID:\t\t0xac4\r\n\tResource Attributes:\t-\r\n\r\nProcess Information:\r\n\tProcess ID:\t\t0x1484\r\n\tProcess Name:\t\tC:\\Windows\\System32\\WindowsPowerShell\\v1.0\\powershell.exe\r\n\r\nAccess Request Information:\r\n\tAccesses:\t\tQuery key value\r\n\t\t\t\t\r\n\tAccess Mask:\t\t0x1","EventData":"\u003cEventData xmlns=\"http://schemas.microsoft.com/win/2004/08/events/event\"\u003e\u003cData Name=\"SubjectUserSid\"\u003eS-1-5-21-1569727641-2518674866-3296776394-1104\u003c/Data\u003e\u003cData Name=\"SubjectUserName\"\u003epgustavo\u003c/Data\u003e\u003cData Name=\"SubjectDomainName\"\u003eMSSENTINEL\u003c/Data\u003e\u003cData Name=\"SubjectLogonId\"\u003e0x2f9566f\u003c/Data\u003e\u003cData Name=\"ObjectServer\"\u003eSecurity\u003c/Data\u003e\u003cData Name=\"ObjectType\"\u003eKey\u003c/Data\u003e\u003cData Name=\"ObjectName\"\u003e\\REGISTRY\\MACHINE\\SOFTWARE\\Microsoft\\Windows NT\\CurrentVersion\\Winlogon\u003c/Data\u003e\u003cData Name=\"HandleId\"\u003e0xac4\u003c/Data\u003e\u003cData Name=\"AccessList\"\u003e%%4432\n\t\t\t\t\u003c/Data\u003e\u003cData Name=\"AccessMask\"\u003e0x1\u003c/Data\u003e\u003cData Name=\"ProcessId\"\u003e0x1484\u003c/Data\u003e\u003cData Name=\"ProcessName\"\u003eC:\\Windows\\System32\\WindowsPowerShell\\v1.0\\powershell.exe\u003c/Data\u003e\u003cData Name=\"ResourceAttributes\"\u003e-\u003c/Data\u003e\u003c/EventData\u003e","Task":12801,"SubjectUserSid":"S-1-5-21-1569727641-2518674866-3296776394-1104","SubjectUserName":"pgustavo","SubjectDomainName":"MSSENTINEL","SubjectLogonId":"0x2f9566f","ObjectServer":"Security","ObjectType":"Key","ObjectName":"\\REGISTRY\\MACHINE\\SOFTWARE\\Microsoft\\Windows NT\\CurrentVersion\\Winlogon","HandleId":"0xac4","AccessList":"%%4432\r\n\t\t\t\t","AccessMask":1,"ProcessId":"0x1484","ProcessName":"C:\\Windows\\System32\\WindowsPowerShell\\v1.0\\powershell.exe","ResourceAttributes":"-"},{"EventSourceName":"Microsoft-Windows-Security-Auditing","Provider":"Microsoft-Windows-Security-Auditing","ProviderGuid":"{54849625-5478-4994-a5ba-3e3b0328c30d}","Level":"0","Keywords":"0x8020000000000000","Channel":"Security","Computer":"WORKSTATION6.mssentinel.local","TimeCreated":"2022-09-26T07:26:08.166Z","TimeGenerated":"2022-09-26T11:26:08.166Z","EventRecordID":"2309288","EventID":4658,"Message":"The handle to an object was closed.\r\n\r\nSubject :\r\n\tSecurity ID:\t\tS-1-5-21-1569727641-2518674866-3296776394-1104\r\n\tAccount Name:\t\tpgustavo\r\n\tAccount Domain:\t\tMSSENTINEL\r\n\tLogon ID:\t\t0x2F9566F\r\n\r\nObject:\r\n\tObject Server:\t\tSecurity\r\n\tHandle ID:\t\t0xac4\r\n\r\nProcess Information:\r\n\tProcess ID:\t\t0x1484\r\n\tProcess Name:\t\tC:\\Windows\\System32\\WindowsPowerShell\\v1.0\\powershell.exe","EventData":"\u003cEventData xmlns=\"http://schemas.microsoft.com/win/2004/08/events/event\"\u003e\u003cData Name=\"SubjectUserSid\"\u003eS-1-5-21-1569727641-2518674866-3296776394-1104\u003c/Data\u003e\u003cData Name=\"SubjectUserName\"\u003epgustavo\u003c/Data\u003e\u003cData Name=\"SubjectDomainName\"\u003eMSSENTINEL\u003c/Data\u003e\u003cData Name=\"SubjectLogonId\"\u003e0x2f9566f\u003c/Data\u003e\u003cData Name=\"ObjectServer\"\u003eSecurity\u003c/Data\u003e\u003cData Name=\"HandleId\"\u003e0xac4\u003c/Data\u003e\u003cData Name=\"ProcessId\"\u003e0x1484\u003c/Data\u003e\u003cData Name=\"ProcessName\"\u003eC:\\Windows\\System32\\WindowsPowerShell\\v1.0\\powershell.exe\u003c/Data\u003e\u003c/EventData\u003e","Task":12801,"SubjectUserSid":"S-1-5-21-1569727641-2518674866-3296776394-1104","SubjectUserName":"pgustavo","SubjectDomainName":"MSSENTINEL","SubjectLogonId":"0x2f9566f","ObjectServer":"Security","HandleId":"0xac4","ProcessId":"0x1484","ProcessName":"C:\\Windows\\System32\\WindowsPowerShell\\v1.0\\powershell.exe"},{"EventSourceName":"Microsoft-Windows-Security-Auditing","Provider":"Microsoft-Windows-Security-Auditing","ProviderGuid":"{54849625-5478-4994-a5ba-3e3b0328c30d}","Level":"0","Keywords":"0x8020000000000000","Channel":"Security","Computer":"WORKSTATION6.mssentinel.local","TimeCreated":"2022-09-26T07:26:10.072Z","TimeGenerated":"2022-09-26T11:26:10.072Z","EventRecordID":"2309289","EventID":5158,"Message":"The Windows Filtering Platform has permitted a bind to a local port.\r\n\r\nApplication Information:\r\n\tProcess ID:\t\t1344\r\n\tApplication Name:\t\\device\\harddiskvolume2\\windows\\system32\\svchost.exe\r\n\r\nNetwork Information:\r\n\tSource Address:\t\t::\r\n\tSource Port:\t\t56250\r\n\tProtocol:\t\t17\r\n\r\nFilter Information:\r\n\tFilter Run-Time ID:\t0\r\n\tLayer Name:\t\tResource Assignment\r\n\tLayer Run-Time ID:\t36","EventData":"\u003cEventData xmlns=\"http://schemas.microsoft.com/win/2004/08/events/event\"\u003e\u003cData Name=\"ProcessId\"\u003e1344\u003c/Data\u003e\u003cData Name=\"Application\"\u003e\\device\\harddiskvolume2\\windows\\system32\\svchost.exe\u003c/Data\u003e\u003cData Name=\"SourceAddress\"\u003e::\u003c/Data\u003e\u003cData Name=\"SourcePort\"\u003e56250\u003c/Data\u003e\u003cData Name=\"Protocol\"\u003e17\u003c/Data\u003e\u003cData Name=\"FilterRTID\"\u003e0\u003c/Data\u003e\u003cData Name=\"LayerName\"\u003e%%14608\u003c/Data\u003e\u003cData Name=\"LayerRTID\"\u003e36\u003c/Data\u003e\u003c/EventData\u003e","Task":12810,"ProcessId":"0x540","Application":"\\device\\harddiskvolume2\\windows\\system32\\svchost.exe","SourceAddress":"::","SourcePort":"56250","Protocol":17,"FilterRTID":"0x0","LayerName":"%%14608","LayerRTID":"0x24"},{"EventSourceName":"Microsoft-Windows-Security-Auditing","Provider":"Microsoft-Windows-Security-Auditing","ProviderGuid":"{54849625-5478-4994-a5ba-3e3b0328c30d}","Level":"0","Keywords":"0x8020000000000000","Channel":"Security","Computer":"WORKSTATION6.mssentinel.local","TimeCreated":"2022-09-26T07:26:10.072Z","TimeGenerated":"2022-09-26T11:26:10.072Z","EventRecordID":"2309290","EventID":5158,"Message":"The Windows Filtering Platform has permitted a bind to a local port.\r\n\r\nApplication Information:\r\n\tProcess ID:\t\t1344\r\n\tApplication Name:\t\\device\\harddiskvolume2\\windows\\system32\\svchost.exe\r\n\r\nNetwork Information:\r\n\tSource Address:\t\t::\r\n\tSource Port:\t\t56250\r\n\tProtocol:\t\t17\r\n\r\nFilter Information:\r\n\tFilter Run-Time ID:\t0\r\n\tLayer Name:\t\tResource Assignment\r\n\tLayer Run-Time ID:\t38","EventData":"\u003cEventData xmlns=\"http://schemas.microsoft.com/win/2004/08/events/event\"\u003e\u003cData Name=\"ProcessId\"\u003e1344\u003c/Data\u003e\u003cData Name=\"Application\"\u003e\\device\\harddiskvolume2\\windows\\system32\\svchost.exe\u003c/Data\u003e\u003cData Name=\"SourceAddress\"\u003e::\u003c/Data\u003e\u003cData Name=\"SourcePort\"\u003e56250\u003c/Data\u003e\u003cData Name=\"Protocol\"\u003e17\u003c/Data\u003e\u003cData Name=\"FilterRTID\"\u003e0\u003c/Data\u003e\u003cData Name=\"LayerName\"\u003e%%14608\u003c/Data\u003e\u003cData Name=\"LayerRTID\"\u003e38\u003c/Data\u003e\u003c/EventData\u003e","Task":12810,"ProcessId":"0x540","Application":"\\device\\harddiskvolume2\\windows\\system32\\svchost.exe","SourceAddress":"::","SourcePort":"56250","Protocol":17,"FilterRTID":"0x0","LayerName":"%%14608","LayerRTID":"0x26"},{"EventSourceName":"Microsoft-Windows-Security-Auditing","Provider":"Microsoft-Windows-Security-Auditing","ProviderGuid":"{54849625-5478-4994-a5ba-3e3b0328c30d}","Level":"0","Keywords":"0x8020000000000000","Channel":"Security","Computer":"WORKSTATION6.mssentinel.local","TimeCreated":"2022-09-26T07:26:10.073Z","TimeGenerated":"2022-09-26T11:26:10.073Z","EventRecordID":"2309291","EventID":5156,"Message":"The Windows Filtering Platform has permitted a connection.\r\n\r\nApplication Information:\r\n\tProcess ID:\t\t1344\r\n\tApplication Name:\t\\device\\harddiskvolume2\\windows\\system32\\svchost.exe\r\n\r\nNetwork Information:\r\n\tDirection:\t\tOutbound\r\n\tSource Address:\t\t192.168.2.6\r\n\tSource Port:\t\t56250\r\n\tDestination Address:\t192.168.2.4\r\n\tDestination Port:\t\t53\r\n\tProtocol:\t\t17\r\n\r\nFilter Information:\r\n\tFilter Run-Time ID:\t83651\r\n\tLayer Name:\t\tConnect\r\n\tLayer Run-Time ID:\t48","EventData":"\u003cEventData xmlns=\"http://schemas.microsoft.com/win/2004/08/events/event\"\u003e\u003cData Name=\"ProcessID\"\u003e1344\u003c/Data\u003e\u003cData Name=\"Application\"\u003e\\device\\harddiskvolume2\\windows\\system32\\svchost.exe\u003c/Data\u003e\u003cData Name=\"Direction\"\u003e%%14593\u003c/Data\u003e\u003cData Name=\"SourceAddress\"\u003e192.168.2.6\u003c/Data\u003e\u003cData Name=\"SourcePort\"\u003e56250\u003c/Data\u003e\u003cData Name=\"DestAddress\"\u003e192.168.2.4\u003c/Data\u003e\u003cData Name=\"DestPort\"\u003e53\u003c/Data\u003e\u003cData Name=\"Protocol\"\u003e17\u003c/Data\u003e\u003cData Name=\"FilterRTID\"\u003e83651\u003c/Data\u003e\u003cData Name=\"LayerName\"\u003e%%14611\u003c/Data\u003e\u003cData Name=\"LayerRTID\"\u003e48\u003c/Data\u003e\u003cData Name=\"RemoteUserID\"\u003eS-1-0-0\u003c/Data\u003e\u003cData Name=\"RemoteMachineID\"\u003eS-1-0-0\u003c/Data\u003e\u003c/EventData\u003e","Task":12810,"ProcessID":"0x540","Application":"\\device\\harddiskvolume2\\windows\\system32\\svchost.exe","Direction":"%%14593","SourceAddress":"192.168.2.6","SourcePort":"56250","DestAddress":"192.168.2.4","DestPort":"53","Protocol":17,"FilterRTID":"0x146c3","LayerName":"%%14611","LayerRTID":"0x30","RemoteUserID":"S-1-0-0","RemoteMachineID":"S-1-0-0"},{"EventSourceName":"Microsoft-Windows-Security-Auditing","Provider":"Microsoft-Windows-Security-Auditing","ProviderGuid":"{54849625-5478-4994-a5ba-3e3b0328c30d}","Level":"0","Keywords":"0x8020000000000000","Channel":"Security","Computer":"WORKSTATION6.mssentinel.local","TimeCreated":"2022-09-26T07:26:10.668Z","TimeGenerated":"2022-09-26T11:26:10.668Z","EventRecordID":"2309294","EventID":5158,"Message":"The Windows Filtering Platform has permitted a bind to a local port.\r\n\r\nApplication Information:\r\n\tProcess ID:\t\t1344\r\n\tApplication Name:\t\\device\\harddiskvolume2\\windows\\system32\\svchost.exe\r\n\r\nNetwork Information:\r\n\tSource Address:\t\t::\r\n\tSource Port:\t\t55197\r\n\tProtocol:\t\t17\r\n\r\nFilter Information:\r\n\tFilter Run-Time ID:\t0\r\n\tLayer Name:\t\tResource Assignment\r\n\tLayer Run-Time ID:\t36","EventData":"\u003cEventData xmlns=\"http://schemas.microsoft.com/win/2004/08/events/event\"\u003e\u003cData Name=\"ProcessId\"\u003e1344\u003c/Data\u003e\u003cData Name=\"Application\"\u003e\\device\\harddiskvolume2\\windows\\system32\\svchost.exe\u003c/Data\u003e\u003cData Name=\"SourceAddress\"\u003e::\u003c/Data\u003e\u003cData Name=\"SourcePort\"\u003e55197\u003c/Data\u003e\u003cData Name=\"Protocol\"\u003e17\u003c/Data\u003e\u003cData Name=\"FilterRTID\"\u003e0\u003c/Data\u003e\u003cData Name=\"LayerName\"\u003e%%14608\u003c/Data\u003e\u003cData Name=\"LayerRTID\"\u003e36\u003c/Data\u003e\u003c/EventData\u003e","Task":12810,"ProcessId":"0x540","Application":"\\device\\harddiskvolume2\\windows\\system32\\svchost.exe","SourceAddress":"::","SourcePort":"55197","Protocol":17,"FilterRTID":"0x0","LayerName":"%%14608","LayerRTID":"0x24"},{"EventSourceName":"Microsoft-Windows-Security-Auditing","Provider":"Microsoft-Windows-Security-Auditing","ProviderGuid":"{54849625-5478-4994-a5ba-3e3b0328c30d}","Level":"0","Keywords":"0x8020000000000000","Channel":"Security","Computer":"WORKSTATION6.mssentinel.local","TimeCreated":"2022-09-26T07:26:10.668Z","TimeGenerated":"2022-09-26T11:26:10.668Z","EventRecordID":"2309295","EventID":5158,"Message":"The Windows Filtering Platform has permitted a bind to a local port.\r\n\r\nApplication Information:\r\n\tProcess ID:\t\t1344\r\n\tApplication Name:\t\\device\\harddiskvolume2\\windows\\system32\\svchost.exe\r\n\r\nNetwork Information:\r\n\tSource Address:\t\t::\r\n\tSource Port:\t\t55197\r\n\tProtocol:\t\t17\r\n\r\nFilter Information:\r\n\tFilter Run-Time ID:\t0\r\n\tLayer Name:\t\tResource Assignment\r\n\tLayer Run-Time ID:\t38","EventData":"\u003cEventData xmlns=\"http://schemas.microsoft.com/win/2004/08/events/event\"\u003e\u003cData Name=\"ProcessId\"\u003e1344\u003c/Data\u003e\u003cData Name=\"Application\"\u003e\\device\\harddiskvolume2\\windows\\system32\\svchost.exe\u003c/Data\u003e\u003cData Name=\"SourceAddress\"\u003e::\u003c/Data\u003e\u003cData Name=\"SourcePort\"\u003e55197\u003c/Data\u003e\u003cData Name=\"Protocol\"\u003e17\u003c/Data\u003e\u003cData Name=\"FilterRTID\"\u003e0\u003c/Data\u003e\u003cData Name=\"LayerName\"\u003e%%14608\u003c/Data\u003e\u003cData Name=\"LayerRTID\"\u003e38\u003c/Data\u003e\u003c/EventData\u003e","Task":12810,"ProcessId":"0x540","Application":"\\device\\harddiskvolume2\\windows\\system32\\svchost.exe","SourceAddress":"::","SourcePort":"55197","Protocol":17,"FilterRTID":"0x0","LayerName":"%%14608","LayerRTID":"0x26"},{"EventSourceName":"Microsoft-Windows-Security-Auditing","Provider":"Microsoft-Windows-Security-Auditing","ProviderGuid":"{54849625-5478-4994-a5ba-3e3b0328c30d}","Level":"0","Keywords":"0x8020000000000000","Channel":"Security","Computer":"WORKSTATION6.mssentinel.local","TimeCreated":"2022-09-26T07:26:10.668Z","TimeGenerated":"2022-09-26T11:26:10.668Z","EventRecordID":"2309296","EventID":5156,"Message":"The Windows Filtering Platform has permitted a connection.\r\n\r\nApplication Information:\r\n\tProcess ID:\t\t1344\r\n\tApplication Name:\t\\device\\harddiskvolume2\\windows\\system32\\svchost.exe\r\n\r\nNetwork Information:\r\n\tDirection:\t\tOutbound\r\n\tSource Address:\t\t192.168.2.6\r\n\tSource Port:\t\t55197\r\n\tDestination Address:\t192.168.2.4\r\n\tDestination Port:\t\t53\r\n\tProtocol:\t\t17\r\n\r\nFilter Information:\r\n\tFilter Run-Time ID:\t83651\r\n\tLayer Name:\t\tConnect\r\n\tLayer Run-Time ID:\t48","EventData":"\u003cEventData xmlns=\"http://schemas.microsoft.com/win/2004/08/events/event\"\u003e\u003cData Name=\"ProcessID\"\u003e1344\u003c/Data\u003e\u003cData Name=\"Application\"\u003e\\device\\harddiskvolume2\\windows\\system32\\svchost.exe\u003c/Data\u003e\u003cData Name=\"Direction\"\u003e%%14593\u003c/Data\u003e\u003cData Name=\"SourceAddress\"\u003e192.168.2.6\u003c/Data\u003e\u003cData Name=\"SourcePort\"\u003e55197\u003c/Data\u003e\u003cData Name=\"DestAddress\"\u003e192.168.2.4\u003c/Data\u003e\u003cData Name=\"DestPort\"\u003e53\u003c/Data\u003e\u003cData Name=\"Protocol\"\u003e17\u003c/Data\u003e\u003cData Name=\"FilterRTID\"\u003e83651\u003c/Data\u003e\u003cData Name=\"LayerName\"\u003e%%14611\u003c/Data\u003e\u003cData Name=\"LayerRTID\"\u003e48\u003c/Data\u003e\u003cData Name=\"RemoteUserID\"\u003eS-1-0-0\u003c/Data\u003e\u003cData Name=\"RemoteMachineID\"\u003eS-1-0-0\u003c/Data\u003e\u003c/EventData\u003e","Task":12810,"ProcessID":"0x540","Application":"\\device\\harddiskvolume2\\windows\\system32\\svchost.exe","Direction":"%%14593","SourceAddress":"192.168.2.6","SourcePort":"55197","DestAddress":"192.168.2.4","DestPort":"53","Protocol":17,"FilterRTID":"0x146c3","LayerName":"%%14611","LayerRTID":"0x30","RemoteUserID":"S-1-0-0","RemoteMachineID":"S-1-0-0"},{"EventSourceName":"Microsoft-Windows-Security-Auditing","Provider":"Microsoft-Windows-Security-Auditing","ProviderGuid":"{54849625-5478-4994-a5ba-3e3b0328c30d}","Level":"0","Keywords":"0x8020000000000000","Channel":"Security","Computer":"WORKSTATION6.mssentinel.local","TimeCreated":"2022-09-26T07:26:11.077Z","TimeGenerated":"2022-09-26T11:26:11.077Z","EventRecordID":"2309299","EventID":5158,"Message":"The Windows Filtering Platform has permitted a bind to a local port.\r\n\r\nApplication Information:\r\n\tProcess ID:\t\t1344\r\n\tApplication Name:\t\\device\\harddiskvolume2\\windows\\system32\\svchost.exe\r\n\r\nNetwork Information:\r\n\tSource Address:\t\t::\r\n\tSource Port:\t\t52968\r\n\tProtocol:\t\t17\r\n\r\nFilter Information:\r\n\tFilter Run-Time ID:\t0\r\n\tLayer Name:\t\tResource Assignment\r\n\tLayer Run-Time ID:\t36","EventData":"\u003cEventData xmlns=\"http://schemas.microsoft.com/win/2004/08/events/event\"\u003e\u003cData Name=\"ProcessId\"\u003e1344\u003c/Data\u003e\u003cData Name=\"Application\"\u003e\\device\\harddiskvolume2\\windows\\system32\\svchost.exe\u003c/Data\u003e\u003cData Name=\"SourceAddress\"\u003e::\u003c/Data\u003e\u003cData Name=\"SourcePort\"\u003e52968\u003c/Data\u003e\u003cData Name=\"Protocol\"\u003e17\u003c/Data\u003e\u003cData Name=\"FilterRTID\"\u003e0\u003c/Data\u003e\u003cData Name=\"LayerName\"\u003e%%14608\u003c/Data\u003e\u003cData Name=\"LayerRTID\"\u003e36\u003c/Data\u003e\u003c/EventData\u003e","Task":12810,"ProcessId":"0x540","Application":"\\device\\harddiskvolume2\\windows\\system32\\svchost.exe","SourceAddress":"::","SourcePort":"52968","Protocol":17,"FilterRTID":"0x0","LayerName":"%%14608","LayerRTID":"0x24"},{"EventSourceName":"Microsoft-Windows-Security-Auditing","Provider":"Microsoft-Windows-Security-Auditing","ProviderGuid":"{54849625-5478-4994-a5ba-3e3b0328c30d}","Level":"0","Keywords":"0x8020000000000000","Channel":"Security","Computer":"WORKSTATION6.mssentinel.local","TimeCreated":"2022-09-26T07:26:11.077Z","TimeGenerated":"2022-09-26T11:26:11.077Z","EventRecordID":"2309300","EventID":5158,"Message":"The Windows Filtering Platform has permitted a bind to a local port.\r\n\r\nApplication Information:\r\n\tProcess ID:\t\t1344\r\n\tApplication Name:\t\\device\\harddiskvolume2\\windows\\system32\\svchost.exe\r\n\r\nNetwork Information:\r\n\tSource Address:\t\t::\r\n\tSource Port:\t\t52968\r\n\tProtocol:\t\t17\r\n\r\nFilter Information:\r\n\tFilter Run-Time ID:\t0\r\n\tLayer Name:\t\tResource Assignment\r\n\tLayer Run-Time ID:\t38","EventData":"\u003cEventData xmlns=\"http://schemas.microsoft.com/win/2004/08/events/event\"\u003e\u003cData Name=\"ProcessId\"\u003e1344\u003c/Data\u003e\u003cData Name=\"Application\"\u003e\\device\\harddiskvolume2\\windows\\system32\\svchost.exe\u003c/Data\u003e\u003cData Name=\"SourceAddress\"\u003e::\u003c/Data\u003e\u003cData Name=\"SourcePort\"\u003e52968\u003c/Data\u003e\u003cData Name=\"Protocol\"\u003e17\u003c/Data\u003e\u003cData Name=\"FilterRTID\"\u003e0\u003c/Data\u003e\u003cData Name=\"LayerName\"\u003e%%14608\u003c/Data\u003e\u003cData Name=\"LayerRTID\"\u003e38\u003c/Data\u003e\u003c/EventData\u003e","Task":12810,"ProcessId":"0x540","Application":"\\device\\harddiskvolume2\\windows\\system32\\svchost.exe","SourceAddress":"::","SourcePort":"52968","Protocol":17,"FilterRTID":"0x0","LayerName":"%%14608","LayerRTID":"0x26"},{"EventSourceName":"Microsoft-Windows-Security-Auditing","Provider":"Microsoft-Windows-Security-Auditing","ProviderGuid":"{54849625-5478-4994-a5ba-3e3b0328c30d}","Level":"0","Keywords":"0x8020000000000000","Channel":"Security","Computer":"WORKSTATION6.mssentinel.local","TimeCreated":"2022-09-26T07:26:11.077Z","TimeGenerated":"2022-09-26T11:26:11.077Z","EventRecordID":"2309301","EventID":5156,"Message":"The Windows Filtering Platform has permitted a connection.\r\n\r\nApplication Information:\r\n\tProcess ID:\t\t1344\r\n\tApplication Name:\t\\device\\harddiskvolume2\\windows\\system32\\svchost.exe\r\n\r\nNetwork Information:\r\n\tDirection:\t\tOutbound\r\n\tSource Address:\t\t192.168.2.6\r\n\tSource Port:\t\t52968\r\n\tDestination Address:\t192.168.2.4\r\n\tDestination Port:\t\t53\r\n\tProtocol:\t\t17\r\n\r\nFilter Information:\r\n\tFilter Run-Time ID:\t83651\r\n\tLayer Name:\t\tConnect\r\n\tLayer Run-Time ID:\t48","EventData":"\u003cEventData xmlns=\"http://schemas.microsoft.com/win/2004/08/events/event\"\u003e\u003cData Name=\"ProcessID\"\u003e1344\u003c/Data\u003e\u003cData Name=\"Application\"\u003e\\device\\harddiskvolume2\\windows\\system32\\svchost.exe\u003c/Data\u003e\u003cData Name=\"Direction\"\u003e%%14593\u003c/Data\u003e\u003cData Name=\"SourceAddress\"\u003e192.168.2.6\u003c/Data\u003e\u003cData Name=\"SourcePort\"\u003e52968\u003c/Data\u003e\u003cData Name=\"DestAddress\"\u003e192.168.2.4\u003c/Data\u003e\u003cData Name=\"DestPort\"\u003e53\u003c/Data\u003e\u003cData Name=\"Protocol\"\u003e17\u003c/Data\u003e\u003cData Name=\"FilterRTID\"\u003e83651\u003c/Data\u003e\u003cData Name=\"LayerName\"\u003e%%14611\u003c/Data\u003e\u003cData Name=\"LayerRTID\"\u003e48\u003c/Data\u003e\u003cData Name=\"RemoteUserID\"\u003eS-1-0-0\u003c/Data\u003e\u003cData Name=\"RemoteMachineID\"\u003eS-1-0-0\u003c/Data\u003e\u003c/EventData\u003e","Task":12810,"ProcessID":"0x540","Application":"\\device\\harddiskvolume2\\windows\\system32\\svchost.exe","Direction":"%%14593","SourceAddress":"192.168.2.6","SourcePort":"52968","DestAddress":"192.168.2.4","DestPort":"53","Protocol":17,"FilterRTID":"0x146c3","LayerName":"%%14611","LayerRTID":"0x30","RemoteUserID":"S-1-0-0","RemoteMachineID":"S-1-0-0"}]
