[{"EventSourceName":"Microsoft-Windows-Security-Auditing","Provider":"Microsoft-Windows-Security-Auditing","ProviderGuid":"{54849625-5478-4994-a5ba-3e3b0328c30d}","Level":"0","Keywords":"0x8020000000000000","Channel":"Security","Computer":"WORKSTATION6.mssentinel.local","TimeCreated":"2022-09-23T12:19:10.090Z","TimeGenerated":"2022-09-23T04:19:10.090Z","EventRecordID":"1490125","EventID":5158,"Message":"The Windows Filtering Platform has permitted a bind to a local port.\r\n\r\nApplication Information:\r\n\tProcess ID:\t\t1472\r\n\tApplication Name:\t\\device\\harddiskvolume2\\windows\\system32\\svchost.exe\r\n\r\nNetwork Information:\r\n\tSource Address:\t\t::\r\n\tSource Port:\t\t54716\r\n\tProtocol:\t\t17\r\n\r\nFilter Information:\r\n\tFilter Run-Time ID:\t0\r\n\tLayer Name:\t\tResource Assignment\r\n\tLayer Run-Time ID:\t36","EventData":"\u003cEventData xmlns=\"http://schemas.microsoft.com/win/2004/08/events/event\"\u003e\u003cData Name=\"ProcessId\"\u003e1472\u003c/Data\u003e\u003cData Name=\"Application\"\u003e\\device\\harddiskvolume2\\windows\\system32\\svchost.exe\u003c/Data\u003e\u003cData Name=\"SourceAddress\"\u003e::\u003c/Data\u003e\u003cData Name=\"SourcePort\"\u003e54716\u003c/Data\u003e\u003cData Name=\"Protocol\"\u003e17\u003c/Data\u003e\u003cData Name=\"FilterRTID\"\u003e0\u003c/Data\u003e\u003cData Name=\"LayerName\"\u003e%%14608\u003c/Data\u003e\u003cData Name=\"LayerRTID\"\u003e36\u003c/Data\u003e\u003c/EventData\u003e","Task":"12810","ProcessId":"1472","Application":"\\device\\harddiskvolume2\\windows\\system32\\svchost.exe","SourceAddress":"::","SourcePort":"54716","Protocol":"17","FilterRTID":"0","LayerName":"%%14608","LayerRTID":"36"},{"EventSourceName":"Microsoft-Windows-Security-Auditing","Provider":"Microsoft-Windows-Security-Auditing","ProviderGuid":"{54849625-5478-4994-a5ba-3e3b0328c30d}","Level":"0","Keywords":"0x8020000000000000","Channel":"Security","Computer":"WORKSTATION6.mssentinel.local","TimeCreated":"2022-09-23T12:19:10.090Z","TimeGenerated":"2022-09-23T04:19:10.090Z","EventRecordID":"1490126","EventID":5158,"Message":"The Windows Filtering Platform has permitted a bind to a local port.\r\n\r\nApplication Information:\r\n\tProcess ID:\t\t1472\r\n\tApplication Name:\t\\device\\harddiskvolume2\\windows\\system32\\svchost.exe\r\n\r\nNetwork Information:\r\n\tSource Address:\t\t::\r\n\tSource Port:\t\t54716\r\n\tProtocol:\t\t17\r\n\r\nFilter Information:\r\n\tFilter Run-Time ID:\t0\r\n\tLayer Name:\t\tResource Assignment\r\n\tLayer Run-Time ID:\t38","EventData":"\u003cEventData xmlns=\"http://schemas.microsoft.com/win/2004/08/events/event\"\u003e\u003cData Name=\"ProcessId\"\u003e1472\u003c/Data\u003e\u003cData Name=\"Application\"\u003e\\device\\harddiskvolume2\\windows\\system32\\svchost.exe\u003c/Data\u003e\u003cData Name=\"SourceAddress\"\u003e::\u003c/Data\u003e\u003cData Name=\"SourcePort\"\u003e54716\u003c/Data\u003e\u003cData Name=\"Protocol\"\u003e17\u003c/Data\u003e\u003cData Name=\"FilterRTID\"\u003e0\u003c/Data\u003e\u003cData Name=\"LayerName\"\u003e%%14608\u003c/Data\u003e\u003cData Name=\"LayerRTID\"\u003e38\u003c/Data\u003e\u003c/EventData\u003e","Task":"12810","ProcessId":"1472","Application":"\\device\\harddiskvolume2\\windows\\system32\\svchost.exe","SourceAddress":"::","SourcePort":"54716","Protocol":"17","FilterRTID":"0","LayerName":"%%14608","LayerRTID":"38"},{"EventSourceName":"Microsoft-Windows-Security-Auditing","Provider":"Microsoft-Windows-Security-Auditing","ProviderGuid":"{54849625-5478-4994-a5ba-3e3b0328c30d}","Level":"0","Keywords":"0x8020000000000000","Channel":"Security","Computer":"WORKSTATION6.mssentinel.local","TimeCreated":"2022-09-23T12:19:10.090Z","TimeGenerated":"2022-09-23T04:19:10.090Z","EventRecordID":"1490127","EventID":5158,"Message":"The Windows Filtering Platform has permitted a bind to a local port.\r\n\r\nApplication Information:\r\n\tProcess ID:\t\t1472\r\n\tApplication Name:\t\\device\\harddiskvolume2\\windows\\system32\\svchost.exe\r\n\r\nNetwork Information:\r\n\tSource Address:\t\t::\r\n\tSource Port:\t\t54752\r\n\tProtocol:\t\t17\r\n\r\nFilter Information:\r\n\tFilter Run-Time ID:\t0\r\n\tLayer Name:\t\tResource Assignment\r\n\tLayer Run-Time ID:\t36","EventData":"\u003cEventData xmlns=\"http://schemas.microsoft.com/win/2004/08/events/event\"\u003e\u003cData Name=\"ProcessId\"\u003e1472\u003c/Data\u003e\u003cData Name=\"Application\"\u003e\\device\\harddiskvolume2\\windows\\system32\\svchost.exe\u003c/Data\u003e\u003cData Name=\"SourceAddress\"\u003e::\u003c/Data\u003e\u003cData Name=\"SourcePort\"\u003e54752\u003c/Data\u003e\u003cData Name=\"Protocol\"\u003e17\u003c/Data\u003e\u003cData Name=\"FilterRTID\"\u003e0\u003c/Data\u003e\u003cData Name=\"LayerName\"\u003e%%14608\u003c/Data\u003e\u003cData Name=\"LayerRTID\"\u003e36\u003c/Data\u003e\u003c/EventData\u003e","Task":"12810","ProcessId":"1472","Application":"\\device\\harddiskvolume2\\windows\\system32\\svchost.exe","SourceAddress":"::","SourcePort":"54752","Protocol":"17","FilterRTID":"0","LayerName":"%%14608","LayerRTID":"36"},{"EventSourceName":"Microsoft-Windows-Security-Auditing","Provider":"Microsoft-Windows-Security-Auditing","ProviderGuid":"{54849625-5478-4994-a5ba-3e3b0328c30d}","Level":"0","Keywords":"0x8020000000000000","Channel":"Security","Computer":"WORKSTATION6.mssentinel.local","TimeCreated":"2022-09-23T12:19:10.090Z","TimeGenerated":"2022-09-23T04:19:10.090Z","EventRecordID":"1490128","EventID":5158,"Message":"The Windows Filtering Platform has permitted a bind to a local port.\r\n\r\nApplication Information:\r\n\tProcess ID:\t\t1472\r\n\tApplication Name:\t\\device\\harddiskvolume2\\windows\\system32\\svchost.exe\r\n\r\nNetwork Information:\r\n\tSource Address:\t\t::\r\n\tSource Port:\t\t54752\r\n\tProtocol:\t\t17\r\n\r\nFilter Information:\r\n\tFilter Run-Time ID:\t0\r\n\tLayer Name:\t\tResource Assignment\r\n\tLayer Run-Time ID:\t38","EventData":"\u003cEventData xmlns=\"http://schemas.microsoft.com/win/2004/08/events/event\"\u003e\u003cData Name=\"ProcessId\"\u003e1472\u003c/Data\u003e\u003cData Name=\"Application\"\u003e\\device\\harddiskvolume2\\windows\\system32\\svchost.exe\u003c/Data\u003e\u003cData Name=\"SourceAddress\"\u003e::\u003c/Data\u003e\u003cData Name=\"SourcePort\"\u003e54752\u003c/Data\u003e\u003cData Name=\"Protocol\"\u003e17\u003c/Data\u003e\u003cData Name=\"FilterRTID\"\u003e0\u003c/Data\u003e\u003cData Name=\"LayerName\"\u003e%%14608\u003c/Data\u003e\u003cData Name=\"LayerRTID\"\u003e38\u003c/Data\u003e\u003c/EventData\u003e","Task":"12810","ProcessId":"1472","Application":"\\device\\harddiskvolume2\\windows\\system32\\svchost.exe","SourceAddress":"::","SourcePort":"54752","Protocol":"17","FilterRTID":"0","LayerName":"%%14608","LayerRTID":"38"},{"EventSourceName":"Microsoft-Windows-Security-Auditing","Provider":"Microsoft-Windows-Security-Auditing","ProviderGuid":"{54849625-5478-4994-a5ba-3e3b0328c30d}","Level":"0","Keywords":"0x8020000000000000","Channel":"Security","Computer":"WORKSTATION6.mssentinel.local","TimeCreated":"2022-09-23T12:19:10.090Z","TimeGenerated":"2022-09-23T04:19:10.090Z","EventRecordID":"1490129","EventID":5156,"Message":"The Windows Filtering Platform has permitted a connection.\r\n\r\nApplication Information:\r\n\tProcess ID:\t\t1472\r\n\tApplication Name:\t\\device\\harddiskvolume2\\windows\\system32\\svchost.exe\r\n\r\nNetwork Information:\r\n\tDirection:\t\tOutbound\r\n\tSource Address:\t\t192.168.2.6\r\n\tSource Port:\t\t54716\r\n\tDestination Address:\t192.168.2.4\r\n\tDestination Port:\t\t53\r\n\tProtocol:\t\t17\r\n\r\nFilter Information:\r\n\tFilter Run-Time ID:\t80075\r\n\tLayer Name:\t\tConnect\r\n\tLayer Run-Time ID:\t48","EventData":"\u003cEventData xmlns=\"http://schemas.microsoft.com/win/2004/08/events/event\"\u003e\u003cData Name=\"ProcessID\"\u003e1472\u003c/Data\u003e\u003cData Name=\"Application\"\u003e\\device\\harddiskvolume2\\windows\\system32\\svchost.exe\u003c/Data\u003e\u003cData Name=\"Direction\"\u003e%%14593\u003c/Data\u003e\u003cData Name=\"SourceAddress\"\u003e192.168.2.6\u003c/Data\u003e\u003cData Name=\"SourcePort\"\u003e54716\u003c/Data\u003e\u003cData Name=\"DestAddress\"\u003e192.168.2.4\u003c/Data\u003e\u003cData Name=\"DestPort\"\u003e53\u003c/Data\u003e\u003cData Name=\"Protocol\"\u003e17\u003c/Data\u003e\u003cData Name=\"FilterRTID\"\u003e80075\u003c/Data\u003e\u003cData Name=\"LayerName\"\u003e%%14611\u003c/Data\u003e\u003cData Name=\"LayerRTID\"\u003e48\u003c/Data\u003e\u003cData Name=\"RemoteUserID\"\u003eS-1-0-0\u003c/Data\u003e\u003cData Name=\"RemoteMachineID\"\u003eS-1-0-0\u003c/Data\u003e\u003c/EventData\u003e","Task":"12810","ProcessID":"1472","Application":"\\device\\harddiskvolume2\\windows\\system32\\svchost.exe","Direction":"%%14593","SourceAddress":"192.168.2.6","SourcePort":"54716","DestAddress":"192.168.2.4","DestPort":"53","Protocol":"17","FilterRTID":"80075","LayerName":"%%14611","LayerRTID":"48","RemoteUserID":"S-1-0-0","RemoteMachineID":"S-1-0-0"},{"EventSourceName":"Microsoft-Windows-Security-Auditing","Provider":"Microsoft-Windows-Security-Auditing","ProviderGuid":"{54849625-5478-4994-a5ba-3e3b0328c30d}","Level":"0","Keywords":"0x8020000000000000","Channel":"Security","Computer":"WORKSTATION6.mssentinel.local","TimeCreated":"2022-09-23T12:19:10.090Z","TimeGenerated":"2022-09-23T04:19:10.090Z","EventRecordID":"1490130","EventID":5156,"Message":"The Windows Filtering Platform has permitted a connection.\r\n\r\nApplication Information:\r\n\tProcess ID:\t\t1472\r\n\tApplication Name:\t\\device\\harddiskvolume2\\windows\\system32\\svchost.exe\r\n\r\nNetwork Information:\r\n\tDirection:\t\tOutbound\r\n\tSource Address:\t\t192.168.2.6\r\n\tSource Port:\t\t54752\r\n\tDestination Address:\t192.168.2.4\r\n\tDestination Port:\t\t53\r\n\tProtocol:\t\t17\r\n\r\nFilter Information:\r\n\tFilter Run-Time ID:\t80075\r\n\tLayer Name:\t\tConnect\r\n\tLayer Run-Time ID:\t48","EventData":"\u003cEventData xmlns=\"http://schemas.microsoft.com/win/2004/08/events/event\"\u003e\u003cData Name=\"ProcessID\"\u003e1472\u003c/Data\u003e\u003cData Name=\"Application\"\u003e\\device\\harddiskvolume2\\windows\\system32\\svchost.exe\u003c/Data\u003e\u003cData Name=\"Direction\"\u003e%%14593\u003c/Data\u003e\u003cData Name=\"SourceAddress\"\u003e192.168.2.6\u003c/Data\u003e\u003cData Name=\"SourcePort\"\u003e54752\u003c/Data\u003e\u003cData Name=\"DestAddress\"\u003e192.168.2.4\u003c/Data\u003e\u003cData Name=\"DestPort\"\u003e53\u003c/Data\u003e\u003cData Name=\"Protocol\"\u003e17\u003c/Data\u003e\u003cData Name=\"FilterRTID\"\u003e80075\u003c/Data\u003e\u003cData Name=\"LayerName\"\u003e%%14611\u003c/Data\u003e\u003cData Name=\"LayerRTID\"\u003e48\u003c/Data\u003e\u003cData Name=\"RemoteUserID\"\u003eS-1-0-0\u003c/Data\u003e\u003cData Name=\"RemoteMachineID\"\u003eS-1-0-0\u003c/Data\u003e\u003c/EventData\u003e","Task":"12810","ProcessID":"1472","Application":"\\device\\harddiskvolume2\\windows\\system32\\svchost.exe","Direction":"%%14593","SourceAddress":"192.168.2.6","SourcePort":"54752","DestAddress":"192.168.2.4","DestPort":"53","Protocol":"17","FilterRTID":"80075","LayerName":"%%14611","LayerRTID":"48","RemoteUserID":"S-1-0-0","RemoteMachineID":"S-1-0-0"},{"EventSourceName":"Microsoft-Windows-Security-Auditing","Provider":"Microsoft-Windows-Security-Auditing","ProviderGuid":"{54849625-5478-4994-a5ba-3e3b0328c30d}","Level":"0","Keywords":"0x8020000000000000","Channel":"Security","Computer":"WORKSTATION6.mssentinel.local","TimeCreated":"2022-09-23T12:19:11.891Z","TimeGenerated":"2022-09-23T04:19:11.891Z","EventRecordID":"1490135","EventID":4690,"Message":"An attempt was made to duplicate a handle to an object.\r\n\r\nSubject:\r\n\tSecurity ID:\t\tS-1-5-21-1569727641-2518674866-3296776394-1104\r\n\tAccount Name:\t\tpgustavo\r\n\tAccount Domain:\t\tMSSENTINEL\r\n\tLogon ID:\t\t0xD06895\r\n\r\nSource Handle Information:\r\n\tSource Handle ID:\t0x494\r\n\tSource Process ID:\t0x1e7c\r\n\r\nNew Handle Information:\r\n\tTarget Handle ID:\t0x1b00\r\n\tTarget Process ID:\t0x4","EventData":"\u003cEventData xmlns=\"http://schemas.microsoft.com/win/2004/08/events/event\"\u003e\u003cData Name=\"SubjectUserSid\"\u003eS-1-5-21-1569727641-2518674866-3296776394-1104\u003c/Data\u003e\u003cData Name=\"SubjectUserName\"\u003epgustavo\u003c/Data\u003e\u003cData Name=\"SubjectDomainName\"\u003eMSSENTINEL\u003c/Data\u003e\u003cData Name=\"SubjectLogonId\"\u003e0xd06895\u003c/Data\u003e\u003cData Name=\"SourceHandleId\"\u003e0x494\u003c/Data\u003e\u003cData Name=\"SourceProcessId\"\u003e0x1e7c\u003c/Data\u003e\u003cData Name=\"TargetHandleId\"\u003e0x1b00\u003c/Data\u003e\u003cData Name=\"TargetProcessId\"\u003e0x4\u003c/Data\u003e\u003c/EventData\u003e","Task":"12807","SubjectUserSid":"S-1-5-21-1569727641-2518674866-3296776394-1104","SubjectUserName":"pgustavo","SubjectDomainName":"MSSENTINEL","SubjectLogonId":"0xd06895","SourceHandleId":"0x494","SourceProcessId":"0x1e7c","TargetHandleId":"0x1b00","TargetProcessId":"0x4"},{"EventSourceName":"Microsoft-Windows-Security-Auditing","Provider":"Microsoft-Windows-Security-Auditing","ProviderGuid":"{54849625-5478-4994-a5ba-3e3b0328c30d}","Level":"0","Keywords":"0x8020000000000000","Channel":"Security","Computer":"WORKSTATION6.mssentinel.local","TimeCreated":"2022-09-23T12:19:11.891Z","TimeGenerated":"2022-09-23T04:19:11.891Z","EventRecordID":"1490136","EventID":4658,"Message":"The handle to an object was closed.\r\n\r\nSubject :\r\n\tSecurity ID:\t\tS-1-5-21-1569727641-2518674866-3296776394-1104\r\n\tAccount Name:\t\tpgustavo\r\n\tAccount Domain:\t\tMSSENTINEL\r\n\tLogon ID:\t\t0xD06895\r\n\r\nObject:\r\n\tObject Server:\t\tSecurity\r\n\tHandle ID:\t\t0x1b00\r\n\r\nProcess Information:\r\n\tProcess ID:\t\t0x1e7c\r\n\tProcess Name:\t\tC:\\Windows\\System32\\WindowsPowerShell\\v1.0\\powershell.exe","EventData":"\u003cEventData xmlns=\"http://schemas.microsoft.com/win/2004/08/events/event\"\u003e\u003cData Name=\"SubjectUserSid\"\u003eS-1-5-21-1569727641-2518674866-3296776394-1104\u003c/Data\u003e\u003cData Name=\"SubjectUserName\"\u003epgustavo\u003c/Data\u003e\u003cData Name=\"SubjectDomainName\"\u003eMSSENTINEL\u003c/Data\u003e\u003cData Name=\"SubjectLogonId\"\u003e0xd06895\u003c/Data\u003e\u003cData Name=\"ObjectServer\"\u003eSecurity\u003c/Data\u003e\u003cData Name=\"HandleId\"\u003e0x1b00\u003c/Data\u003e\u003cData Name=\"ProcessId\"\u003e0x1e7c\u003c/Data\u003e\u003cData Name=\"ProcessName\"\u003eC:\\Windows\\System32\\WindowsPowerShell\\v1.0\\powershell.exe\u003c/Data\u003e\u003c/EventData\u003e","Task":"12801","SubjectUserSid":"S-1-5-21-1569727641-2518674866-3296776394-1104","SubjectUserName":"pgustavo","SubjectDomainName":"MSSENTINEL","SubjectLogonId":"0xd06895","ObjectServer":"Security","HandleId":"0x1b00","ProcessId":"0x1e7c","ProcessName":"C:\\Windows\\System32\\WindowsPowerShell\\v1.0\\powershell.exe"},{"EventSourceName":"Microsoft-Windows-Security-Auditing","Provider":"Microsoft-Windows-Security-Auditing","ProviderGuid":"{54849625-5478-4994-a5ba-3e3b0328c30d}","Level":"0","Keywords":"0x8020000000000000","Channel":"Security","Computer":"WORKSTATION6.mssentinel.local","TimeCreated":"2022-09-23T12:19:11.891Z","TimeGenerated":"2022-09-23T04:19:11.891Z","EventRecordID":"1490137","EventID":4656,"Message":"A handle to an object was requested.\r\n\r\nSubject:\r\n\tSecurity ID:\t\tS-1-5-21-1569727641-2518674866-3296776394-1104\r\n\tAccount Name:\t\tpgustavo\r\n\tAccount Domain:\t\tMSSENTINEL\r\n\tLogon ID:\t\t0xD06895\r\n\r\nObject:\r\n\tObject Server:\t\tSecurity\r\n\tObject Type:\t\tKey\r\n\tObject Name:\t\t\\REGISTRY\\MACHINE\\SOFTWARE\\Microsoft\\Windows\\CurrentVersion\\WSMAN\r\n\tHandle ID:\t\t0x494\r\n\tResource Attributes:\t-\r\n\r\nProcess Information:\r\n\tProcess ID:\t\t0x1e7c\r\n\tProcess Name:\t\tC:\\Windows\\System32\\WindowsPowerShell\\v1.0\\powershell.exe\r\n\r\nAccess Request Information:\r\n\tTransaction ID:\t\t{00000000-0000-0000-0000-000000000000}\r\n\tAccesses:\t\tREAD_CONTROL\r\n\t\t\t\tQuery key value\r\n\t\t\t\tEnumerate sub-keys\r\n\t\t\t\tNotify about changes to keys\r\n\t\t\t\t\r\n\tAccess Reasons:\t\t-\r\n\tAccess Mask:\t\t0x20019\r\n\tPrivileges Used for Access Check:\t-\r\n\tRestricted SID Count:\t0","EventData":"\u003cEventData xmlns=\"http://schemas.microsoft.com/win/2004/08/events/event\"\u003e\u003cData Name=\"SubjectUserSid\"\u003eS-1-5-21-1569727641-2518674866-3296776394-1104\u003c/Data\u003e\u003cData Name=\"SubjectUserName\"\u003epgustavo\u003c/Data\u003e\u003cData Name=\"SubjectDomainName\"\u003eMSSENTINEL\u003c/Data\u003e\u003cData Name=\"SubjectLogonId\"\u003e0xd06895\u003c/Data\u003e\u003cData Name=\"ObjectServer\"\u003eSecurity\u003c/Data\u003e\u003cData Name=\"ObjectType\"\u003eKey\u003c/Data\u003e\u003cData Name=\"ObjectName\"\u003e\\REGISTRY\\MACHINE\\SOFTWARE\\Microsoft\\Windows\\CurrentVersion\\WSMAN\u003c/Data\u003e\u003cData Name=\"HandleId\"\u003e0x494\u003c/Data\u003e\u003cData Name=\"TransactionId\"\u003e{00000000-0000-0000-0000-000000000000}\u003c/Data\u003e\u003cData Name=\"AccessList\"\u003e%%1538\n\t\t\t\t%%4432\n\t\t\t\t%%4435\n\t\t\t\t%%4436\n\t\t\t\t\u003c/Data\u003e\u003cData Name=\"AccessReason\"\u003e-\u003c/Data\u003e\u003cData Name=\"AccessMask\"\u003e0x20019\u003c/Data\u003e\u003cData Name=\"PrivilegeList\"\u003e-\u003c/Data\u003e\u003cData Name=\"RestrictedSidCount\"\u003e0\u003c/Data\u003e\u003cData Name=\"ProcessId\"\u003e0x1e7c\u003c/Data\u003e\u003cData Name=\"ProcessName\"\u003eC:\\Windows\\System32\\WindowsPowerShell\\v1.0\\powershell.exe\u003c/Data\u003e\u003cData Name=\"ResourceAttributes\"\u003e-\u003c/Data\u003e\u003c/EventData\u003e","Task":"12801","SubjectUserSid":"S-1-5-21-1569727641-2518674866-3296776394-1104","SubjectUserName":"pgustavo","SubjectDomainName":"MSSENTINEL","SubjectLogonId":"0xd06895","ObjectServer":"Security","ObjectType":"Key","ObjectName":"\\REGISTRY\\MACHINE\\SOFTWARE\\Microsoft\\Windows\\CurrentVersion\\WSMAN","HandleId":"0x494","TransactionId":"{00000000-0000-0000-0000-000000000000}","AccessList":"%%1538\n\t\t\t\t%%4432\n\t\t\t\t%%4435\n\t\t\t\t%%4436\n\t\t\t\t","AccessReason":"-","AccessMask":"0x20019","PrivilegeList":"-","RestrictedSidCount":"0","ProcessId":"0x1e7c","ProcessName":"C:\\Windows\\System32\\WindowsPowerShell\\v1.0\\powershell.exe","ResourceAttributes":"-"},{"EventSourceName":"Microsoft-Windows-Security-Auditing","Provider":"Microsoft-Windows-Security-Auditing","ProviderGuid":"{54849625-5478-4994-a5ba-3e3b0328c30d}","Level":"0","Keywords":"0x8020000000000000","Channel":"Security","Computer":"WORKSTATION6.mssentinel.local","TimeCreated":"2022-09-23T12:19:11.904Z","TimeGenerated":"2022-09-23T04:19:11.904Z","EventRecordID":"1490138","EventID":4690,"Message":"An attempt was made to duplicate a handle to an object.\r\n\r\nSubject:\r\n\tSecurity ID:\t\tS-1-5-21-1569727641-2518674866-3296776394-1104\r\n\tAccount Name:\t\tpgustavo\r\n\tAccount Domain:\t\tMSSENTINEL\r\n\tLogon ID:\t\t0xD06895\r\n\r\nSource Handle Information:\r\n\tSource Handle ID:\t0xac0\r\n\tSource Process ID:\t0x1e7c\r\n\r\nNew Handle Information:\r\n\tTarget Handle ID:\t0x1b00\r\n\tTarget Process ID:\t0x4","EventData":"\u003cEventData xmlns=\"http://schemas.microsoft.com/win/2004/08/events/event\"\u003e\u003cData Name=\"SubjectUserSid\"\u003eS-1-5-21-1569727641-2518674866-3296776394-1104\u003c/Data\u003e\u003cData Name=\"SubjectUserName\"\u003epgustavo\u003c/Data\u003e\u003cData Name=\"SubjectDomainName\"\u003eMSSENTINEL\u003c/Data\u003e\u003cData Name=\"SubjectLogonId\"\u003e0xd06895\u003c/Data\u003e\u003cData Name=\"SourceHandleId\"\u003e0xac0\u003c/Data\u003e\u003cData Name=\"SourceProcessId\"\u003e0x1e7c\u003c/Data\u003e\u003cData Name=\"TargetHandleId\"\u003e0x1b00\u003c/Data\u003e\u003cData Name=\"TargetProcessId\"\u003e0x4\u003c/Data\u003e\u003c/EventData\u003e","Task":"12807","SubjectUserSid":"S-1-5-21-1569727641-2518674866-3296776394-1104","SubjectUserName":"pgustavo","SubjectDomainName":"MSSENTINEL","SubjectLogonId":"0xd06895","SourceHandleId":"0xac0","SourceProcessId":"0x1e7c","TargetHandleId":"0x1b00","TargetProcessId":"0x4"},{"EventSourceName":"Microsoft-Windows-Security-Auditing","Provider":"Microsoft-Windows-Security-Auditing","ProviderGuid":"{54849625-5478-4994-a5ba-3e3b0328c30d}","Level":"0","Keywords":"0x8020000000000000","Channel":"Security","Computer":"WORKSTATION6.mssentinel.local","TimeCreated":"2022-09-23T12:19:11.904Z","TimeGenerated":"2022-09-23T04:19:11.904Z","EventRecordID":"1490139","EventID":4658,"Message":"The handle to an object was closed.\r\n\r\nSubject :\r\n\tSecurity ID:\t\tS-1-5-21-1569727641-2518674866-3296776394-1104\r\n\tAccount Name:\t\tpgustavo\r\n\tAccount Domain:\t\tMSSENTINEL\r\n\tLogon ID:\t\t0xD06895\r\n\r\nObject:\r\n\tObject Server:\t\tSecurity\r\n\tHandle ID:\t\t0x1b00\r\n\r\nProcess Information:\r\n\tProcess ID:\t\t0x1e7c\r\n\tProcess Name:\t\tC:\\Windows\\System32\\WindowsPowerShell\\v1.0\\powershell.exe","EventData":"\u003cEventData xmlns=\"http://schemas.microsoft.com/win/2004/08/events/event\"\u003e\u003cData Name=\"SubjectUserSid\"\u003eS-1-5-21-1569727641-2518674866-3296776394-1104\u003c/Data\u003e\u003cData Name=\"SubjectUserName\"\u003epgustavo\u003c/Data\u003e\u003cData Name=\"SubjectDomainName\"\u003eMSSENTINEL\u003c/Data\u003e\u003cData Name=\"SubjectLogonId\"\u003e0xd06895\u003c/Data\u003e\u003cData Name=\"ObjectServer\"\u003eSecurity\u003c/Data\u003e\u003cData Name=\"HandleId\"\u003e0x1b00\u003c/Data\u003e\u003cData Name=\"ProcessId\"\u003e0x1e7c\u003c/Data\u003e\u003cData Name=\"ProcessName\"\u003eC:\\Windows\\System32\\WindowsPowerShell\\v1.0\\powershell.exe\u003c/Data\u003e\u003c/EventData\u003e","Task":"12801","SubjectUserSid":"S-1-5-21-1569727641-2518674866-3296776394-1104","SubjectUserName":"pgustavo","SubjectDomainName":"MSSENTINEL","SubjectLogonId":"0xd06895","ObjectServer":"Security","HandleId":"0x1b00","ProcessId":"0x1e7c","ProcessName":"C:\\Windows\\System32\\WindowsPowerShell\\v1.0\\powershell.exe"},{"EventSourceName":"Microsoft-Windows-Security-Auditing","Provider":"Microsoft-Windows-Security-Auditing","ProviderGuid":"{54849625-5478-4994-a5ba-3e3b0328c30d}","Level":"0","Keywords":"0x8020000000000000","Channel":"Security","Computer":"WORKSTATION6.mssentinel.local","TimeCreated":"2022-09-23T12:19:11.904Z","TimeGenerated":"2022-09-23T04:19:11.904Z","EventRecordID":"1490140","EventID":4656,"Message":"A handle to an object was requested.\r\n\r\nSubject:\r\n\tSecurity ID:\t\tS-1-5-21-1569727641-2518674866-3296776394-1104\r\n\tAccount Name:\t\tpgustavo\r\n\tAccount Domain:\t\tMSSENTINEL\r\n\tLogon ID:\t\t0xD06895\r\n\r\nObject:\r\n\tObject Server:\t\tSecurity\r\n\tObject Type:\t\tKey\r\n\tObject Name:\t\t\\REGISTRY\\MACHINE\\SOFTWARE\\Microsoft\\Windows NT\\CurrentVersion\\Winlogon\r\n\tHandle ID:\t\t0xac0\r\n\tResource Attributes:\t-\r\n\r\nProcess Information:\r\n\tProcess ID:\t\t0x1e7c\r\n\tProcess Name:\t\tC:\\Windows\\System32\\WindowsPowerShell\\v1.0\\powershell.exe\r\n\r\nAccess Request Information:\r\n\tTransaction ID:\t\t{00000000-0000-0000-0000-000000000000}\r\n\tAccesses:\t\tREAD_CONTROL\r\n\t\t\t\tQuery key value\r\n\t\t\t\tEnumerate sub-keys\r\n\t\t\t\tNotify about changes to keys\r\n\t\t\t\t\r\n\tAccess Reasons:\t\t-\r\n\tAccess Mask:\t\t0x20019\r\n\tPrivileges Used for Access Check:\t-\r\n\tRestricted SID Count:\t0","EventData":"\u003cEventData xmlns=\"http://schemas.microsoft.com/win/2004/08/events/event\"\u003e\u003cData Name=\"SubjectUserSid\"\u003eS-1-5-21-1569727641-2518674866-3296776394-1104\u003c/Data\u003e\u003cData Name=\"SubjectUserName\"\u003epgustavo\u003c/Data\u003e\u003cData Name=\"SubjectDomainName\"\u003eMSSENTINEL\u003c/Data\u003e\u003cData Name=\"SubjectLogonId\"\u003e0xd06895\u003c/Data\u003e\u003cData Name=\"ObjectServer\"\u003eSecurity\u003c/Data\u003e\u003cData Name=\"ObjectType\"\u003eKey\u003c/Data\u003e\u003cData Name=\"ObjectName\"\u003e\\REGISTRY\\MACHINE\\SOFTWARE\\Microsoft\\Windows NT\\CurrentVersion\\Winlogon\u003c/Data\u003e\u003cData Name=\"HandleId\"\u003e0xac0\u003c/Data\u003e\u003cData Name=\"TransactionId\"\u003e{00000000-0000-0000-0000-000000000000}\u003c/Data\u003e\u003cData Name=\"AccessList\"\u003e%%1538\n\t\t\t\t%%4432\n\t\t\t\t%%4435\n\t\t\t\t%%4436\n\t\t\t\t\u003c/Data\u003e\u003cData Name=\"AccessReason\"\u003e-\u003c/Data\u003e\u003cData Name=\"AccessMask\"\u003e0x20019\u003c/Data\u003e\u003cData Name=\"PrivilegeList\"\u003e-\u003c/Data\u003e\u003cData Name=\"RestrictedSidCount\"\u003e0\u003c/Data\u003e\u003cData Name=\"ProcessId\"\u003e0x1e7c\u003c/Data\u003e\u003cData Name=\"ProcessName\"\u003eC:\\Windows\\System32\\WindowsPowerShell\\v1.0\\powershell.exe\u003c/Data\u003e\u003cData Name=\"ResourceAttributes\"\u003e-\u003c/Data\u003e\u003c/EventData\u003e","Task":"12801","SubjectUserSid":"S-1-5-21-1569727641-2518674866-3296776394-1104","SubjectUserName":"pgustavo","SubjectDomainName":"MSSENTINEL","SubjectLogonId":"0xd06895","ObjectServer":"Security","ObjectType":"Key","ObjectName":"\\REGISTRY\\MACHINE\\SOFTWARE\\Microsoft\\Windows NT\\CurrentVersion\\Winlogon","HandleId":"0xac0","TransactionId":"{00000000-0000-0000-0000-000000000000}","AccessList":"%%1538\n\t\t\t\t%%4432\n\t\t\t\t%%4435\n\t\t\t\t%%4436\n\t\t\t\t","AccessReason":"-","AccessMask":"0x20019","PrivilegeList":"-","RestrictedSidCount":"0","ProcessId":"0x1e7c","ProcessName":"C:\\Windows\\System32\\WindowsPowerShell\\v1.0\\powershell.exe","ResourceAttributes":"-"},{"EventSourceName":"Microsoft-Windows-Security-Auditing","Provider":"Microsoft-Windows-Security-Auditing","ProviderGuid":"{54849625-5478-4994-a5ba-3e3b0328c30d}","Level":"0","Keywords":"0x8020000000000000","Channel":"Security","Computer":"WORKSTATION6.mssentinel.local","TimeCreated":"2022-09-23T12:19:11.904Z","TimeGenerated":"2022-09-23T04:19:11.904Z","EventRecordID":"1490141","EventID":4663,"Message":"An attempt was made to access an object.\r\n\r\nSubject:\r\n\tSecurity ID:\t\tS-1-5-21-1569727641-2518674866-3296776394-1104\r\n\tAccount Name:\t\tpgustavo\r\n\tAccount Domain:\t\tMSSENTINEL\r\n\tLogon ID:\t\t0xD06895\r\n\r\nObject:\r\n\tObject Server:\t\tSecurity\r\n\tObject Type:\t\tKey\r\n\tObject Name:\t\t\\REGISTRY\\MACHINE\\SOFTWARE\\Microsoft\\Windows NT\\CurrentVersion\\Winlogon\r\n\tHandle ID:\t\t0xac0\r\n\tResource Attributes:\t-\r\n\r\nProcess Information:\r\n\tProcess ID:\t\t0x1e7c\r\n\tProcess Name:\t\tC:\\Windows\\System32\\WindowsPowerShell\\v1.0\\powershell.exe\r\n\r\nAccess Request Information:\r\n\tAccesses:\t\tQuery key value\r\n\t\t\t\t\r\n\tAccess Mask:\t\t0x1","EventData":"\u003cEventData xmlns=\"http://schemas.microsoft.com/win/2004/08/events/event\"\u003e\u003cData Name=\"SubjectUserSid\"\u003eS-1-5-21-1569727641-2518674866-3296776394-1104\u003c/Data\u003e\u003cData Name=\"SubjectUserName\"\u003epgustavo\u003c/Data\u003e\u003cData Name=\"SubjectDomainName\"\u003eMSSENTINEL\u003c/Data\u003e\u003cData Name=\"SubjectLogonId\"\u003e0xd06895\u003c/Data\u003e\u003cData Name=\"ObjectServer\"\u003eSecurity\u003c/Data\u003e\u003cData Name=\"ObjectType\"\u003eKey\u003c/Data\u003e\u003cData Name=\"ObjectName\"\u003e\\REGISTRY\\MACHINE\\SOFTWARE\\Microsoft\\Windows NT\\CurrentVersion\\Winlogon\u003c/Data\u003e\u003cData Name=\"HandleId\"\u003e0xac0\u003c/Data\u003e\u003cData Name=\"AccessList\"\u003e%%4432\n\t\t\t\t\u003c/Data\u003e\u003cData Name=\"AccessMask\"\u003e0x1\u003c/Data\u003e\u003cData Name=\"ProcessId\"\u003e0x1e7c\u003c/Data\u003e\u003cData Name=\"ProcessName\"\u003eC:\\Windows\\System32\\WindowsPowerShell\\v1.0\\powershell.exe\u003c/Data\u003e\u003cData Name=\"ResourceAttributes\"\u003e-\u003c/Data\u003e\u003c/EventData\u003e","Task":"12801","SubjectUserSid":"S-1-5-21-1569727641-2518674866-3296776394-1104","SubjectUserName":"pgustavo","SubjectDomainName":"MSSENTINEL","SubjectLogonId":"0xd06895","ObjectServer":"Security","ObjectType":"Key","ObjectName":"\\REGISTRY\\MACHINE\\SOFTWARE\\Microsoft\\Windows NT\\CurrentVersion\\Winlogon","HandleId":"0xac0","AccessList":"%%4432\n\t\t\t\t","AccessMask":"0x1","ProcessId":"0x1e7c","ProcessName":"C:\\Windows\\System32\\WindowsPowerShell\\v1.0\\powershell.exe","ResourceAttributes":"-"},{"EventSourceName":"Microsoft-Windows-Security-Auditing","Provider":"Microsoft-Windows-Security-Auditing","ProviderGuid":"{54849625-5478-4994-a5ba-3e3b0328c30d}","Level":"0","Keywords":"0x8020000000000000","Channel":"Security","Computer":"WORKSTATION6.mssentinel.local","TimeCreated":"2022-09-23T12:19:11.904Z","TimeGenerated":"2022-09-23T04:19:11.904Z","EventRecordID":"1490142","EventID":4658,"Message":"The handle to an object was closed.\r\n\r\nSubject :\r\n\tSecurity ID:\t\tS-1-5-21-1569727641-2518674866-3296776394-1104\r\n\tAccount Name:\t\tpgustavo\r\n\tAccount Domain:\t\tMSSENTINEL\r\n\tLogon ID:\t\t0xD06895\r\n\r\nObject:\r\n\tObject Server:\t\tSecurity\r\n\tHandle ID:\t\t0xac0\r\n\r\nProcess Information:\r\n\tProcess ID:\t\t0x1e7c\r\n\tProcess Name:\t\tC:\\Windows\\System32\\WindowsPowerShell\\v1.0\\powershell.exe","EventData":"\u003cEventData xmlns=\"http://schemas.microsoft.com/win/2004/08/events/event\"\u003e\u003cData Name=\"SubjectUserSid\"\u003eS-1-5-21-1569727641-2518674866-3296776394-1104\u003c/Data\u003e\u003cData Name=\"SubjectUserName\"\u003epgustavo\u003c/Data\u003e\u003cData Name=\"SubjectDomainName\"\u003eMSSENTINEL\u003c/Data\u003e\u003cData Name=\"SubjectLogonId\"\u003e0xd06895\u003c/Data\u003e\u003cData Name=\"ObjectServer\"\u003eSecurity\u003c/Data\u003e\u003cData Name=\"HandleId\"\u003e0xac0\u003c/Data\u003e\u003cData Name=\"ProcessId\"\u003e0x1e7c\u003c/Data\u003e\u003cData Name=\"ProcessName\"\u003eC:\\Windows\\System32\\WindowsPowerShell\\v1.0\\powershell.exe\u003c/Data\u003e\u003c/EventData\u003e","Task":"12801","SubjectUserSid":"S-1-5-21-1569727641-2518674866-3296776394-1104","SubjectUserName":"pgustavo","SubjectDomainName":"MSSENTINEL","SubjectLogonId":"0xd06895","ObjectServer":"Security","HandleId":"0xac0","ProcessId":"0x1e7c","ProcessName":"C:\\Windows\\System32\\WindowsPowerShell\\v1.0\\powershell.exe"},{"EventSourceName":"Microsoft-Windows-Security-Auditing","Provider":"Microsoft-Windows-Security-Auditing","ProviderGuid":"{54849625-5478-4994-a5ba-3e3b0328c30d}","Level":"0","Keywords":"0x8020000000000000","Channel":"Security","Computer":"WORKSTATION6.mssentinel.local","TimeCreated":"2022-09-23T12:19:11.919Z","TimeGenerated":"2022-09-23T04:19:11.919Z","EventRecordID":"1490143","EventID":5158,"Message":"The Windows Filtering Platform has permitted a bind to a local port.\r\n\r\nApplication Information:\r\n\tProcess ID:\t\t788\r\n\tApplication Name:\t\\device\\harddiskvolume2\\windows\\system32\\lsass.exe\r\n\r\nNetwork Information:\r\n\tSource Address:\t\t0.0.0.0\r\n\tSource Port:\t\t53149\r\n\tProtocol:\t\t6\r\n\r\nFilter Information:\r\n\tFilter Run-Time ID:\t0\r\n\tLayer Name:\t\tResource Assignment\r\n\tLayer Run-Time ID:\t36","EventData":"\u003cEventData xmlns=\"http://schemas.microsoft.com/win/2004/08/events/event\"\u003e\u003cData Name=\"ProcessId\"\u003e788\u003c/Data\u003e\u003cData Name=\"Application\"\u003e\\device\\harddiskvolume2\\windows\\system32\\lsass.exe\u003c/Data\u003e\u003cData Name=\"SourceAddress\"\u003e0.0.0.0\u003c/Data\u003e\u003cData Name=\"SourcePort\"\u003e53149\u003c/Data\u003e\u003cData Name=\"Protocol\"\u003e6\u003c/Data\u003e\u003cData Name=\"FilterRTID\"\u003e0\u003c/Data\u003e\u003cData Name=\"LayerName\"\u003e%%14608\u003c/Data\u003e\u003cData Name=\"LayerRTID\"\u003e36\u003c/Data\u003e\u003c/EventData\u003e","Task":"12810","ProcessId":"788","Application":"\\device\\harddiskvolume2\\windows\\system32\\lsass.exe","SourceAddress":"0.0.0.0","SourcePort":"53149","Protocol":"6","FilterRTID":"0","LayerName":"%%14608","LayerRTID":"36"},{"EventSourceName":"Microsoft-Windows-Security-Auditing","Provider":"Microsoft-Windows-Security-Auditing","ProviderGuid":"{54849625-5478-4994-a5ba-3e3b0328c30d}","Level":"0","Keywords":"0x8020000000000000","Channel":"Security","Computer":"WORKSTATION6.mssentinel.local","TimeCreated":"2022-09-23T12:19:11.919Z","TimeGenerated":"2022-09-23T04:19:11.919Z","EventRecordID":"1490144","EventID":5156,"Message":"The Windows Filtering Platform has permitted a connection.\r\n\r\nApplication Information:\r\n\tProcess ID:\t\t788\r\n\tApplication Name:\t\\device\\harddiskvolume2\\windows\\system32\\lsass.exe\r\n\r\nNetwork Information:\r\n\tDirection:\t\tOutbound\r\n\tSource Address:\t\t192.168.2.6\r\n\tSource Port:\t\t53149\r\n\tDestination Address:\t192.168.2.4\r\n\tDestination Port:\t\t88\r\n\tProtocol:\t\t6\r\n\r\nFilter Information:\r\n\tFilter Run-Time ID:\t80075\r\n\tLayer Name:\t\tConnect\r\n\tLayer Run-Time ID:\t48","EventData":"\u003cEventData xmlns=\"http://schemas.microsoft.com/win/2004/08/events/event\"\u003e\u003cData Name=\"ProcessID\"\u003e788\u003c/Data\u003e\u003cData Name=\"Application\"\u003e\\device\\harddiskvolume2\\windows\\system32\\lsass.exe\u003c/Data\u003e\u003cData Name=\"Direction\"\u003e%%14593\u003c/Data\u003e\u003cData Name=\"SourceAddress\"\u003e192.168.2.6\u003c/Data\u003e\u003cData Name=\"SourcePort\"\u003e53149\u003c/Data\u003e\u003cData Name=\"DestAddress\"\u003e192.168.2.4\u003c/Data\u003e\u003cData Name=\"DestPort\"\u003e88\u003c/Data\u003e\u003cData Name=\"Protocol\"\u003e6\u003c/Data\u003e\u003cData Name=\"FilterRTID\"\u003e80075\u003c/Data\u003e\u003cData Name=\"LayerName\"\u003e%%14611\u003c/Data\u003e\u003cData Name=\"LayerRTID\"\u003e48\u003c/Data\u003e\u003cData Name=\"RemoteUserID\"\u003eS-1-0-0\u003c/Data\u003e\u003cData Name=\"RemoteMachineID\"\u003eS-1-0-0\u003c/Data\u003e\u003c/EventData\u003e","Task":"12810","ProcessID":"788","Application":"\\device\\harddiskvolume2\\windows\\system32\\lsass.exe","Direction":"%%14593","SourceAddress":"192.168.2.6","SourcePort":"53149","DestAddress":"192.168.2.4","DestPort":"88","Protocol":"6","FilterRTID":"80075","LayerName":"%%14611","LayerRTID":"48","RemoteUserID":"S-1-0-0","RemoteMachineID":"S-1-0-0"},{"EventSourceName":"Microsoft-Windows-Security-Auditing","Provider":"Microsoft-Windows-Security-Auditing","ProviderGuid":"{54849625-5478-4994-a5ba-3e3b0328c30d}","Level":"0","Keywords":"0x8020000000000000","Channel":"Security","Computer":"WORKSTATION6.mssentinel.local","TimeCreated":"2022-09-23T12:19:11.922Z","TimeGenerated":"2022-09-23T04:19:11.922Z","EventRecordID":"1490145","EventID":5158,"Message":"The Windows Filtering Platform has permitted a bind to a local port.\r\n\r\nApplication Information:\r\n\tProcess ID:\t\t788\r\n\tApplication Name:\t\\device\\harddiskvolume2\\windows\\system32\\lsass.exe\r\n\r\nNetwork Information:\r\n\tSource Address:\t\t0.0.0.0\r\n\tSource Port:\t\t53150\r\n\tProtocol:\t\t6\r\n\r\nFilter Information:\r\n\tFilter Run-Time ID:\t0\r\n\tLayer Name:\t\tResource Assignment\r\n\tLayer Run-Time ID:\t36","EventData":"\u003cEventData xmlns=\"http://schemas.microsoft.com/win/2004/08/events/event\"\u003e\u003cData Name=\"ProcessId\"\u003e788\u003c/Data\u003e\u003cData Name=\"Application\"\u003e\\device\\harddiskvolume2\\windows\\system32\\lsass.exe\u003c/Data\u003e\u003cData Name=\"SourceAddress\"\u003e0.0.0.0\u003c/Data\u003e\u003cData Name=\"SourcePort\"\u003e53150\u003c/Data\u003e\u003cData Name=\"Protocol\"\u003e6\u003c/Data\u003e\u003cData Name=\"FilterRTID\"\u003e0\u003c/Data\u003e\u003cData Name=\"LayerName\"\u003e%%14608\u003c/Data\u003e\u003cData Name=\"LayerRTID\"\u003e36\u003c/Data\u003e\u003c/EventData\u003e","Task":"12810","ProcessId":"788","Application":"\\device\\harddiskvolume2\\windows\\system32\\lsass.exe","SourceAddress":"0.0.0.0","SourcePort":"53150","Protocol":"6","FilterRTID":"0","LayerName":"%%14608","LayerRTID":"36"},{"EventSourceName":"Microsoft-Windows-Security-Auditing","Provider":"Microsoft-Windows-Security-Auditing","ProviderGuid":"{54849625-5478-4994-a5ba-3e3b0328c30d}","Level":"0","Keywords":"0x8020000000000000","Channel":"Security","Computer":"WORKSTATION6.mssentinel.local","TimeCreated":"2022-09-23T12:19:11.922Z","TimeGenerated":"2022-09-23T04:19:11.922Z","EventRecordID":"1490146","EventID":5156,"Message":"The Windows Filtering Platform has permitted a connection.\r\n\r\nApplication Information:\r\n\tProcess ID:\t\t788\r\n\tApplication Name:\t\\device\\harddiskvolume2\\windows\\system32\\lsass.exe\r\n\r\nNetwork Information:\r\n\tDirection:\t\tOutbound\r\n\tSource Address:\t\t192.168.2.6\r\n\tSource Port:\t\t53150\r\n\tDestination Address:\t192.168.2.4\r\n\tDestination Port:\t\t88\r\n\tProtocol:\t\t6\r\n\r\nFilter Information:\r\n\tFilter Run-Time ID:\t80075\r\n\tLayer Name:\t\tConnect\r\n\tLayer Run-Time ID:\t48","EventData":"\u003cEventData xmlns=\"http://schemas.microsoft.com/win/2004/08/events/event\"\u003e\u003cData Name=\"ProcessID\"\u003e788\u003c/Data\u003e\u003cData Name=\"Application\"\u003e\\device\\harddiskvolume2\\windows\\system32\\lsass.exe\u003c/Data\u003e\u003cData Name=\"Direction\"\u003e%%14593\u003c/Data\u003e\u003cData Name=\"SourceAddress\"\u003e192.168.2.6\u003c/Data\u003e\u003cData Name=\"SourcePort\"\u003e53150\u003c/Data\u003e\u003cData Name=\"DestAddress\"\u003e192.168.2.4\u003c/Data\u003e\u003cData Name=\"DestPort\"\u003e88\u003c/Data\u003e\u003cData Name=\"Protocol\"\u003e6\u003c/Data\u003e\u003cData Name=\"FilterRTID\"\u003e80075\u003c/Data\u003e\u003cData Name=\"LayerName\"\u003e%%14611\u003c/Data\u003e\u003cData Name=\"LayerRTID\"\u003e48\u003c/Data\u003e\u003cData Name=\"RemoteUserID\"\u003eS-1-0-0\u003c/Data\u003e\u003cData Name=\"RemoteMachineID\"\u003eS-1-0-0\u003c/Data\u003e\u003c/EventData\u003e","Task":"12810","ProcessID":"788","Application":"\\device\\harddiskvolume2\\windows\\system32\\lsass.exe","Direction":"%%14593","SourceAddress":"192.168.2.6","SourcePort":"53150","DestAddress":"192.168.2.4","DestPort":"88","Protocol":"6","FilterRTID":"80075","LayerName":"%%14611","LayerRTID":"48","RemoteUserID":"S-1-0-0","RemoteMachineID":"S-1-0-0"},{"EventSourceName":"Microsoft-Windows-Security-Auditing","Provider":"Microsoft-Windows-Security-Auditing","ProviderGuid":"{54849625-5478-4994-a5ba-3e3b0328c30d}","Level":"0","Keywords":"0x8020000000000000","Channel":"Security","Computer":"WORKSTATION6.mssentinel.local","TimeCreated":"2022-09-23T12:19:11.925Z","TimeGenerated":"2022-09-23T04:19:11.925Z","EventRecordID":"1490147","EventID":5158,"Message":"The Windows Filtering Platform has permitted a bind to a local port.\r\n\r\nApplication Information:\r\n\tProcess ID:\t\t788\r\n\tApplication Name:\t\\device\\harddiskvolume2\\windows\\system32\\lsass.exe\r\n\r\nNetwork Information:\r\n\tSource Address:\t\t0.0.0.0\r\n\tSource Port:\t\t53151\r\n\tProtocol:\t\t6\r\n\r\nFilter Information:\r\n\tFilter Run-Time ID:\t0\r\n\tLayer Name:\t\tResource Assignment\r\n\tLayer Run-Time ID:\t36","EventData":"\u003cEventData xmlns=\"http://schemas.microsoft.com/win/2004/08/events/event\"\u003e\u003cData Name=\"ProcessId\"\u003e788\u003c/Data\u003e\u003cData Name=\"Application\"\u003e\\device\\harddiskvolume2\\windows\\system32\\lsass.exe\u003c/Data\u003e\u003cData Name=\"SourceAddress\"\u003e0.0.0.0\u003c/Data\u003e\u003cData Name=\"SourcePort\"\u003e53151\u003c/Data\u003e\u003cData Name=\"Protocol\"\u003e6\u003c/Data\u003e\u003cData Name=\"FilterRTID\"\u003e0\u003c/Data\u003e\u003cData Name=\"LayerName\"\u003e%%14608\u003c/Data\u003e\u003cData Name=\"LayerRTID\"\u003e36\u003c/Data\u003e\u003c/EventData\u003e","Task":"12810","ProcessId":"788","Application":"\\device\\harddiskvolume2\\windows\\system32\\lsass.exe","SourceAddress":"0.0.0.0","SourcePort":"53151","Protocol":"6","FilterRTID":"0","LayerName":"%%14608","LayerRTID":"36"},{"EventSourceName":"Microsoft-Windows-Security-Auditing","Provider":"Microsoft-Windows-Security-Auditing","ProviderGuid":"{54849625-5478-4994-a5ba-3e3b0328c30d}","Level":"0","Keywords":"0x8020000000000000","Channel":"Security","Computer":"WORKSTATION6.mssentinel.local","TimeCreated":"2022-09-23T12:19:11.925Z","TimeGenerated":"2022-09-23T04:19:11.925Z","EventRecordID":"1490148","EventID":5156,"Message":"The Windows Filtering Platform has permitted a connection.\r\n\r\nApplication Information:\r\n\tProcess ID:\t\t788\r\n\tApplication Name:\t\\device\\harddiskvolume2\\windows\\system32\\lsass.exe\r\n\r\nNetwork Information:\r\n\tDirection:\t\tOutbound\r\n\tSource Address:\t\t192.168.2.6\r\n\tSource Port:\t\t53151\r\n\tDestination Address:\t192.168.2.4\r\n\tDestination Port:\t\t88\r\n\tProtocol:\t\t6\r\n\r\nFilter Information:\r\n\tFilter Run-Time ID:\t80075\r\n\tLayer Name:\t\tConnect\r\n\tLayer Run-Time ID:\t48","EventData":"\u003cEventData xmlns=\"http://schemas.microsoft.com/win/2004/08/events/event\"\u003e\u003cData Name=\"ProcessID\"\u003e788\u003c/Data\u003e\u003cData Name=\"Application\"\u003e\\device\\harddiskvolume2\\windows\\system32\\lsass.exe\u003c/Data\u003e\u003cData Name=\"Direction\"\u003e%%14593\u003c/Data\u003e\u003cData Name=\"SourceAddress\"\u003e192.168.2.6\u003c/Data\u003e\u003cData Name=\"SourcePort\"\u003e53151\u003c/Data\u003e\u003cData Name=\"DestAddress\"\u003e192.168.2.4\u003c/Data\u003e\u003cData Name=\"DestPort\"\u003e88\u003c/Data\u003e\u003cData Name=\"Protocol\"\u003e6\u003c/Data\u003e\u003cData Name=\"FilterRTID\"\u003e80075\u003c/Data\u003e\u003cData Name=\"LayerName\"\u003e%%14611\u003c/Data\u003e\u003cData Name=\"LayerRTID\"\u003e48\u003c/Data\u003e\u003cData Name=\"RemoteUserID\"\u003eS-1-0-0\u003c/Data\u003e\u003cData Name=\"RemoteMachineID\"\u003eS-1-0-0\u003c/Data\u003e\u003c/EventData\u003e","Task":"12810","ProcessID":"788","Application":"\\device\\harddiskvolume2\\windows\\system32\\lsass.exe","Direction":"%%14593","SourceAddress":"192.168.2.6","SourcePort":"53151","DestAddress":"192.168.2.4","DestPort":"88","Protocol":"6","FilterRTID":"80075","LayerName":"%%14611","LayerRTID":"48","RemoteUserID":"S-1-0-0","RemoteMachineID":"S-1-0-0"},{"EventSourceName":"Microsoft-Windows-Security-Auditing","Provider":"Microsoft-Windows-Security-Auditing","ProviderGuid":"{54849625-5478-4994-a5ba-3e3b0328c30d}","Level":"0","Keywords":"0x8020000000000000","Channel":"Security","Computer":"WORKSTATION6.mssentinel.local","TimeCreated":"2022-09-23T12:19:11.927Z","TimeGenerated":"2022-09-23T04:19:11.927Z","EventRecordID":"1490149","EventID":5158,"Message":"The Windows Filtering Platform has permitted a bind to a local port.\r\n\r\nApplication Information:\r\n\tProcess ID:\t\t788\r\n\tApplication Name:\t\\device\\harddiskvolume2\\windows\\system32\\lsass.exe\r\n\r\nNetwork Information:\r\n\tSource Address:\t\t0.0.0.0\r\n\tSource Port:\t\t53152\r\n\tProtocol:\t\t6\r\n\r\nFilter Information:\r\n\tFilter Run-Time ID:\t0\r\n\tLayer Name:\t\tResource Assignment\r\n\tLayer Run-Time ID:\t36","EventData":"\u003cEventData xmlns=\"http://schemas.microsoft.com/win/2004/08/events/event\"\u003e\u003cData Name=\"ProcessId\"\u003e788\u003c/Data\u003e\u003cData Name=\"Application\"\u003e\\device\\harddiskvolume2\\windows\\system32\\lsass.exe\u003c/Data\u003e\u003cData Name=\"SourceAddress\"\u003e0.0.0.0\u003c/Data\u003e\u003cData Name=\"SourcePort\"\u003e53152\u003c/Data\u003e\u003cData Name=\"Protocol\"\u003e6\u003c/Data\u003e\u003cData Name=\"FilterRTID\"\u003e0\u003c/Data\u003e\u003cData Name=\"LayerName\"\u003e%%14608\u003c/Data\u003e\u003cData Name=\"LayerRTID\"\u003e36\u003c/Data\u003e\u003c/EventData\u003e","Task":"12810","ProcessId":"788","Application":"\\device\\harddiskvolume2\\windows\\system32\\lsass.exe","SourceAddress":"0.0.0.0","SourcePort":"53152","Protocol":"6","FilterRTID":"0","LayerName":"%%14608","LayerRTID":"36"},{"EventSourceName":"Microsoft-Windows-Security-Auditing","Provider":"Microsoft-Windows-Security-Auditing","ProviderGuid":"{54849625-5478-4994-a5ba-3e3b0328c30d}","Level":"0","Keywords":"0x8020000000000000","Channel":"Security","Computer":"WORKSTATION6.mssentinel.local","TimeCreated":"2022-09-23T12:19:11.927Z","TimeGenerated":"2022-09-23T04:19:11.927Z","EventRecordID":"1490150","EventID":5156,"Message":"The Windows Filtering Platform has permitted a connection.\r\n\r\nApplication Information:\r\n\tProcess ID:\t\t788\r\n\tApplication Name:\t\\device\\harddiskvolume2\\windows\\system32\\lsass.exe\r\n\r\nNetwork Information:\r\n\tDirection:\t\tOutbound\r\n\tSource Address:\t\t192.168.2.6\r\n\tSource Port:\t\t53152\r\n\tDestination Address:\t192.168.2.4\r\n\tDestination Port:\t\t88\r\n\tProtocol:\t\t6\r\n\r\nFilter Information:\r\n\tFilter Run-Time ID:\t80075\r\n\tLayer Name:\t\tConnect\r\n\tLayer Run-Time ID:\t48","EventData":"\u003cEventData xmlns=\"http://schemas.microsoft.com/win/2004/08/events/event\"\u003e\u003cData Name=\"ProcessID\"\u003e788\u003c/Data\u003e\u003cData Name=\"Application\"\u003e\\device\\harddiskvolume2\\windows\\system32\\lsass.exe\u003c/Data\u003e\u003cData Name=\"Direction\"\u003e%%14593\u003c/Data\u003e\u003cData Name=\"SourceAddress\"\u003e192.168.2.6\u003c/Data\u003e\u003cData Name=\"SourcePort\"\u003e53152\u003c/Data\u003e\u003cData Name=\"DestAddress\"\u003e192.168.2.4\u003c/Data\u003e\u003cData Name=\"DestPort\"\u003e88\u003c/Data\u003e\u003cData Name=\"Protocol\"\u003e6\u003c/Data\u003e\u003cData Name=\"FilterRTID\"\u003e80075\u003c/Data\u003e\u003cData Name=\"LayerName\"\u003e%%14611\u003c/Data\u003e\u003cData Name=\"LayerRTID\"\u003e48\u003c/Data\u003e\u003cData Name=\"RemoteUserID\"\u003eS-1-0-0\u003c/Data\u003e\u003cData Name=\"RemoteMachineID\"\u003eS-1-0-0\u003c/Data\u003e\u003c/EventData\u003e","Task":"12810","ProcessID":"788","Application":"\\device\\harddiskvolume2\\windows\\system32\\lsass.exe","Direction":"%%14593","SourceAddress":"192.168.2.6","SourcePort":"53152","DestAddress":"192.168.2.4","DestPort":"88","Protocol":"6","FilterRTID":"80075","LayerName":"%%14611","LayerRTID":"48","RemoteUserID":"S-1-0-0","RemoteMachineID":"S-1-0-0"},{"EventSourceName":"Microsoft-Windows-Security-Auditing","Provider":"Microsoft-Windows-Security-Auditing","ProviderGuid":"{54849625-5478-4994-a5ba-3e3b0328c30d}","Level":"0","Keywords":"0x8020000000000000","Channel":"Security","Computer":"WORKSTATION6.mssentinel.local","TimeCreated":"2022-09-23T12:19:11.944Z","TimeGenerated":"2022-09-23T04:19:11.944Z","EventRecordID":"1490151","EventID":5158,"Message":"The Windows Filtering Platform has permitted a bind to a local port.\r\n\r\nApplication Information:\r\n\tProcess ID:\t\t7804\r\n\tApplication Name:\t\\device\\harddiskvolume2\\windows\\system32\\windowspowershell\\v1.0\\powershell.exe\r\n\r\nNetwork Information:\r\n\tSource Address:\t\t0.0.0.0\r\n\tSource Port:\t\t53153\r\n\tProtocol:\t\t6\r\n\r\nFilter Information:\r\n\tFilter Run-Time ID:\t0\r\n\tLayer Name:\t\tResource Assignment\r\n\tLayer Run-Time ID:\t36","EventData":"\u003cEventData xmlns=\"http://schemas.microsoft.com/win/2004/08/events/event\"\u003e\u003cData Name=\"ProcessId\"\u003e7804\u003c/Data\u003e\u003cData Name=\"Application\"\u003e\\device\\harddiskvolume2\\windows\\system32\\windowspowershell\\v1.0\\powershell.exe\u003c/Data\u003e\u003cData Name=\"SourceAddress\"\u003e0.0.0.0\u003c/Data\u003e\u003cData Name=\"SourcePort\"\u003e53153\u003c/Data\u003e\u003cData Name=\"Protocol\"\u003e6\u003c/Data\u003e\u003cData Name=\"FilterRTID\"\u003e0\u003c/Data\u003e\u003cData Name=\"LayerName\"\u003e%%14608\u003c/Data\u003e\u003cData Name=\"LayerRTID\"\u003e36\u003c/Data\u003e\u003c/EventData\u003e","Task":"12810","ProcessId":"7804","Application":"\\device\\harddiskvolume2\\windows\\system32\\windowspowershell\\v1.0\\powershell.exe","SourceAddress":"0.0.0.0","SourcePort":"53153","Protocol":"6","FilterRTID":"0","LayerName":"%%14608","LayerRTID":"36"},{"EventSourceName":"Microsoft-Windows-Security-Auditing","Provider":"Microsoft-Windows-Security-Auditing","ProviderGuid":"{54849625-5478-4994-a5ba-3e3b0328c30d}","Level":"0","Keywords":"0x8020000000000000","Channel":"Security","Computer":"WORKSTATION6.mssentinel.local","TimeCreated":"2022-09-23T12:19:11.946Z","TimeGenerated":"2022-09-23T04:19:11.946Z","EventRecordID":"1490152","EventID":5156,"Message":"The Windows Filtering Platform has permitted a connection.\r\n\r\nApplication Information:\r\n\tProcess ID:\t\t7804\r\n\tApplication Name:\t\\device\\harddiskvolume2\\windows\\system32\\windowspowershell\\v1.0\\powershell.exe\r\n\r\nNetwork Information:\r\n\tDirection:\t\tOutbound\r\n\tSource Address:\t\t192.168.2.6\r\n\tSource Port:\t\t53153\r\n\tDestination Address:\t192.168.2.4\r\n\tDestination Port:\t\t5985\r\n\tProtocol:\t\t6\r\n\r\nFilter Information:\r\n\tFilter Run-Time ID:\t80075\r\n\tLayer Name:\t\tConnect\r\n\tLayer Run-Time ID:\t48","EventData":"\u003cEventData xmlns=\"http://schemas.microsoft.com/win/2004/08/events/event\"\u003e\u003cData Name=\"ProcessID\"\u003e7804\u003c/Data\u003e\u003cData Name=\"Application\"\u003e\\device\\harddiskvolume2\\windows\\system32\\windowspowershell\\v1.0\\powershell.exe\u003c/Data\u003e\u003cData Name=\"Direction\"\u003e%%14593\u003c/Data\u003e\u003cData Name=\"SourceAddress\"\u003e192.168.2.6\u003c/Data\u003e\u003cData Name=\"SourcePort\"\u003e53153\u003c/Data\u003e\u003cData Name=\"DestAddress\"\u003e192.168.2.4\u003c/Data\u003e\u003cData Name=\"DestPort\"\u003e5985\u003c/Data\u003e\u003cData Name=\"Protocol\"\u003e6\u003c/Data\u003e\u003cData Name=\"FilterRTID\"\u003e80075\u003c/Data\u003e\u003cData Name=\"LayerName\"\u003e%%14611\u003c/Data\u003e\u003cData Name=\"LayerRTID\"\u003e48\u003c/Data\u003e\u003cData Name=\"RemoteUserID\"\u003eS-1-0-0\u003c/Data\u003e\u003cData Name=\"RemoteMachineID\"\u003eS-1-0-0\u003c/Data\u003e\u003c/EventData\u003e","Task":"12810","ProcessID":"7804","Application":"\\device\\harddiskvolume2\\windows\\system32\\windowspowershell\\v1.0\\powershell.exe","Direction":"%%14593","SourceAddress":"192.168.2.6","SourcePort":"53153","DestAddress":"192.168.2.4","DestPort":"5985","Protocol":"6","FilterRTID":"80075","LayerName":"%%14611","LayerRTID":"48","RemoteUserID":"S-1-0-0","RemoteMachineID":"S-1-0-0"},{"EventSourceName":"Microsoft-Windows-Security-Auditing","Provider":"Microsoft-Windows-Security-Auditing","ProviderGuid":"{54849625-5478-4994-a5ba-3e3b0328c30d}","Level":"0","Keywords":"0x8020000000000000","Channel":"Security","Computer":"WORKSTATION6.mssentinel.local","TimeCreated":"2022-09-23T12:19:12.170Z","TimeGenerated":"2022-09-23T04:19:12.170Z","EventRecordID":"1490159","EventID":5158,"Message":"The Windows Filtering Platform has permitted a bind to a local port.\r\n\r\nApplication Information:\r\n\tProcess ID:\t\t7804\r\n\tApplication Name:\t\\device\\harddiskvolume2\\windows\\system32\\windowspowershell\\v1.0\\powershell.exe\r\n\r\nNetwork Information:\r\n\tSource Address:\t\t0.0.0.0\r\n\tSource Port:\t\t53157\r\n\tProtocol:\t\t6\r\n\r\nFilter Information:\r\n\tFilter Run-Time ID:\t0\r\n\tLayer Name:\t\tResource Assignment\r\n\tLayer Run-Time ID:\t36","EventData":"\u003cEventData xmlns=\"http://schemas.microsoft.com/win/2004/08/events/event\"\u003e\u003cData Name=\"ProcessId\"\u003e7804\u003c/Data\u003e\u003cData Name=\"Application\"\u003e\\device\\harddiskvolume2\\windows\\system32\\windowspowershell\\v1.0\\powershell.exe\u003c/Data\u003e\u003cData Name=\"SourceAddress\"\u003e0.0.0.0\u003c/Data\u003e\u003cData Name=\"SourcePort\"\u003e53157\u003c/Data\u003e\u003cData Name=\"Protocol\"\u003e6\u003c/Data\u003e\u003cData Name=\"FilterRTID\"\u003e0\u003c/Data\u003e\u003cData Name=\"LayerName\"\u003e%%14608\u003c/Data\u003e\u003cData Name=\"LayerRTID\"\u003e36\u003c/Data\u003e\u003c/EventData\u003e","Task":"12810","ProcessId":"7804","Application":"\\device\\harddiskvolume2\\windows\\system32\\windowspowershell\\v1.0\\powershell.exe","SourceAddress":"0.0.0.0","SourcePort":"53157","Protocol":"6","FilterRTID":"0","LayerName":"%%14608","LayerRTID":"36"},{"EventSourceName":"Microsoft-Windows-Security-Auditing","Provider":"Microsoft-Windows-Security-Auditing","ProviderGuid":"{54849625-5478-4994-a5ba-3e3b0328c30d}","Level":"0","Keywords":"0x8020000000000000","Channel":"Security","Computer":"WORKSTATION6.mssentinel.local","TimeCreated":"2022-09-23T12:19:12.170Z","TimeGenerated":"2022-09-23T04:19:12.170Z","EventRecordID":"1490160","EventID":5156,"Message":"The Windows Filtering Platform has permitted a connection.\r\n\r\nApplication Information:\r\n\tProcess ID:\t\t7804\r\n\tApplication Name:\t\\device\\harddiskvolume2\\windows\\system32\\windowspowershell\\v1.0\\powershell.exe\r\n\r\nNetwork Information:\r\n\tDirection:\t\tOutbound\r\n\tSource Address:\t\t192.168.2.6\r\n\tSource Port:\t\t53157\r\n\tDestination Address:\t192.168.2.4\r\n\tDestination Port:\t\t5985\r\n\tProtocol:\t\t6\r\n\r\nFilter Information:\r\n\tFilter Run-Time ID:\t80075\r\n\tLayer Name:\t\tConnect\r\n\tLayer Run-Time ID:\t48","EventData":"\u003cEventData xmlns=\"http://schemas.microsoft.com/win/2004/08/events/event\"\u003e\u003cData Name=\"ProcessID\"\u003e7804\u003c/Data\u003e\u003cData Name=\"Application\"\u003e\\device\\harddiskvolume2\\windows\\system32\\windowspowershell\\v1.0\\powershell.exe\u003c/Data\u003e\u003cData Name=\"Direction\"\u003e%%14593\u003c/Data\u003e\u003cData Name=\"SourceAddress\"\u003e192.168.2.6\u003c/Data\u003e\u003cData Name=\"SourcePort\"\u003e53157\u003c/Data\u003e\u003cData Name=\"DestAddress\"\u003e192.168.2.4\u003c/Data\u003e\u003cData Name=\"DestPort\"\u003e5985\u003c/Data\u003e\u003cData Name=\"Protocol\"\u003e6\u003c/Data\u003e\u003cData Name=\"FilterRTID\"\u003e80075\u003c/Data\u003e\u003cData Name=\"LayerName\"\u003e%%14611\u003c/Data\u003e\u003cData Name=\"LayerRTID\"\u003e48\u003c/Data\u003e\u003cData Name=\"RemoteUserID\"\u003eS-1-0-0\u003c/Data\u003e\u003cData Name=\"RemoteMachineID\"\u003eS-1-0-0\u003c/Data\u003e\u003c/EventData\u003e","Task":"12810","ProcessID":"7804","Application":"\\device\\harddiskvolume2\\windows\\system32\\windowspowershell\\v1.0\\powershell.exe","Direction":"%%14593","SourceAddress":"192.168.2.6","SourcePort":"53157","DestAddress":"192.168.2.4","DestPort":"5985","Protocol":"6","FilterRTID":"80075","LayerName":"%%14611","LayerRTID":"48","RemoteUserID":"S-1-0-0","RemoteMachineID":"S-1-0-0"},{"EventSourceName":"Microsoft-Windows-Security-Auditing","Provider":"Microsoft-Windows-Security-Auditing","ProviderGuid":"{54849625-5478-4994-a5ba-3e3b0328c30d}","Level":"0","Keywords":"0x8020000000000000","Channel":"Security","Computer":"WORKSTATION6.mssentinel.local","TimeCreated":"2022-09-23T12:19:12.362Z","TimeGenerated":"2022-09-23T04:19:12.362Z","EventRecordID":"1490161","EventID":5158,"Message":"The Windows Filtering Platform has permitted a bind to a local port.\r\n\r\nApplication Information:\r\n\tProcess ID:\t\t7804\r\n\tApplication Name:\t\\device\\harddiskvolume2\\windows\\system32\\windowspowershell\\v1.0\\powershell.exe\r\n\r\nNetwork Information:\r\n\tSource Address:\t\t0.0.0.0\r\n\tSource Port:\t\t53158\r\n\tProtocol:\t\t6\r\n\r\nFilter Information:\r\n\tFilter Run-Time ID:\t0\r\n\tLayer Name:\t\tResource Assignment\r\n\tLayer Run-Time ID:\t36","EventData":"\u003cEventData xmlns=\"http://schemas.microsoft.com/win/2004/08/events/event\"\u003e\u003cData Name=\"ProcessId\"\u003e7804\u003c/Data\u003e\u003cData Name=\"Application\"\u003e\\device\\harddiskvolume2\\windows\\system32\\windowspowershell\\v1.0\\powershell.exe\u003c/Data\u003e\u003cData Name=\"SourceAddress\"\u003e0.0.0.0\u003c/Data\u003e\u003cData Name=\"SourcePort\"\u003e53158\u003c/Data\u003e\u003cData Name=\"Protocol\"\u003e6\u003c/Data\u003e\u003cData Name=\"FilterRTID\"\u003e0\u003c/Data\u003e\u003cData Name=\"LayerName\"\u003e%%14608\u003c/Data\u003e\u003cData Name=\"LayerRTID\"\u003e36\u003c/Data\u003e\u003c/EventData\u003e","Task":"12810","ProcessId":"7804","Application":"\\device\\harddiskvolume2\\windows\\system32\\windowspowershell\\v1.0\\powershell.exe","SourceAddress":"0.0.0.0","SourcePort":"53158","Protocol":"6","FilterRTID":"0","LayerName":"%%14608","LayerRTID":"36"},{"EventSourceName":"Microsoft-Windows-Security-Auditing","Provider":"Microsoft-Windows-Security-Auditing","ProviderGuid":"{54849625-5478-4994-a5ba-3e3b0328c30d}","Level":"0","Keywords":"0x8020000000000000","Channel":"Security","Computer":"WORKSTATION6.mssentinel.local","TimeCreated":"2022-09-23T12:19:12.362Z","TimeGenerated":"2022-09-23T04:19:12.362Z","EventRecordID":"1490162","EventID":5156,"Message":"The Windows Filtering Platform has permitted a connection.\r\n\r\nApplication Information:\r\n\tProcess ID:\t\t7804\r\n\tApplication Name:\t\\device\\harddiskvolume2\\windows\\system32\\windowspowershell\\v1.0\\powershell.exe\r\n\r\nNetwork Information:\r\n\tDirection:\t\tOutbound\r\n\tSource Address:\t\t192.168.2.6\r\n\tSource Port:\t\t53158\r\n\tDestination Address:\t192.168.2.4\r\n\tDestination Port:\t\t5985\r\n\tProtocol:\t\t6\r\n\r\nFilter Information:\r\n\tFilter Run-Time ID:\t80075\r\n\tLayer Name:\t\tConnect\r\n\tLayer Run-Time ID:\t48","EventData":"\u003cEventData xmlns=\"http://schemas.microsoft.com/win/2004/08/events/event\"\u003e\u003cData Name=\"ProcessID\"\u003e7804\u003c/Data\u003e\u003cData Name=\"Application\"\u003e\\device\\harddiskvolume2\\windows\\system32\\windowspowershell\\v1.0\\powershell.exe\u003c/Data\u003e\u003cData Name=\"Direction\"\u003e%%14593\u003c/Data\u003e\u003cData Name=\"SourceAddress\"\u003e192.168.2.6\u003c/Data\u003e\u003cData Name=\"SourcePort\"\u003e53158\u003c/Data\u003e\u003cData Name=\"DestAddress\"\u003e192.168.2.4\u003c/Data\u003e\u003cData Name=\"DestPort\"\u003e5985\u003c/Data\u003e\u003cData Name=\"Protocol\"\u003e6\u003c/Data\u003e\u003cData Name=\"FilterRTID\"\u003e80075\u003c/Data\u003e\u003cData Name=\"LayerName\"\u003e%%14611\u003c/Data\u003e\u003cData Name=\"LayerRTID\"\u003e48\u003c/Data\u003e\u003cData Name=\"RemoteUserID\"\u003eS-1-0-0\u003c/Data\u003e\u003cData Name=\"RemoteMachineID\"\u003eS-1-0-0\u003c/Data\u003e\u003c/EventData\u003e","Task":"12810","ProcessID":"7804","Application":"\\device\\harddiskvolume2\\windows\\system32\\windowspowershell\\v1.0\\powershell.exe","Direction":"%%14593","SourceAddress":"192.168.2.6","SourcePort":"53158","DestAddress":"192.168.2.4","DestPort":"5985","Protocol":"6","FilterRTID":"80075","LayerName":"%%14611","LayerRTID":"48","RemoteUserID":"S-1-0-0","RemoteMachineID":"S-1-0-0"},{"EventSourceName":"Microsoft-Windows-Security-Auditing","Provider":"Microsoft-Windows-Security-Auditing","ProviderGuid":"{54849625-5478-4994-a5ba-3e3b0328c30d}","Level":"0","Keywords":"0x8020000000000000","Channel":"Security","Computer":"WORKSTATION6.mssentinel.local","TimeCreated":"2022-09-23T12:19:13.035Z","TimeGenerated":"2022-09-23T04:19:13.035Z","EventRecordID":"1490163","EventID":5158,"Message":"The Windows Filtering Platform has permitted a bind to a local port.\r\n\r\nApplication Information:\r\n\tProcess ID:\t\t7804\r\n\tApplication Name:\t\\device\\harddiskvolume2\\windows\\system32\\windowspowershell\\v1.0\\powershell.exe\r\n\r\nNetwork Information:\r\n\tSource Address:\t\t0.0.0.0\r\n\tSource Port:\t\t53159\r\n\tProtocol:\t\t6\r\n\r\nFilter Information:\r\n\tFilter Run-Time ID:\t0\r\n\tLayer Name:\t\tResource Assignment\r\n\tLayer Run-Time ID:\t36","EventData":"\u003cEventData xmlns=\"http://schemas.microsoft.com/win/2004/08/events/event\"\u003e\u003cData Name=\"ProcessId\"\u003e7804\u003c/Data\u003e\u003cData Name=\"Application\"\u003e\\device\\harddiskvolume2\\windows\\system32\\windowspowershell\\v1.0\\powershell.exe\u003c/Data\u003e\u003cData Name=\"SourceAddress\"\u003e0.0.0.0\u003c/Data\u003e\u003cData Name=\"SourcePort\"\u003e53159\u003c/Data\u003e\u003cData Name=\"Protocol\"\u003e6\u003c/Data\u003e\u003cData Name=\"FilterRTID\"\u003e0\u003c/Data\u003e\u003cData Name=\"LayerName\"\u003e%%14608\u003c/Data\u003e\u003cData Name=\"LayerRTID\"\u003e36\u003c/Data\u003e\u003c/EventData\u003e","Task":"12810","ProcessId":"7804","Application":"\\device\\harddiskvolume2\\windows\\system32\\windowspowershell\\v1.0\\powershell.exe","SourceAddress":"0.0.0.0","SourcePort":"53159","Protocol":"6","FilterRTID":"0","LayerName":"%%14608","LayerRTID":"36"},{"EventSourceName":"Microsoft-Windows-Security-Auditing","Provider":"Microsoft-Windows-Security-Auditing","ProviderGuid":"{54849625-5478-4994-a5ba-3e3b0328c30d}","Level":"0","Keywords":"0x8020000000000000","Channel":"Security","Computer":"WORKSTATION6.mssentinel.local","TimeCreated":"2022-09-23T12:19:13.035Z","TimeGenerated":"2022-09-23T04:19:13.035Z","EventRecordID":"1490164","EventID":5156,"Message":"The Windows Filtering Platform has permitted a connection.\r\n\r\nApplication Information:\r\n\tProcess ID:\t\t7804\r\n\tApplication Name:\t\\device\\harddiskvolume2\\windows\\system32\\windowspowershell\\v1.0\\powershell.exe\r\n\r\nNetwork Information:\r\n\tDirection:\t\tOutbound\r\n\tSource Address:\t\t192.168.2.6\r\n\tSource Port:\t\t53159\r\n\tDestination Address:\t192.168.2.4\r\n\tDestination Port:\t\t5985\r\n\tProtocol:\t\t6\r\n\r\nFilter Information:\r\n\tFilter Run-Time ID:\t80075\r\n\tLayer Name:\t\tConnect\r\n\tLayer Run-Time ID:\t48","EventData":"\u003cEventData xmlns=\"http://schemas.microsoft.com/win/2004/08/events/event\"\u003e\u003cData Name=\"ProcessID\"\u003e7804\u003c/Data\u003e\u003cData Name=\"Application\"\u003e\\device\\harddiskvolume2\\windows\\system32\\windowspowershell\\v1.0\\powershell.exe\u003c/Data\u003e\u003cData Name=\"Direction\"\u003e%%14593\u003c/Data\u003e\u003cData Name=\"SourceAddress\"\u003e192.168.2.6\u003c/Data\u003e\u003cData Name=\"SourcePort\"\u003e53159\u003c/Data\u003e\u003cData Name=\"DestAddress\"\u003e192.168.2.4\u003c/Data\u003e\u003cData Name=\"DestPort\"\u003e5985\u003c/Data\u003e\u003cData Name=\"Protocol\"\u003e6\u003c/Data\u003e\u003cData Name=\"FilterRTID\"\u003e80075\u003c/Data\u003e\u003cData Name=\"LayerName\"\u003e%%14611\u003c/Data\u003e\u003cData Name=\"LayerRTID\"\u003e48\u003c/Data\u003e\u003cData Name=\"RemoteUserID\"\u003eS-1-0-0\u003c/Data\u003e\u003cData Name=\"RemoteMachineID\"\u003eS-1-0-0\u003c/Data\u003e\u003c/EventData\u003e","Task":"12810","ProcessID":"7804","Application":"\\device\\harddiskvolume2\\windows\\system32\\windowspowershell\\v1.0\\powershell.exe","Direction":"%%14593","SourceAddress":"192.168.2.6","SourcePort":"53159","DestAddress":"192.168.2.4","DestPort":"5985","Protocol":"6","FilterRTID":"80075","LayerName":"%%14611","LayerRTID":"48","RemoteUserID":"S-1-0-0","RemoteMachineID":"S-1-0-0"},{"EventSourceName":"Microsoft-Windows-Security-Auditing","Provider":"Microsoft-Windows-Security-Auditing","ProviderGuid":"{54849625-5478-4994-a5ba-3e3b0328c30d}","Level":"0","Keywords":"0x8020000000000000","Channel":"Security","Computer":"WORKSTATION6.mssentinel.local","TimeCreated":"2022-09-23T12:19:13.047Z","TimeGenerated":"2022-09-23T04:19:13.047Z","EventRecordID":"1490165","EventID":4690,"Message":"An attempt was made to duplicate a handle to an object.\r\n\r\nSubject:\r\n\tSecurity ID:\t\tS-1-5-21-1569727641-2518674866-3296776394-1104\r\n\tAccount Name:\t\tpgustavo\r\n\tAccount Domain:\t\tMSSENTINEL\r\n\tLogon ID:\t\t0xD06895\r\n\r\nSource Handle Information:\r\n\tSource Handle ID:\t0xac8\r\n\tSource Process ID:\t0x1e7c\r\n\r\nNew Handle Information:\r\n\tTarget Handle ID:\t0x1c40\r\n\tTarget Process ID:\t0x4","EventData":"\u003cEventData xmlns=\"http://schemas.microsoft.com/win/2004/08/events/event\"\u003e\u003cData Name=\"SubjectUserSid\"\u003eS-1-5-21-1569727641-2518674866-3296776394-1104\u003c/Data\u003e\u003cData Name=\"SubjectUserName\"\u003epgustavo\u003c/Data\u003e\u003cData Name=\"SubjectDomainName\"\u003eMSSENTINEL\u003c/Data\u003e\u003cData Name=\"SubjectLogonId\"\u003e0xd06895\u003c/Data\u003e\u003cData Name=\"SourceHandleId\"\u003e0xac8\u003c/Data\u003e\u003cData Name=\"SourceProcessId\"\u003e0x1e7c\u003c/Data\u003e\u003cData Name=\"TargetHandleId\"\u003e0x1c40\u003c/Data\u003e\u003cData Name=\"TargetProcessId\"\u003e0x4\u003c/Data\u003e\u003c/EventData\u003e","Task":"12807","SubjectUserSid":"S-1-5-21-1569727641-2518674866-3296776394-1104","SubjectUserName":"pgustavo","SubjectDomainName":"MSSENTINEL","SubjectLogonId":"0xd06895","SourceHandleId":"0xac8","SourceProcessId":"0x1e7c","TargetHandleId":"0x1c40","TargetProcessId":"0x4"},{"EventSourceName":"Microsoft-Windows-Security-Auditing","Provider":"Microsoft-Windows-Security-Auditing","ProviderGuid":"{54849625-5478-4994-a5ba-3e3b0328c30d}","Level":"0","Keywords":"0x8020000000000000","Channel":"Security","Computer":"WORKSTATION6.mssentinel.local","TimeCreated":"2022-09-23T12:19:13.047Z","TimeGenerated":"2022-09-23T04:19:13.047Z","EventRecordID":"1490166","EventID":4658,"Message":"The handle to an object was closed.\r\n\r\nSubject :\r\n\tSecurity ID:\t\tS-1-5-21-1569727641-2518674866-3296776394-1104\r\n\tAccount Name:\t\tpgustavo\r\n\tAccount Domain:\t\tMSSENTINEL\r\n\tLogon ID:\t\t0xD06895\r\n\r\nObject:\r\n\tObject Server:\t\tSecurity\r\n\tHandle ID:\t\t0x1c40\r\n\r\nProcess Information:\r\n\tProcess ID:\t\t0x1e7c\r\n\tProcess Name:\t\tC:\\Windows\\System32\\WindowsPowerShell\\v1.0\\powershell.exe","EventData":"\u003cEventData xmlns=\"http://schemas.microsoft.com/win/2004/08/events/event\"\u003e\u003cData Name=\"SubjectUserSid\"\u003eS-1-5-21-1569727641-2518674866-3296776394-1104\u003c/Data\u003e\u003cData Name=\"SubjectUserName\"\u003epgustavo\u003c/Data\u003e\u003cData Name=\"SubjectDomainName\"\u003eMSSENTINEL\u003c/Data\u003e\u003cData Name=\"SubjectLogonId\"\u003e0xd06895\u003c/Data\u003e\u003cData Name=\"ObjectServer\"\u003eSecurity\u003c/Data\u003e\u003cData Name=\"HandleId\"\u003e0x1c40\u003c/Data\u003e\u003cData Name=\"ProcessId\"\u003e0x1e7c\u003c/Data\u003e\u003cData Name=\"ProcessName\"\u003eC:\\Windows\\System32\\WindowsPowerShell\\v1.0\\powershell.exe\u003c/Data\u003e\u003c/EventData\u003e","Task":"12801","SubjectUserSid":"S-1-5-21-1569727641-2518674866-3296776394-1104","SubjectUserName":"pgustavo","SubjectDomainName":"MSSENTINEL","SubjectLogonId":"0xd06895","ObjectServer":"Security","HandleId":"0x1c40","ProcessId":"0x1e7c","ProcessName":"C:\\Windows\\System32\\WindowsPowerShell\\v1.0\\powershell.exe"},{"EventSourceName":"Microsoft-Windows-Security-Auditing","Provider":"Microsoft-Windows-Security-Auditing","ProviderGuid":"{54849625-5478-4994-a5ba-3e3b0328c30d}","Level":"0","Keywords":"0x8020000000000000","Channel":"Security","Computer":"WORKSTATION6.mssentinel.local","TimeCreated":"2022-09-23T12:19:13.047Z","TimeGenerated":"2022-09-23T04:19:13.047Z","EventRecordID":"1490167","EventID":4656,"Message":"A handle to an object was requested.\r\n\r\nSubject:\r\n\tSecurity ID:\t\tS-1-5-21-1569727641-2518674866-3296776394-1104\r\n\tAccount Name:\t\tpgustavo\r\n\tAccount Domain:\t\tMSSENTINEL\r\n\tLogon ID:\t\t0xD06895\r\n\r\nObject:\r\n\tObject Server:\t\tSecurity\r\n\tObject Type:\t\tKey\r\n\tObject Name:\t\t\\REGISTRY\\MACHINE\\SOFTWARE\\Microsoft\\Windows NT\\CurrentVersion\\Winlogon\r\n\tHandle ID:\t\t0xac8\r\n\tResource Attributes:\t-\r\n\r\nProcess Information:\r\n\tProcess ID:\t\t0x1e7c\r\n\tProcess Name:\t\tC:\\Windows\\System32\\WindowsPowerShell\\v1.0\\powershell.exe\r\n\r\nAccess Request Information:\r\n\tTransaction ID:\t\t{00000000-0000-0000-0000-000000000000}\r\n\tAccesses:\t\tREAD_CONTROL\r\n\t\t\t\tQuery key value\r\n\t\t\t\tEnumerate sub-keys\r\n\t\t\t\tNotify about changes to keys\r\n\t\t\t\t\r\n\tAccess Reasons:\t\t-\r\n\tAccess Mask:\t\t0x20019\r\n\tPrivileges Used for Access Check:\t-\r\n\tRestricted SID Count:\t0","EventData":"\u003cEventData xmlns=\"http://schemas.microsoft.com/win/2004/08/events/event\"\u003e\u003cData Name=\"SubjectUserSid\"\u003eS-1-5-21-1569727641-2518674866-3296776394-1104\u003c/Data\u003e\u003cData Name=\"SubjectUserName\"\u003epgustavo\u003c/Data\u003e\u003cData Name=\"SubjectDomainName\"\u003eMSSENTINEL\u003c/Data\u003e\u003cData Name=\"SubjectLogonId\"\u003e0xd06895\u003c/Data\u003e\u003cData Name=\"ObjectServer\"\u003eSecurity\u003c/Data\u003e\u003cData Name=\"ObjectType\"\u003eKey\u003c/Data\u003e\u003cData Name=\"ObjectName\"\u003e\\REGISTRY\\MACHINE\\SOFTWARE\\Microsoft\\Windows NT\\CurrentVersion\\Winlogon\u003c/Data\u003e\u003cData Name=\"HandleId\"\u003e0xac8\u003c/Data\u003e\u003cData Name=\"TransactionId\"\u003e{00000000-0000-0000-0000-000000000000}\u003c/Data\u003e\u003cData Name=\"AccessList\"\u003e%%1538\n\t\t\t\t%%4432\n\t\t\t\t%%4435\n\t\t\t\t%%4436\n\t\t\t\t\u003c/Data\u003e\u003cData Name=\"AccessReason\"\u003e-\u003c/Data\u003e\u003cData Name=\"AccessMask\"\u003e0x20019\u003c/Data\u003e\u003cData Name=\"PrivilegeList\"\u003e-\u003c/Data\u003e\u003cData Name=\"RestrictedSidCount\"\u003e0\u003c/Data\u003e\u003cData Name=\"ProcessId\"\u003e0x1e7c\u003c/Data\u003e\u003cData Name=\"ProcessName\"\u003eC:\\Windows\\System32\\WindowsPowerShell\\v1.0\\powershell.exe\u003c/Data\u003e\u003cData Name=\"ResourceAttributes\"\u003e-\u003c/Data\u003e\u003c/EventData\u003e","Task":"12801","SubjectUserSid":"S-1-5-21-1569727641-2518674866-3296776394-1104","SubjectUserName":"pgustavo","SubjectDomainName":"MSSENTINEL","SubjectLogonId":"0xd06895","ObjectServer":"Security","ObjectType":"Key","ObjectName":"\\REGISTRY\\MACHINE\\SOFTWARE\\Microsoft\\Windows NT\\CurrentVersion\\Winlogon","HandleId":"0xac8","TransactionId":"{00000000-0000-0000-0000-000000000000}","AccessList":"%%1538\n\t\t\t\t%%4432\n\t\t\t\t%%4435\n\t\t\t\t%%4436\n\t\t\t\t","AccessReason":"-","AccessMask":"0x20019","PrivilegeList":"-","RestrictedSidCount":"0","ProcessId":"0x1e7c","ProcessName":"C:\\Windows\\System32\\WindowsPowerShell\\v1.0\\powershell.exe","ResourceAttributes":"-"},{"EventSourceName":"Microsoft-Windows-Security-Auditing","Provider":"Microsoft-Windows-Security-Auditing","ProviderGuid":"{54849625-5478-4994-a5ba-3e3b0328c30d}","Level":"0","Keywords":"0x8020000000000000","Channel":"Security","Computer":"WORKSTATION6.mssentinel.local","TimeCreated":"2022-09-23T12:19:13.047Z","TimeGenerated":"2022-09-23T04:19:13.047Z","EventRecordID":"1490168","EventID":4663,"Message":"An attempt was made to access an object.\r\n\r\nSubject:\r\n\tSecurity ID:\t\tS-1-5-21-1569727641-2518674866-3296776394-1104\r\n\tAccount Name:\t\tpgustavo\r\n\tAccount Domain:\t\tMSSENTINEL\r\n\tLogon ID:\t\t0xD06895\r\n\r\nObject:\r\n\tObject Server:\t\tSecurity\r\n\tObject Type:\t\tKey\r\n\tObject Name:\t\t\\REGISTRY\\MACHINE\\SOFTWARE\\Microsoft\\Windows NT\\CurrentVersion\\Winlogon\r\n\tHandle ID:\t\t0xac8\r\n\tResource Attributes:\t-\r\n\r\nProcess Information:\r\n\tProcess ID:\t\t0x1e7c\r\n\tProcess Name:\t\tC:\\Windows\\System32\\WindowsPowerShell\\v1.0\\powershell.exe\r\n\r\nAccess Request Information:\r\n\tAccesses:\t\tQuery key value\r\n\t\t\t\t\r\n\tAccess Mask:\t\t0x1","EventData":"\u003cEventData xmlns=\"http://schemas.microsoft.com/win/2004/08/events/event\"\u003e\u003cData Name=\"SubjectUserSid\"\u003eS-1-5-21-1569727641-2518674866-3296776394-1104\u003c/Data\u003e\u003cData Name=\"SubjectUserName\"\u003epgustavo\u003c/Data\u003e\u003cData Name=\"SubjectDomainName\"\u003eMSSENTINEL\u003c/Data\u003e\u003cData Name=\"SubjectLogonId\"\u003e0xd06895\u003c/Data\u003e\u003cData Name=\"ObjectServer\"\u003eSecurity\u003c/Data\u003e\u003cData Name=\"ObjectType\"\u003eKey\u003c/Data\u003e\u003cData Name=\"ObjectName\"\u003e\\REGISTRY\\MACHINE\\SOFTWARE\\Microsoft\\Windows NT\\CurrentVersion\\Winlogon\u003c/Data\u003e\u003cData Name=\"HandleId\"\u003e0xac8\u003c/Data\u003e\u003cData Name=\"AccessList\"\u003e%%4432\n\t\t\t\t\u003c/Data\u003e\u003cData Name=\"AccessMask\"\u003e0x1\u003c/Data\u003e\u003cData Name=\"ProcessId\"\u003e0x1e7c\u003c/Data\u003e\u003cData Name=\"ProcessName\"\u003eC:\\Windows\\System32\\WindowsPowerShell\\v1.0\\powershell.exe\u003c/Data\u003e\u003cData Name=\"ResourceAttributes\"\u003e-\u003c/Data\u003e\u003c/EventData\u003e","Task":"12801","SubjectUserSid":"S-1-5-21-1569727641-2518674866-3296776394-1104","SubjectUserName":"pgustavo","SubjectDomainName":"MSSENTINEL","SubjectLogonId":"0xd06895","ObjectServer":"Security","ObjectType":"Key","ObjectName":"\\REGISTRY\\MACHINE\\SOFTWARE\\Microsoft\\Windows NT\\CurrentVersion\\Winlogon","HandleId":"0xac8","AccessList":"%%4432\n\t\t\t\t","AccessMask":"0x1","ProcessId":"0x1e7c","ProcessName":"C:\\Windows\\System32\\WindowsPowerShell\\v1.0\\powershell.exe","ResourceAttributes":"-"},{"EventSourceName":"Microsoft-Windows-Security-Auditing","Provider":"Microsoft-Windows-Security-Auditing","ProviderGuid":"{54849625-5478-4994-a5ba-3e3b0328c30d}","Level":"0","Keywords":"0x8020000000000000","Channel":"Security","Computer":"WORKSTATION6.mssentinel.local","TimeCreated":"2022-09-23T12:19:13.047Z","TimeGenerated":"2022-09-23T04:19:13.047Z","EventRecordID":"1490169","EventID":4658,"Message":"The handle to an object was closed.\r\n\r\nSubject :\r\n\tSecurity ID:\t\tS-1-5-21-1569727641-2518674866-3296776394-1104\r\n\tAccount Name:\t\tpgustavo\r\n\tAccount Domain:\t\tMSSENTINEL\r\n\tLogon ID:\t\t0xD06895\r\n\r\nObject:\r\n\tObject Server:\t\tSecurity\r\n\tHandle ID:\t\t0xac8\r\n\r\nProcess Information:\r\n\tProcess ID:\t\t0x1e7c\r\n\tProcess Name:\t\tC:\\Windows\\System32\\WindowsPowerShell\\v1.0\\powershell.exe","EventData":"\u003cEventData xmlns=\"http://schemas.microsoft.com/win/2004/08/events/event\"\u003e\u003cData Name=\"SubjectUserSid\"\u003eS-1-5-21-1569727641-2518674866-3296776394-1104\u003c/Data\u003e\u003cData Name=\"SubjectUserName\"\u003epgustavo\u003c/Data\u003e\u003cData Name=\"SubjectDomainName\"\u003eMSSENTINEL\u003c/Data\u003e\u003cData Name=\"SubjectLogonId\"\u003e0xd06895\u003c/Data\u003e\u003cData Name=\"ObjectServer\"\u003eSecurity\u003c/Data\u003e\u003cData Name=\"HandleId\"\u003e0xac8\u003c/Data\u003e\u003cData Name=\"ProcessId\"\u003e0x1e7c\u003c/Data\u003e\u003cData Name=\"ProcessName\"\u003eC:\\Windows\\System32\\WindowsPowerShell\\v1.0\\powershell.exe\u003c/Data\u003e\u003c/EventData\u003e","Task":"12801","SubjectUserSid":"S-1-5-21-1569727641-2518674866-3296776394-1104","SubjectUserName":"pgustavo","SubjectDomainName":"MSSENTINEL","SubjectLogonId":"0xd06895","ObjectServer":"Security","HandleId":"0xac8","ProcessId":"0x1e7c","ProcessName":"C:\\Windows\\System32\\WindowsPowerShell\\v1.0\\powershell.exe"},{"EventSourceName":"Microsoft-Windows-Security-Auditing","Provider":"Microsoft-Windows-Security-Auditing","ProviderGuid":"{54849625-5478-4994-a5ba-3e3b0328c30d}","Level":"0","Keywords":"0x8020000000000000","Channel":"Security","Computer":"WORKSTATION6.mssentinel.local","TimeCreated":"2022-09-23T12:19:14.127Z","TimeGenerated":"2022-09-23T04:19:14.127Z","EventRecordID":"1490170","EventID":5158,"Message":"The Windows Filtering Platform has permitted a bind to a local port.\r\n\r\nApplication Information:\r\n\tProcess ID:\t\t1472\r\n\tApplication Name:\t\\device\\harddiskvolume2\\windows\\system32\\svchost.exe\r\n\r\nNetwork Information:\r\n\tSource Address:\t\t::\r\n\tSource Port:\t\t55300\r\n\tProtocol:\t\t17\r\n\r\nFilter Information:\r\n\tFilter Run-Time ID:\t0\r\n\tLayer Name:\t\tResource Assignment\r\n\tLayer Run-Time ID:\t36","EventData":"\u003cEventData xmlns=\"http://schemas.microsoft.com/win/2004/08/events/event\"\u003e\u003cData Name=\"ProcessId\"\u003e1472\u003c/Data\u003e\u003cData Name=\"Application\"\u003e\\device\\harddiskvolume2\\windows\\system32\\svchost.exe\u003c/Data\u003e\u003cData Name=\"SourceAddress\"\u003e::\u003c/Data\u003e\u003cData Name=\"SourcePort\"\u003e55300\u003c/Data\u003e\u003cData Name=\"Protocol\"\u003e17\u003c/Data\u003e\u003cData Name=\"FilterRTID\"\u003e0\u003c/Data\u003e\u003cData Name=\"LayerName\"\u003e%%14608\u003c/Data\u003e\u003cData Name=\"LayerRTID\"\u003e36\u003c/Data\u003e\u003c/EventData\u003e","Task":"12810","ProcessId":"1472","Application":"\\device\\harddiskvolume2\\windows\\system32\\svchost.exe","SourceAddress":"::","SourcePort":"55300","Protocol":"17","FilterRTID":"0","LayerName":"%%14608","LayerRTID":"36"},{"EventSourceName":"Microsoft-Windows-Security-Auditing","Provider":"Microsoft-Windows-Security-Auditing","ProviderGuid":"{54849625-5478-4994-a5ba-3e3b0328c30d}","Level":"0","Keywords":"0x8020000000000000","Channel":"Security","Computer":"WORKSTATION6.mssentinel.local","TimeCreated":"2022-09-23T12:19:14.127Z","TimeGenerated":"2022-09-23T04:19:14.127Z","EventRecordID":"1490171","EventID":5158,"Message":"The Windows Filtering Platform has permitted a bind to a local port.\r\n\r\nApplication Information:\r\n\tProcess ID:\t\t1472\r\n\tApplication Name:\t\\device\\harddiskvolume2\\windows\\system32\\svchost.exe\r\n\r\nNetwork Information:\r\n\tSource Address:\t\t::\r\n\tSource Port:\t\t55300\r\n\tProtocol:\t\t17\r\n\r\nFilter Information:\r\n\tFilter Run-Time ID:\t0\r\n\tLayer Name:\t\tResource Assignment\r\n\tLayer Run-Time ID:\t38","EventData":"\u003cEventData xmlns=\"http://schemas.microsoft.com/win/2004/08/events/event\"\u003e\u003cData Name=\"ProcessId\"\u003e1472\u003c/Data\u003e\u003cData Name=\"Application\"\u003e\\device\\harddiskvolume2\\windows\\system32\\svchost.exe\u003c/Data\u003e\u003cData Name=\"SourceAddress\"\u003e::\u003c/Data\u003e\u003cData Name=\"SourcePort\"\u003e55300\u003c/Data\u003e\u003cData Name=\"Protocol\"\u003e17\u003c/Data\u003e\u003cData Name=\"FilterRTID\"\u003e0\u003c/Data\u003e\u003cData Name=\"LayerName\"\u003e%%14608\u003c/Data\u003e\u003cData Name=\"LayerRTID\"\u003e38\u003c/Data\u003e\u003c/EventData\u003e","Task":"12810","ProcessId":"1472","Application":"\\device\\harddiskvolume2\\windows\\system32\\svchost.exe","SourceAddress":"::","SourcePort":"55300","Protocol":"17","FilterRTID":"0","LayerName":"%%14608","LayerRTID":"38"},{"EventSourceName":"Microsoft-Windows-Security-Auditing","Provider":"Microsoft-Windows-Security-Auditing","ProviderGuid":"{54849625-5478-4994-a5ba-3e3b0328c30d}","Level":"0","Keywords":"0x8020000000000000","Channel":"Security","Computer":"WORKSTATION6.mssentinel.local","TimeCreated":"2022-09-23T12:19:14.127Z","TimeGenerated":"2022-09-23T04:19:14.127Z","EventRecordID":"1490172","EventID":5156,"Message":"The Windows Filtering Platform has permitted a connection.\r\n\r\nApplication Information:\r\n\tProcess ID:\t\t1472\r\n\tApplication Name:\t\\device\\harddiskvolume2\\windows\\system32\\svchost.exe\r\n\r\nNetwork Information:\r\n\tDirection:\t\tOutbound\r\n\tSource Address:\t\t192.168.2.6\r\n\tSource Port:\t\t55300\r\n\tDestination Address:\t192.168.2.4\r\n\tDestination Port:\t\t53\r\n\tProtocol:\t\t17\r\n\r\nFilter Information:\r\n\tFilter Run-Time ID:\t80075\r\n\tLayer Name:\t\tConnect\r\n\tLayer Run-Time ID:\t48","EventData":"\u003cEventData xmlns=\"http://schemas.microsoft.com/win/2004/08/events/event\"\u003e\u003cData Name=\"ProcessID\"\u003e1472\u003c/Data\u003e\u003cData Name=\"Application\"\u003e\\device\\harddiskvolume2\\windows\\system32\\svchost.exe\u003c/Data\u003e\u003cData Name=\"Direction\"\u003e%%14593\u003c/Data\u003e\u003cData Name=\"SourceAddress\"\u003e192.168.2.6\u003c/Data\u003e\u003cData Name=\"SourcePort\"\u003e55300\u003c/Data\u003e\u003cData Name=\"DestAddress\"\u003e192.168.2.4\u003c/Data\u003e\u003cData Name=\"DestPort\"\u003e53\u003c/Data\u003e\u003cData Name=\"Protocol\"\u003e17\u003c/Data\u003e\u003cData Name=\"FilterRTID\"\u003e80075\u003c/Data\u003e\u003cData Name=\"LayerName\"\u003e%%14611\u003c/Data\u003e\u003cData Name=\"LayerRTID\"\u003e48\u003c/Data\u003e\u003cData Name=\"RemoteUserID\"\u003eS-1-0-0\u003c/Data\u003e\u003cData Name=\"RemoteMachineID\"\u003eS-1-0-0\u003c/Data\u003e\u003c/EventData\u003e","Task":"12810","ProcessID":"1472","Application":"\\device\\harddiskvolume2\\windows\\system32\\svchost.exe","Direction":"%%14593","SourceAddress":"192.168.2.6","SourcePort":"55300","DestAddress":"192.168.2.4","DestPort":"53","Protocol":"17","FilterRTID":"80075","LayerName":"%%14611","LayerRTID":"48","RemoteUserID":"S-1-0-0","RemoteMachineID":"S-1-0-0"}]
