[{"EventSourceName":"Microsoft-Windows-Security-Auditing","Provider":"Microsoft-Windows-Security-Auditing","ProviderGuid":"{54849625-5478-4994-a5ba-3e3b0328c30d}","Level":"0","Keywords":"0x8020000000000000","Channel":"Security","Computer":"WORKSTATION6.mssentinel.local","TimeCreated":"2022-09-22T12:31:14.259Z","TimeGenerated":"2022-09-22T04:31:14.259Z","EventRecordID":"1350050","EventID":4688,"Message":"A new process has been created.\r\n\r\nCreator Subject:\r\n\tSecurity ID:\t\tS-1-5-21-1569727641-2518674866-3296776394-500\r\n\tAccount Name:\t\twardog\r\n\tAccount Domain:\t\tMSSENTINEL\r\n\tLogon ID:\t\t0x1EF7E8E\r\n\r\nTarget Subject:\r\n\tSecurity ID:\t\tS-1-0-0\r\n\tAccount Name:\t\t-\r\n\tAccount Domain:\t\t-\r\n\tLogon ID:\t\t0x0\r\n\r\nProcess Information:\r\n\tNew Process ID:\t\t0x3054\r\n\tNew Process Name:\tC:\\Windows\\System32\\notepad.exe\r\n\tToken Elevation Type:\t%%1936\r\n\tMandatory Label:\t\tS-1-16-12288\r\n\tCreator Process ID:\t0x2dc8\r\n\tCreator Process Name:\tC:\\Windows\\System32\\WindowsPowerShell\\v1.0\\powershell.exe\r\n\tProcess Command Line:\t\"C:\\Windows\\system32\\notepad.exe\"\r\n\r\nToken Elevation Type indicates the type of token that was assigned to the new process in accordance with User Account Control policy.\r\n\r\nType 1 is a full token with no privileges removed or groups disabled.  A full token is only used if User Account Control is disabled or if the user is the built-in Administrator account or a service account.\r\n\r\nType 2 is an elevated token with no privileges removed or groups disabled.  An elevated token is used when User Account Control is enabled and the user chooses to start the program using Run as administrator.  An elevated token is also used when an application is configured to always require administrative privilege or to always require maximum privilege, and the user is a member of the Administrators group.\r\n\r\nType 3 is a limited token with administrative privileges removed and administrative groups disabled.  The limited token is used when User Account Control is enabled, the application does not require administrative privilege, and the user does not choose to start the program using Run as administrator.","EventData":"\u003cEventData xmlns=\"http://schemas.microsoft.com/win/2004/08/events/event\"\u003e\u003cData Name=\"SubjectUserSid\"\u003eS-1-5-21-1569727641-2518674866-3296776394-500\u003c/Data\u003e\u003cData Name=\"SubjectUserName\"\u003ewardog\u003c/Data\u003e\u003cData Name=\"SubjectDomainName\"\u003eMSSENTINEL\u003c/Data\u003e\u003cData Name=\"SubjectLogonId\"\u003e0x1ef7e8e\u003c/Data\u003e\u003cData Name=\"NewProcessId\"\u003e0x3054\u003c/Data\u003e\u003cData Name=\"NewProcessName\"\u003eC:\\Windows\\System32\\notepad.exe\u003c/Data\u003e\u003cData Name=\"TokenElevationType\"\u003e%%1936\u003c/Data\u003e\u003cData Name=\"ProcessId\"\u003e0x2dc8\u003c/Data\u003e\u003cData Name=\"CommandLine\"\u003e\"C:\\Windows\\system32\\notepad.exe\"\u003c/Data\u003e\u003cData Name=\"TargetUserSid\"\u003eS-1-0-0\u003c/Data\u003e\u003cData Name=\"TargetUserName\"\u003e-\u003c/Data\u003e\u003cData Name=\"TargetDomainName\"\u003e-\u003c/Data\u003e\u003cData Name=\"TargetLogonId\"\u003e0x0\u003c/Data\u003e\u003cData Name=\"ParentProcessName\"\u003eC:\\Windows\\System32\\WindowsPowerShell\\v1.0\\powershell.exe\u003c/Data\u003e\u003cData Name=\"MandatoryLabel\"\u003eS-1-16-12288\u003c/Data\u003e\u003c/EventData\u003e","Task":"13312","SubjectUserSid":"S-1-5-21-1569727641-2518674866-3296776394-500","SubjectUserName":"wardog","SubjectDomainName":"MSSENTINEL","SubjectLogonId":"0x1ef7e8e","NewProcessId":"0x3054","NewProcessName":"C:\\Windows\\System32\\notepad.exe","TokenElevationType":"%%1936","ProcessId":"0x2dc8","CommandLine":"\"C:\\Windows\\system32\\notepad.exe\"","TargetUserSid":"S-1-0-0","TargetUserName":"-","TargetDomainName":"-","TargetLogonId":"0x0","ParentProcessName":"C:\\Windows\\System32\\WindowsPowerShell\\v1.0\\powershell.exe","MandatoryLabel":"S-1-16-12288"},{"EventSourceName":"Microsoft-Windows-Security-Auditing","Provider":"Microsoft-Windows-Security-Auditing","ProviderGuid":"{54849625-5478-4994-a5ba-3e3b0328c30d}","Level":"0","Keywords":"0x8020000000000000","Channel":"Security","Computer":"WORKSTATION6.mssentinel.local","TimeCreated":"2022-09-22T12:31:14.349Z","TimeGenerated":"2022-09-22T04:31:14.349Z","EventRecordID":"1350051","EventID":4690,"Message":"An attempt was made to duplicate a handle to an object.\r\n\r\nSubject:\r\n\tSecurity ID:\t\tS-1-5-21-1569727641-2518674866-3296776394-500\r\n\tAccount Name:\t\twardog\r\n\tAccount Domain:\t\tMSSENTINEL\r\n\tLogon ID:\t\t0x1EF7E8E\r\n\r\nSource Handle Information:\r\n\tSource Handle ID:\t0x144\r\n\tSource Process ID:\t0x3054\r\n\r\nNew Handle Information:\r\n\tTarget Handle ID:\t0x4164\r\n\tTarget Process ID:\t0x4","EventData":"\u003cEventData xmlns=\"http://schemas.microsoft.com/win/2004/08/events/event\"\u003e\u003cData Name=\"SubjectUserSid\"\u003eS-1-5-21-1569727641-2518674866-3296776394-500\u003c/Data\u003e\u003cData Name=\"SubjectUserName\"\u003ewardog\u003c/Data\u003e\u003cData Name=\"SubjectDomainName\"\u003eMSSENTINEL\u003c/Data\u003e\u003cData Name=\"SubjectLogonId\"\u003e0x1ef7e8e\u003c/Data\u003e\u003cData Name=\"SourceHandleId\"\u003e0x144\u003c/Data\u003e\u003cData Name=\"SourceProcessId\"\u003e0x3054\u003c/Data\u003e\u003cData Name=\"TargetHandleId\"\u003e0x4164\u003c/Data\u003e\u003cData Name=\"TargetProcessId\"\u003e0x4\u003c/Data\u003e\u003c/EventData\u003e","Task":"12807","SubjectUserSid":"S-1-5-21-1569727641-2518674866-3296776394-500","SubjectUserName":"wardog","SubjectDomainName":"MSSENTINEL","SubjectLogonId":"0x1ef7e8e","SourceHandleId":"0x144","SourceProcessId":"0x3054","TargetHandleId":"0x4164","TargetProcessId":"0x4"},{"EventSourceName":"Microsoft-Windows-Security-Auditing","Provider":"Microsoft-Windows-Security-Auditing","ProviderGuid":"{54849625-5478-4994-a5ba-3e3b0328c30d}","Level":"0","Keywords":"0x8020000000000000","Channel":"Security","Computer":"WORKSTATION6.mssentinel.local","TimeCreated":"2022-09-22T12:31:14.349Z","TimeGenerated":"2022-09-22T04:31:14.349Z","EventRecordID":"1350052","EventID":4658,"Message":"The handle to an object was closed.\r\n\r\nSubject :\r\n\tSecurity ID:\t\tS-1-5-21-1569727641-2518674866-3296776394-500\r\n\tAccount Name:\t\twardog\r\n\tAccount Domain:\t\tMSSENTINEL\r\n\tLogon ID:\t\t0x1EF7E8E\r\n\r\nObject:\r\n\tObject Server:\t\tSecurity\r\n\tHandle ID:\t\t0x4164\r\n\r\nProcess Information:\r\n\tProcess ID:\t\t0x3054\r\n\tProcess Name:\t\tC:\\Windows\\System32\\notepad.exe","EventData":"\u003cEventData xmlns=\"http://schemas.microsoft.com/win/2004/08/events/event\"\u003e\u003cData Name=\"SubjectUserSid\"\u003eS-1-5-21-1569727641-2518674866-3296776394-500\u003c/Data\u003e\u003cData Name=\"SubjectUserName\"\u003ewardog\u003c/Data\u003e\u003cData Name=\"SubjectDomainName\"\u003eMSSENTINEL\u003c/Data\u003e\u003cData Name=\"SubjectLogonId\"\u003e0x1ef7e8e\u003c/Data\u003e\u003cData Name=\"ObjectServer\"\u003eSecurity\u003c/Data\u003e\u003cData Name=\"HandleId\"\u003e0x4164\u003c/Data\u003e\u003cData Name=\"ProcessId\"\u003e0x3054\u003c/Data\u003e\u003cData Name=\"ProcessName\"\u003eC:\\Windows\\System32\\notepad.exe\u003c/Data\u003e\u003c/EventData\u003e","Task":"12801","SubjectUserSid":"S-1-5-21-1569727641-2518674866-3296776394-500","SubjectUserName":"wardog","SubjectDomainName":"MSSENTINEL","SubjectLogonId":"0x1ef7e8e","ObjectServer":"Security","HandleId":"0x4164","ProcessId":"0x3054","ProcessName":"C:\\Windows\\System32\\notepad.exe"},{"EventSourceName":"Microsoft-Windows-Security-Auditing","Provider":"Microsoft-Windows-Security-Auditing","ProviderGuid":"{54849625-5478-4994-a5ba-3e3b0328c30d}","Level":"0","Keywords":"0x8020000000000000","Channel":"Security","Computer":"WORKSTATION6.mssentinel.local","TimeCreated":"2022-09-22T12:31:14.349Z","TimeGenerated":"2022-09-22T04:31:14.349Z","EventRecordID":"1350053","EventID":4656,"Message":"A handle to an object was requested.\r\n\r\nSubject:\r\n\tSecurity ID:\t\tS-1-5-21-1569727641-2518674866-3296776394-500\r\n\tAccount Name:\t\twardog\r\n\tAccount Domain:\t\tMSSENTINEL\r\n\tLogon ID:\t\t0x1EF7E8E\r\n\r\nObject:\r\n\tObject Server:\t\tSecurity\r\n\tObject Type:\t\tKey\r\n\tObject Name:\t\t\\REGISTRY\\MACHINE\\SYSTEM\\ControlSet001\\Control\\Lsa\r\n\tHandle ID:\t\t0x144\r\n\tResource Attributes:\t-\r\n\r\nProcess Information:\r\n\tProcess ID:\t\t0x3054\r\n\tProcess Name:\t\tC:\\Windows\\System32\\notepad.exe\r\n\r\nAccess Request Information:\r\n\tTransaction ID:\t\t{00000000-0000-0000-0000-000000000000}\r\n\tAccesses:\t\tQuery key value\r\n\t\t\t\t\r\n\tAccess Reasons:\t\t-\r\n\tAccess Mask:\t\t0x1\r\n\tPrivileges Used for Access Check:\t-\r\n\tRestricted SID Count:\t0","EventData":"\u003cEventData xmlns=\"http://schemas.microsoft.com/win/2004/08/events/event\"\u003e\u003cData Name=\"SubjectUserSid\"\u003eS-1-5-21-1569727641-2518674866-3296776394-500\u003c/Data\u003e\u003cData Name=\"SubjectUserName\"\u003ewardog\u003c/Data\u003e\u003cData Name=\"SubjectDomainName\"\u003eMSSENTINEL\u003c/Data\u003e\u003cData Name=\"SubjectLogonId\"\u003e0x1ef7e8e\u003c/Data\u003e\u003cData Name=\"ObjectServer\"\u003eSecurity\u003c/Data\u003e\u003cData Name=\"ObjectType\"\u003eKey\u003c/Data\u003e\u003cData Name=\"ObjectName\"\u003e\\REGISTRY\\MACHINE\\SYSTEM\\ControlSet001\\Control\\Lsa\u003c/Data\u003e\u003cData Name=\"HandleId\"\u003e0x144\u003c/Data\u003e\u003cData Name=\"TransactionId\"\u003e{00000000-0000-0000-0000-000000000000}\u003c/Data\u003e\u003cData Name=\"AccessList\"\u003e%%4432\n\t\t\t\t\u003c/Data\u003e\u003cData Name=\"AccessReason\"\u003e-\u003c/Data\u003e\u003cData Name=\"AccessMask\"\u003e0x1\u003c/Data\u003e\u003cData Name=\"PrivilegeList\"\u003e-\u003c/Data\u003e\u003cData Name=\"RestrictedSidCount\"\u003e0\u003c/Data\u003e\u003cData Name=\"ProcessId\"\u003e0x3054\u003c/Data\u003e\u003cData Name=\"ProcessName\"\u003eC:\\Windows\\System32\\notepad.exe\u003c/Data\u003e\u003cData Name=\"ResourceAttributes\"\u003e-\u003c/Data\u003e\u003c/EventData\u003e","Task":"12801","SubjectUserSid":"S-1-5-21-1569727641-2518674866-3296776394-500","SubjectUserName":"wardog","SubjectDomainName":"MSSENTINEL","SubjectLogonId":"0x1ef7e8e","ObjectServer":"Security","ObjectType":"Key","ObjectName":"\\REGISTRY\\MACHINE\\SYSTEM\\ControlSet001\\Control\\Lsa","HandleId":"0x144","TransactionId":"{00000000-0000-0000-0000-000000000000}","AccessList":"%%4432\n\t\t\t\t","AccessReason":"-","AccessMask":"0x1","PrivilegeList":"-","RestrictedSidCount":"0","ProcessId":"0x3054","ProcessName":"C:\\Windows\\System32\\notepad.exe","ResourceAttributes":"-"},{"EventSourceName":"Microsoft-Windows-Security-Auditing","Provider":"Microsoft-Windows-Security-Auditing","ProviderGuid":"{54849625-5478-4994-a5ba-3e3b0328c30d}","Level":"0","Keywords":"0x8020000000000000","Channel":"Security","Computer":"WORKSTATION6.mssentinel.local","TimeCreated":"2022-09-22T12:31:14.349Z","TimeGenerated":"2022-09-22T04:31:14.349Z","EventRecordID":"1350054","EventID":4663,"Message":"An attempt was made to access an object.\r\n\r\nSubject:\r\n\tSecurity ID:\t\tS-1-5-21-1569727641-2518674866-3296776394-500\r\n\tAccount Name:\t\twardog\r\n\tAccount Domain:\t\tMSSENTINEL\r\n\tLogon ID:\t\t0x1EF7E8E\r\n\r\nObject:\r\n\tObject Server:\t\tSecurity\r\n\tObject Type:\t\tKey\r\n\tObject Name:\t\t\\REGISTRY\\MACHINE\\SYSTEM\\ControlSet001\\Control\\Lsa\r\n\tHandle ID:\t\t0x144\r\n\tResource Attributes:\t-\r\n\r\nProcess Information:\r\n\tProcess ID:\t\t0x3054\r\n\tProcess Name:\t\tC:\\Windows\\System32\\notepad.exe\r\n\r\nAccess Request Information:\r\n\tAccesses:\t\tQuery key value\r\n\t\t\t\t\r\n\tAccess Mask:\t\t0x1","EventData":"\u003cEventData xmlns=\"http://schemas.microsoft.com/win/2004/08/events/event\"\u003e\u003cData Name=\"SubjectUserSid\"\u003eS-1-5-21-1569727641-2518674866-3296776394-500\u003c/Data\u003e\u003cData Name=\"SubjectUserName\"\u003ewardog\u003c/Data\u003e\u003cData Name=\"SubjectDomainName\"\u003eMSSENTINEL\u003c/Data\u003e\u003cData Name=\"SubjectLogonId\"\u003e0x1ef7e8e\u003c/Data\u003e\u003cData Name=\"ObjectServer\"\u003eSecurity\u003c/Data\u003e\u003cData Name=\"ObjectType\"\u003eKey\u003c/Data\u003e\u003cData Name=\"ObjectName\"\u003e\\REGISTRY\\MACHINE\\SYSTEM\\ControlSet001\\Control\\Lsa\u003c/Data\u003e\u003cData Name=\"HandleId\"\u003e0x144\u003c/Data\u003e\u003cData Name=\"AccessList\"\u003e%%4432\n\t\t\t\t\u003c/Data\u003e\u003cData Name=\"AccessMask\"\u003e0x1\u003c/Data\u003e\u003cData Name=\"ProcessId\"\u003e0x3054\u003c/Data\u003e\u003cData Name=\"ProcessName\"\u003eC:\\Windows\\System32\\notepad.exe\u003c/Data\u003e\u003cData Name=\"ResourceAttributes\"\u003e-\u003c/Data\u003e\u003c/EventData\u003e","Task":"12801","SubjectUserSid":"S-1-5-21-1569727641-2518674866-3296776394-500","SubjectUserName":"wardog","SubjectDomainName":"MSSENTINEL","SubjectLogonId":"0x1ef7e8e","ObjectServer":"Security","ObjectType":"Key","ObjectName":"\\REGISTRY\\MACHINE\\SYSTEM\\ControlSet001\\Control\\Lsa","HandleId":"0x144","AccessList":"%%4432\n\t\t\t\t","AccessMask":"0x1","ProcessId":"0x3054","ProcessName":"C:\\Windows\\System32\\notepad.exe","ResourceAttributes":"-"},{"EventSourceName":"Microsoft-Windows-Security-Auditing","Provider":"Microsoft-Windows-Security-Auditing","ProviderGuid":"{54849625-5478-4994-a5ba-3e3b0328c30d}","Level":"0","Keywords":"0x8020000000000000","Channel":"Security","Computer":"WORKSTATION6.mssentinel.local","TimeCreated":"2022-09-22T12:31:14.349Z","TimeGenerated":"2022-09-22T04:31:14.349Z","EventRecordID":"1350055","EventID":4658,"Message":"The handle to an object was closed.\r\n\r\nSubject :\r\n\tSecurity ID:\t\tS-1-5-21-1569727641-2518674866-3296776394-500\r\n\tAccount Name:\t\twardog\r\n\tAccount Domain:\t\tMSSENTINEL\r\n\tLogon ID:\t\t0x1EF7E8E\r\n\r\nObject:\r\n\tObject Server:\t\tSecurity\r\n\tHandle ID:\t\t0x144\r\n\r\nProcess Information:\r\n\tProcess ID:\t\t0x3054\r\n\tProcess Name:\t\tC:\\Windows\\System32\\notepad.exe","EventData":"\u003cEventData xmlns=\"http://schemas.microsoft.com/win/2004/08/events/event\"\u003e\u003cData Name=\"SubjectUserSid\"\u003eS-1-5-21-1569727641-2518674866-3296776394-500\u003c/Data\u003e\u003cData Name=\"SubjectUserName\"\u003ewardog\u003c/Data\u003e\u003cData Name=\"SubjectDomainName\"\u003eMSSENTINEL\u003c/Data\u003e\u003cData Name=\"SubjectLogonId\"\u003e0x1ef7e8e\u003c/Data\u003e\u003cData Name=\"ObjectServer\"\u003eSecurity\u003c/Data\u003e\u003cData Name=\"HandleId\"\u003e0x144\u003c/Data\u003e\u003cData Name=\"ProcessId\"\u003e0x3054\u003c/Data\u003e\u003cData Name=\"ProcessName\"\u003eC:\\Windows\\System32\\notepad.exe\u003c/Data\u003e\u003c/EventData\u003e","Task":"12801","SubjectUserSid":"S-1-5-21-1569727641-2518674866-3296776394-500","SubjectUserName":"wardog","SubjectDomainName":"MSSENTINEL","SubjectLogonId":"0x1ef7e8e","ObjectServer":"Security","HandleId":"0x144","ProcessId":"0x3054","ProcessName":"C:\\Windows\\System32\\notepad.exe"},{"EventSourceName":"Microsoft-Windows-Security-Auditing","Provider":"Microsoft-Windows-Security-Auditing","ProviderGuid":"{54849625-5478-4994-a5ba-3e3b0328c30d}","Level":"0","Keywords":"0x8020000000000000","Channel":"Security","Computer":"WORKSTATION6.mssentinel.local","TimeCreated":"2022-09-22T12:31:16.069Z","TimeGenerated":"2022-09-22T04:31:16.069Z","EventRecordID":"1350056","EventID":5158,"Message":"The Windows Filtering Platform has permitted a bind to a local port.\r\n\r\nApplication Information:\r\n\tProcess ID:\t\t9308\r\n\tApplication Name:\t\\device\\harddiskvolume2\\packages\\plugins\\microsoft.azure.monitor.azuremonitorwindowsagent\\1.8.0.0\\monitoring\\agent\\monagentcore.exe\r\n\r\nNetwork Information:\r\n\tSource Address:\t\t0.0.0.0\r\n\tSource Port:\t\t51431\r\n\tProtocol:\t\t6\r\n\r\nFilter Information:\r\n\tFilter Run-Time ID:\t0\r\n\tLayer Name:\t\tResource Assignment\r\n\tLayer Run-Time ID:\t36","EventData":"\u003cEventData xmlns=\"http://schemas.microsoft.com/win/2004/08/events/event\"\u003e\u003cData Name=\"ProcessId\"\u003e9308\u003c/Data\u003e\u003cData Name=\"Application\"\u003e\\device\\harddiskvolume2\\packages\\plugins\\microsoft.azure.monitor.azuremonitorwindowsagent\\1.8.0.0\\monitoring\\agent\\monagentcore.exe\u003c/Data\u003e\u003cData Name=\"SourceAddress\"\u003e0.0.0.0\u003c/Data\u003e\u003cData Name=\"SourcePort\"\u003e51431\u003c/Data\u003e\u003cData Name=\"Protocol\"\u003e6\u003c/Data\u003e\u003cData Name=\"FilterRTID\"\u003e0\u003c/Data\u003e\u003cData Name=\"LayerName\"\u003e%%14608\u003c/Data\u003e\u003cData Name=\"LayerRTID\"\u003e36\u003c/Data\u003e\u003c/EventData\u003e","Task":"12810","ProcessId":"9308","Application":"\\device\\harddiskvolume2\\packages\\plugins\\microsoft.azure.monitor.azuremonitorwindowsagent\\1.8.0.0\\monitoring\\agent\\monagentcore.exe","SourceAddress":"0.0.0.0","SourcePort":"51431","Protocol":"6","FilterRTID":"0","LayerName":"%%14608","LayerRTID":"36"},{"EventSourceName":"Microsoft-Windows-Security-Auditing","Provider":"Microsoft-Windows-Security-Auditing","ProviderGuid":"{54849625-5478-4994-a5ba-3e3b0328c30d}","Level":"0","Keywords":"0x8020000000000000","Channel":"Security","Computer":"WORKSTATION6.mssentinel.local","TimeCreated":"2022-09-22T12:31:22.810Z","TimeGenerated":"2022-09-22T04:31:22.810Z","EventRecordID":"1350067","EventID":4673,"Message":"A privileged service was called.\r\n\r\nSubject:\r\n\tSecurity ID:\t\tS-1-5-21-1569727641-2518674866-3296776394-500\r\n\tAccount Name:\t\twardog\r\n\tAccount Domain:\t\tMSSENTINEL\r\n\tLogon ID:\t\t0x1EF7E8E\r\n\r\nService:\r\n\tServer:\tSecurity\r\n\tService Name:\t-\r\n\r\nProcess:\r\n\tProcess ID:\t0x3054\r\n\tProcess Name:\tC:\\Windows\\System32\\notepad.exe\r\n\r\nService Request Information:\r\n\tPrivileges:\t\tSeCreateGlobalPrivilege","EventData":"\u003cEventData xmlns=\"http://schemas.microsoft.com/win/2004/08/events/event\"\u003e\u003cData Name=\"SubjectUserSid\"\u003eS-1-5-21-1569727641-2518674866-3296776394-500\u003c/Data\u003e\u003cData Name=\"SubjectUserName\"\u003ewardog\u003c/Data\u003e\u003cData Name=\"SubjectDomainName\"\u003eMSSENTINEL\u003c/Data\u003e\u003cData Name=\"SubjectLogonId\"\u003e0x1ef7e8e\u003c/Data\u003e\u003cData Name=\"ObjectServer\"\u003eSecurity\u003c/Data\u003e\u003cData Name=\"Service\"\u003e-\u003c/Data\u003e\u003cData Name=\"PrivilegeList\"\u003eSeCreateGlobalPrivilege\u003c/Data\u003e\u003cData Name=\"ProcessId\"\u003e0x3054\u003c/Data\u003e\u003cData Name=\"ProcessName\"\u003eC:\\Windows\\System32\\notepad.exe\u003c/Data\u003e\u003c/EventData\u003e","Task":"13056","SubjectUserSid":"S-1-5-21-1569727641-2518674866-3296776394-500","SubjectUserName":"wardog","SubjectDomainName":"MSSENTINEL","SubjectLogonId":"0x1ef7e8e","ObjectServer":"Security","Service":"-","PrivilegeList":"SeCreateGlobalPrivilege","ProcessId":"0x3054","ProcessName":"C:\\Windows\\System32\\notepad.exe"},{"EventSourceName":"Microsoft-Windows-Security-Auditing","Provider":"Microsoft-Windows-Security-Auditing","ProviderGuid":"{54849625-5478-4994-a5ba-3e3b0328c30d}","Level":"0","Keywords":"0x8020000000000000","Channel":"Security","Computer":"WORKSTATION6.mssentinel.local","TimeCreated":"2022-09-22T12:31:23.836Z","TimeGenerated":"2022-09-22T04:31:23.836Z","EventRecordID":"1350068","EventID":4690,"Message":"An attempt was made to duplicate a handle to an object.\r\n\r\nSubject:\r\n\tSecurity ID:\t\tS-1-5-21-1569727641-2518674866-3296776394-500\r\n\tAccount Name:\t\twardog\r\n\tAccount Domain:\t\tMSSENTINEL\r\n\tLogon ID:\t\t0x1EF7E8E\r\n\r\nSource Handle Information:\r\n\tSource Handle ID:\t0x504\r\n\tSource Process ID:\t0x3054\r\n\r\nNew Handle Information:\r\n\tTarget Handle ID:\t0x4784\r\n\tTarget Process ID:\t0x4","EventData":"\u003cEventData xmlns=\"http://schemas.microsoft.com/win/2004/08/events/event\"\u003e\u003cData Name=\"SubjectUserSid\"\u003eS-1-5-21-1569727641-2518674866-3296776394-500\u003c/Data\u003e\u003cData Name=\"SubjectUserName\"\u003ewardog\u003c/Data\u003e\u003cData Name=\"SubjectDomainName\"\u003eMSSENTINEL\u003c/Data\u003e\u003cData Name=\"SubjectLogonId\"\u003e0x1ef7e8e\u003c/Data\u003e\u003cData Name=\"SourceHandleId\"\u003e0x504\u003c/Data\u003e\u003cData Name=\"SourceProcessId\"\u003e0x3054\u003c/Data\u003e\u003cData Name=\"TargetHandleId\"\u003e0x4784\u003c/Data\u003e\u003cData Name=\"TargetProcessId\"\u003e0x4\u003c/Data\u003e\u003c/EventData\u003e","Task":"12807","SubjectUserSid":"S-1-5-21-1569727641-2518674866-3296776394-500","SubjectUserName":"wardog","SubjectDomainName":"MSSENTINEL","SubjectLogonId":"0x1ef7e8e","SourceHandleId":"0x504","SourceProcessId":"0x3054","TargetHandleId":"0x4784","TargetProcessId":"0x4"},{"EventSourceName":"Microsoft-Windows-Security-Auditing","Provider":"Microsoft-Windows-Security-Auditing","ProviderGuid":"{54849625-5478-4994-a5ba-3e3b0328c30d}","Level":"0","Keywords":"0x8020000000000000","Channel":"Security","Computer":"WORKSTATION6.mssentinel.local","TimeCreated":"2022-09-22T12:31:23.836Z","TimeGenerated":"2022-09-22T04:31:23.836Z","EventRecordID":"1350069","EventID":4658,"Message":"The handle to an object was closed.\r\n\r\nSubject :\r\n\tSecurity ID:\t\tS-1-5-21-1569727641-2518674866-3296776394-500\r\n\tAccount Name:\t\twardog\r\n\tAccount Domain:\t\tMSSENTINEL\r\n\tLogon ID:\t\t0x1EF7E8E\r\n\r\nObject:\r\n\tObject Server:\t\tSecurity\r\n\tHandle ID:\t\t0x4784\r\n\r\nProcess Information:\r\n\tProcess ID:\t\t0x3054\r\n\tProcess Name:\t\tC:\\Windows\\System32\\notepad.exe","EventData":"\u003cEventData xmlns=\"http://schemas.microsoft.com/win/2004/08/events/event\"\u003e\u003cData Name=\"SubjectUserSid\"\u003eS-1-5-21-1569727641-2518674866-3296776394-500\u003c/Data\u003e\u003cData Name=\"SubjectUserName\"\u003ewardog\u003c/Data\u003e\u003cData Name=\"SubjectDomainName\"\u003eMSSENTINEL\u003c/Data\u003e\u003cData Name=\"SubjectLogonId\"\u003e0x1ef7e8e\u003c/Data\u003e\u003cData Name=\"ObjectServer\"\u003eSecurity\u003c/Data\u003e\u003cData Name=\"HandleId\"\u003e0x4784\u003c/Data\u003e\u003cData Name=\"ProcessId\"\u003e0x3054\u003c/Data\u003e\u003cData Name=\"ProcessName\"\u003eC:\\Windows\\System32\\notepad.exe\u003c/Data\u003e\u003c/EventData\u003e","Task":"12801","SubjectUserSid":"S-1-5-21-1569727641-2518674866-3296776394-500","SubjectUserName":"wardog","SubjectDomainName":"MSSENTINEL","SubjectLogonId":"0x1ef7e8e","ObjectServer":"Security","HandleId":"0x4784","ProcessId":"0x3054","ProcessName":"C:\\Windows\\System32\\notepad.exe"},{"EventSourceName":"Microsoft-Windows-Security-Auditing","Provider":"Microsoft-Windows-Security-Auditing","ProviderGuid":"{54849625-5478-4994-a5ba-3e3b0328c30d}","Level":"0","Keywords":"0x8020000000000000","Channel":"Security","Computer":"WORKSTATION6.mssentinel.local","TimeCreated":"2022-09-22T12:31:23.836Z","TimeGenerated":"2022-09-22T04:31:23.836Z","EventRecordID":"1350070","EventID":4656,"Message":"A handle to an object was requested.\r\n\r\nSubject:\r\n\tSecurity ID:\t\tS-1-5-21-1569727641-2518674866-3296776394-500\r\n\tAccount Name:\t\twardog\r\n\tAccount Domain:\t\tMSSENTINEL\r\n\tLogon ID:\t\t0x1EF7E8E\r\n\r\nObject:\r\n\tObject Server:\t\tSecurity\r\n\tObject Type:\t\tKey\r\n\tObject Name:\t\t\\REGISTRY\\MACHINE\\SOFTWARE\\Microsoft\\Windows\\CurrentVersion\\WSMAN\r\n\tHandle ID:\t\t0x504\r\n\tResource Attributes:\t-\r\n\r\nProcess Information:\r\n\tProcess ID:\t\t0x3054\r\n\tProcess Name:\t\tC:\\Windows\\System32\\notepad.exe\r\n\r\nAccess Request Information:\r\n\tTransaction ID:\t\t{00000000-0000-0000-0000-000000000000}\r\n\tAccesses:\t\tREAD_CONTROL\r\n\t\t\t\tQuery key value\r\n\t\t\t\tEnumerate sub-keys\r\n\t\t\t\tNotify about changes to keys\r\n\t\t\t\t\r\n\tAccess Reasons:\t\t-\r\n\tAccess Mask:\t\t0x20019\r\n\tPrivileges Used for Access Check:\t-\r\n\tRestricted SID Count:\t0","EventData":"\u003cEventData xmlns=\"http://schemas.microsoft.com/win/2004/08/events/event\"\u003e\u003cData Name=\"SubjectUserSid\"\u003eS-1-5-21-1569727641-2518674866-3296776394-500\u003c/Data\u003e\u003cData Name=\"SubjectUserName\"\u003ewardog\u003c/Data\u003e\u003cData Name=\"SubjectDomainName\"\u003eMSSENTINEL\u003c/Data\u003e\u003cData Name=\"SubjectLogonId\"\u003e0x1ef7e8e\u003c/Data\u003e\u003cData Name=\"ObjectServer\"\u003eSecurity\u003c/Data\u003e\u003cData Name=\"ObjectType\"\u003eKey\u003c/Data\u003e\u003cData Name=\"ObjectName\"\u003e\\REGISTRY\\MACHINE\\SOFTWARE\\Microsoft\\Windows\\CurrentVersion\\WSMAN\u003c/Data\u003e\u003cData Name=\"HandleId\"\u003e0x504\u003c/Data\u003e\u003cData Name=\"TransactionId\"\u003e{00000000-0000-0000-0000-000000000000}\u003c/Data\u003e\u003cData Name=\"AccessList\"\u003e%%1538\n\t\t\t\t%%4432\n\t\t\t\t%%4435\n\t\t\t\t%%4436\n\t\t\t\t\u003c/Data\u003e\u003cData Name=\"AccessReason\"\u003e-\u003c/Data\u003e\u003cData Name=\"AccessMask\"\u003e0x20019\u003c/Data\u003e\u003cData Name=\"PrivilegeList\"\u003e-\u003c/Data\u003e\u003cData Name=\"RestrictedSidCount\"\u003e0\u003c/Data\u003e\u003cData Name=\"ProcessId\"\u003e0x3054\u003c/Data\u003e\u003cData Name=\"ProcessName\"\u003eC:\\Windows\\System32\\notepad.exe\u003c/Data\u003e\u003cData Name=\"ResourceAttributes\"\u003e-\u003c/Data\u003e\u003c/EventData\u003e","Task":"12801","SubjectUserSid":"S-1-5-21-1569727641-2518674866-3296776394-500","SubjectUserName":"wardog","SubjectDomainName":"MSSENTINEL","SubjectLogonId":"0x1ef7e8e","ObjectServer":"Security","ObjectType":"Key","ObjectName":"\\REGISTRY\\MACHINE\\SOFTWARE\\Microsoft\\Windows\\CurrentVersion\\WSMAN","HandleId":"0x504","TransactionId":"{00000000-0000-0000-0000-000000000000}","AccessList":"%%1538\n\t\t\t\t%%4432\n\t\t\t\t%%4435\n\t\t\t\t%%4436\n\t\t\t\t","AccessReason":"-","AccessMask":"0x20019","PrivilegeList":"-","RestrictedSidCount":"0","ProcessId":"0x3054","ProcessName":"C:\\Windows\\System32\\notepad.exe","ResourceAttributes":"-"},{"EventSourceName":"Microsoft-Windows-Security-Auditing","Provider":"Microsoft-Windows-Security-Auditing","ProviderGuid":"{54849625-5478-4994-a5ba-3e3b0328c30d}","Level":"0","Keywords":"0x8020000000000000","Channel":"Security","Computer":"WORKSTATION6.mssentinel.local","TimeCreated":"2022-09-22T12:31:23.836Z","TimeGenerated":"2022-09-22T04:31:23.836Z","EventRecordID":"1350071","EventID":4658,"Message":"The handle to an object was closed.\r\n\r\nSubject :\r\n\tSecurity ID:\t\tS-1-5-21-1569727641-2518674866-3296776394-500\r\n\tAccount Name:\t\twardog\r\n\tAccount Domain:\t\tMSSENTINEL\r\n\tLogon ID:\t\t0x1EF7E8E\r\n\r\nObject:\r\n\tObject Server:\t\tSecurity\r\n\tHandle ID:\t\t0x504\r\n\r\nProcess Information:\r\n\tProcess ID:\t\t0x3054\r\n\tProcess Name:\t\tC:\\Windows\\System32\\notepad.exe","EventData":"\u003cEventData xmlns=\"http://schemas.microsoft.com/win/2004/08/events/event\"\u003e\u003cData Name=\"SubjectUserSid\"\u003eS-1-5-21-1569727641-2518674866-3296776394-500\u003c/Data\u003e\u003cData Name=\"SubjectUserName\"\u003ewardog\u003c/Data\u003e\u003cData Name=\"SubjectDomainName\"\u003eMSSENTINEL\u003c/Data\u003e\u003cData Name=\"SubjectLogonId\"\u003e0x1ef7e8e\u003c/Data\u003e\u003cData Name=\"ObjectServer\"\u003eSecurity\u003c/Data\u003e\u003cData Name=\"HandleId\"\u003e0x504\u003c/Data\u003e\u003cData Name=\"ProcessId\"\u003e0x3054\u003c/Data\u003e\u003cData Name=\"ProcessName\"\u003eC:\\Windows\\System32\\notepad.exe\u003c/Data\u003e\u003c/EventData\u003e","Task":"12801","SubjectUserSid":"S-1-5-21-1569727641-2518674866-3296776394-500","SubjectUserName":"wardog","SubjectDomainName":"MSSENTINEL","SubjectLogonId":"0x1ef7e8e","ObjectServer":"Security","HandleId":"0x504","ProcessId":"0x3054","ProcessName":"C:\\Windows\\System32\\notepad.exe"},{"EventSourceName":"Microsoft-Windows-Security-Auditing","Provider":"Microsoft-Windows-Security-Auditing","ProviderGuid":"{54849625-5478-4994-a5ba-3e3b0328c30d}","Level":"0","Keywords":"0x8020000000000000","Channel":"Security","Computer":"WORKSTATION6.mssentinel.local","TimeCreated":"2022-09-22T12:31:24.179Z","TimeGenerated":"2022-09-22T04:31:24.179Z","EventRecordID":"1350072","EventID":4690,"Message":"An attempt was made to duplicate a handle to an object.\r\n\r\nSubject:\r\n\tSecurity ID:\t\tS-1-5-21-1569727641-2518674866-3296776394-500\r\n\tAccount Name:\t\twardog\r\n\tAccount Domain:\t\tMSSENTINEL\r\n\tLogon ID:\t\t0x1EF7E8E\r\n\r\nSource Handle Information:\r\n\tSource Handle ID:\t0x5ec\r\n\tSource Process ID:\t0x3054\r\n\r\nNew Handle Information:\r\n\tTarget Handle ID:\t0x2a4c\r\n\tTarget Process ID:\t0x4","EventData":"\u003cEventData xmlns=\"http://schemas.microsoft.com/win/2004/08/events/event\"\u003e\u003cData Name=\"SubjectUserSid\"\u003eS-1-5-21-1569727641-2518674866-3296776394-500\u003c/Data\u003e\u003cData Name=\"SubjectUserName\"\u003ewardog\u003c/Data\u003e\u003cData Name=\"SubjectDomainName\"\u003eMSSENTINEL\u003c/Data\u003e\u003cData Name=\"SubjectLogonId\"\u003e0x1ef7e8e\u003c/Data\u003e\u003cData Name=\"SourceHandleId\"\u003e0x5ec\u003c/Data\u003e\u003cData Name=\"SourceProcessId\"\u003e0x3054\u003c/Data\u003e\u003cData Name=\"TargetHandleId\"\u003e0x2a4c\u003c/Data\u003e\u003cData Name=\"TargetProcessId\"\u003e0x4\u003c/Data\u003e\u003c/EventData\u003e","Task":"12807","SubjectUserSid":"S-1-5-21-1569727641-2518674866-3296776394-500","SubjectUserName":"wardog","SubjectDomainName":"MSSENTINEL","SubjectLogonId":"0x1ef7e8e","SourceHandleId":"0x5ec","SourceProcessId":"0x3054","TargetHandleId":"0x2a4c","TargetProcessId":"0x4"},{"EventSourceName":"Microsoft-Windows-Security-Auditing","Provider":"Microsoft-Windows-Security-Auditing","ProviderGuid":"{54849625-5478-4994-a5ba-3e3b0328c30d}","Level":"0","Keywords":"0x8020000000000000","Channel":"Security","Computer":"WORKSTATION6.mssentinel.local","TimeCreated":"2022-09-22T12:31:24.179Z","TimeGenerated":"2022-09-22T04:31:24.179Z","EventRecordID":"1350073","EventID":4658,"Message":"The handle to an object was closed.\r\n\r\nSubject :\r\n\tSecurity ID:\t\tS-1-5-21-1569727641-2518674866-3296776394-500\r\n\tAccount Name:\t\twardog\r\n\tAccount Domain:\t\tMSSENTINEL\r\n\tLogon ID:\t\t0x1EF7E8E\r\n\r\nObject:\r\n\tObject Server:\t\tSecurity\r\n\tHandle ID:\t\t0x2a4c\r\n\r\nProcess Information:\r\n\tProcess ID:\t\t0x3054\r\n\tProcess Name:\t\tC:\\Windows\\System32\\notepad.exe","EventData":"\u003cEventData xmlns=\"http://schemas.microsoft.com/win/2004/08/events/event\"\u003e\u003cData Name=\"SubjectUserSid\"\u003eS-1-5-21-1569727641-2518674866-3296776394-500\u003c/Data\u003e\u003cData Name=\"SubjectUserName\"\u003ewardog\u003c/Data\u003e\u003cData Name=\"SubjectDomainName\"\u003eMSSENTINEL\u003c/Data\u003e\u003cData Name=\"SubjectLogonId\"\u003e0x1ef7e8e\u003c/Data\u003e\u003cData Name=\"ObjectServer\"\u003eSecurity\u003c/Data\u003e\u003cData Name=\"HandleId\"\u003e0x2a4c\u003c/Data\u003e\u003cData Name=\"ProcessId\"\u003e0x3054\u003c/Data\u003e\u003cData Name=\"ProcessName\"\u003eC:\\Windows\\System32\\notepad.exe\u003c/Data\u003e\u003c/EventData\u003e","Task":"12801","SubjectUserSid":"S-1-5-21-1569727641-2518674866-3296776394-500","SubjectUserName":"wardog","SubjectDomainName":"MSSENTINEL","SubjectLogonId":"0x1ef7e8e","ObjectServer":"Security","HandleId":"0x2a4c","ProcessId":"0x3054","ProcessName":"C:\\Windows\\System32\\notepad.exe"},{"EventSourceName":"Microsoft-Windows-Security-Auditing","Provider":"Microsoft-Windows-Security-Auditing","ProviderGuid":"{54849625-5478-4994-a5ba-3e3b0328c30d}","Level":"0","Keywords":"0x8020000000000000","Channel":"Security","Computer":"WORKSTATION6.mssentinel.local","TimeCreated":"2022-09-22T12:31:24.179Z","TimeGenerated":"2022-09-22T04:31:24.179Z","EventRecordID":"1350074","EventID":4656,"Message":"A handle to an object was requested.\r\n\r\nSubject:\r\n\tSecurity ID:\t\tS-1-5-21-1569727641-2518674866-3296776394-500\r\n\tAccount Name:\t\twardog\r\n\tAccount Domain:\t\tMSSENTINEL\r\n\tLogon ID:\t\t0x1EF7E8E\r\n\r\nObject:\r\n\tObject Server:\t\tSecurity\r\n\tObject Type:\t\tKey\r\n\tObject Name:\t\t\\REGISTRY\\MACHINE\\SYSTEM\\ControlSet001\\Control\\Lsa\r\n\tHandle ID:\t\t0x5ec\r\n\tResource Attributes:\t-\r\n\r\nProcess Information:\r\n\tProcess ID:\t\t0x3054\r\n\tProcess Name:\t\tC:\\Windows\\System32\\notepad.exe\r\n\r\nAccess Request Information:\r\n\tTransaction ID:\t\t{00000000-0000-0000-0000-000000000000}\r\n\tAccesses:\t\tQuery key value\r\n\t\t\t\t\r\n\tAccess Reasons:\t\t-\r\n\tAccess Mask:\t\t0x1\r\n\tPrivileges Used for Access Check:\t-\r\n\tRestricted SID Count:\t0","EventData":"\u003cEventData xmlns=\"http://schemas.microsoft.com/win/2004/08/events/event\"\u003e\u003cData Name=\"SubjectUserSid\"\u003eS-1-5-21-1569727641-2518674866-3296776394-500\u003c/Data\u003e\u003cData Name=\"SubjectUserName\"\u003ewardog\u003c/Data\u003e\u003cData Name=\"SubjectDomainName\"\u003eMSSENTINEL\u003c/Data\u003e\u003cData Name=\"SubjectLogonId\"\u003e0x1ef7e8e\u003c/Data\u003e\u003cData Name=\"ObjectServer\"\u003eSecurity\u003c/Data\u003e\u003cData Name=\"ObjectType\"\u003eKey\u003c/Data\u003e\u003cData Name=\"ObjectName\"\u003e\\REGISTRY\\MACHINE\\SYSTEM\\ControlSet001\\Control\\Lsa\u003c/Data\u003e\u003cData Name=\"HandleId\"\u003e0x5ec\u003c/Data\u003e\u003cData Name=\"TransactionId\"\u003e{00000000-0000-0000-0000-000000000000}\u003c/Data\u003e\u003cData Name=\"AccessList\"\u003e%%4432\n\t\t\t\t\u003c/Data\u003e\u003cData Name=\"AccessReason\"\u003e-\u003c/Data\u003e\u003cData Name=\"AccessMask\"\u003e0x1\u003c/Data\u003e\u003cData Name=\"PrivilegeList\"\u003e-\u003c/Data\u003e\u003cData Name=\"RestrictedSidCount\"\u003e0\u003c/Data\u003e\u003cData Name=\"ProcessId\"\u003e0x3054\u003c/Data\u003e\u003cData Name=\"ProcessName\"\u003eC:\\Windows\\System32\\notepad.exe\u003c/Data\u003e\u003cData Name=\"ResourceAttributes\"\u003e-\u003c/Data\u003e\u003c/EventData\u003e","Task":"12801","SubjectUserSid":"S-1-5-21-1569727641-2518674866-3296776394-500","SubjectUserName":"wardog","SubjectDomainName":"MSSENTINEL","SubjectLogonId":"0x1ef7e8e","ObjectServer":"Security","ObjectType":"Key","ObjectName":"\\REGISTRY\\MACHINE\\SYSTEM\\ControlSet001\\Control\\Lsa","HandleId":"0x5ec","TransactionId":"{00000000-0000-0000-0000-000000000000}","AccessList":"%%4432\n\t\t\t\t","AccessReason":"-","AccessMask":"0x1","PrivilegeList":"-","RestrictedSidCount":"0","ProcessId":"0x3054","ProcessName":"C:\\Windows\\System32\\notepad.exe","ResourceAttributes":"-"},{"EventSourceName":"Microsoft-Windows-Security-Auditing","Provider":"Microsoft-Windows-Security-Auditing","ProviderGuid":"{54849625-5478-4994-a5ba-3e3b0328c30d}","Level":"0","Keywords":"0x8020000000000000","Channel":"Security","Computer":"WORKSTATION6.mssentinel.local","TimeCreated":"2022-09-22T12:31:24.179Z","TimeGenerated":"2022-09-22T04:31:24.179Z","EventRecordID":"1350075","EventID":4663,"Message":"An attempt was made to access an object.\r\n\r\nSubject:\r\n\tSecurity ID:\t\tS-1-5-21-1569727641-2518674866-3296776394-500\r\n\tAccount Name:\t\twardog\r\n\tAccount Domain:\t\tMSSENTINEL\r\n\tLogon ID:\t\t0x1EF7E8E\r\n\r\nObject:\r\n\tObject Server:\t\tSecurity\r\n\tObject Type:\t\tKey\r\n\tObject Name:\t\t\\REGISTRY\\MACHINE\\SYSTEM\\ControlSet001\\Control\\Lsa\r\n\tHandle ID:\t\t0x5ec\r\n\tResource Attributes:\t-\r\n\r\nProcess Information:\r\n\tProcess ID:\t\t0x3054\r\n\tProcess Name:\t\tC:\\Windows\\System32\\notepad.exe\r\n\r\nAccess Request Information:\r\n\tAccesses:\t\tQuery key value\r\n\t\t\t\t\r\n\tAccess Mask:\t\t0x1","EventData":"\u003cEventData xmlns=\"http://schemas.microsoft.com/win/2004/08/events/event\"\u003e\u003cData Name=\"SubjectUserSid\"\u003eS-1-5-21-1569727641-2518674866-3296776394-500\u003c/Data\u003e\u003cData Name=\"SubjectUserName\"\u003ewardog\u003c/Data\u003e\u003cData Name=\"SubjectDomainName\"\u003eMSSENTINEL\u003c/Data\u003e\u003cData Name=\"SubjectLogonId\"\u003e0x1ef7e8e\u003c/Data\u003e\u003cData Name=\"ObjectServer\"\u003eSecurity\u003c/Data\u003e\u003cData Name=\"ObjectType\"\u003eKey\u003c/Data\u003e\u003cData Name=\"ObjectName\"\u003e\\REGISTRY\\MACHINE\\SYSTEM\\ControlSet001\\Control\\Lsa\u003c/Data\u003e\u003cData Name=\"HandleId\"\u003e0x5ec\u003c/Data\u003e\u003cData Name=\"AccessList\"\u003e%%4432\n\t\t\t\t\u003c/Data\u003e\u003cData Name=\"AccessMask\"\u003e0x1\u003c/Data\u003e\u003cData Name=\"ProcessId\"\u003e0x3054\u003c/Data\u003e\u003cData Name=\"ProcessName\"\u003eC:\\Windows\\System32\\notepad.exe\u003c/Data\u003e\u003cData Name=\"ResourceAttributes\"\u003e-\u003c/Data\u003e\u003c/EventData\u003e","Task":"12801","SubjectUserSid":"S-1-5-21-1569727641-2518674866-3296776394-500","SubjectUserName":"wardog","SubjectDomainName":"MSSENTINEL","SubjectLogonId":"0x1ef7e8e","ObjectServer":"Security","ObjectType":"Key","ObjectName":"\\REGISTRY\\MACHINE\\SYSTEM\\ControlSet001\\Control\\Lsa","HandleId":"0x5ec","AccessList":"%%4432\n\t\t\t\t","AccessMask":"0x1","ProcessId":"0x3054","ProcessName":"C:\\Windows\\System32\\notepad.exe","ResourceAttributes":"-"},{"EventSourceName":"Microsoft-Windows-Security-Auditing","Provider":"Microsoft-Windows-Security-Auditing","ProviderGuid":"{54849625-5478-4994-a5ba-3e3b0328c30d}","Level":"0","Keywords":"0x8020000000000000","Channel":"Security","Computer":"WORKSTATION6.mssentinel.local","TimeCreated":"2022-09-22T12:31:24.179Z","TimeGenerated":"2022-09-22T04:31:24.179Z","EventRecordID":"1350076","EventID":4658,"Message":"The handle to an object was closed.\r\n\r\nSubject :\r\n\tSecurity ID:\t\tS-1-5-21-1569727641-2518674866-3296776394-500\r\n\tAccount Name:\t\twardog\r\n\tAccount Domain:\t\tMSSENTINEL\r\n\tLogon ID:\t\t0x1EF7E8E\r\n\r\nObject:\r\n\tObject Server:\t\tSecurity\r\n\tHandle ID:\t\t0x5ec\r\n\r\nProcess Information:\r\n\tProcess ID:\t\t0x3054\r\n\tProcess Name:\t\tC:\\Windows\\System32\\notepad.exe","EventData":"\u003cEventData xmlns=\"http://schemas.microsoft.com/win/2004/08/events/event\"\u003e\u003cData Name=\"SubjectUserSid\"\u003eS-1-5-21-1569727641-2518674866-3296776394-500\u003c/Data\u003e\u003cData Name=\"SubjectUserName\"\u003ewardog\u003c/Data\u003e\u003cData Name=\"SubjectDomainName\"\u003eMSSENTINEL\u003c/Data\u003e\u003cData Name=\"SubjectLogonId\"\u003e0x1ef7e8e\u003c/Data\u003e\u003cData Name=\"ObjectServer\"\u003eSecurity\u003c/Data\u003e\u003cData Name=\"HandleId\"\u003e0x5ec\u003c/Data\u003e\u003cData Name=\"ProcessId\"\u003e0x3054\u003c/Data\u003e\u003cData Name=\"ProcessName\"\u003eC:\\Windows\\System32\\notepad.exe\u003c/Data\u003e\u003c/EventData\u003e","Task":"12801","SubjectUserSid":"S-1-5-21-1569727641-2518674866-3296776394-500","SubjectUserName":"wardog","SubjectDomainName":"MSSENTINEL","SubjectLogonId":"0x1ef7e8e","ObjectServer":"Security","HandleId":"0x5ec","ProcessId":"0x3054","ProcessName":"C:\\Windows\\System32\\notepad.exe"},{"EventSourceName":"Microsoft-Windows-Security-Auditing","Provider":"Microsoft-Windows-Security-Auditing","ProviderGuid":"{54849625-5478-4994-a5ba-3e3b0328c30d}","Level":"0","Keywords":"0x8020000000000000","Channel":"Security","Computer":"WORKSTATION6.mssentinel.local","TimeCreated":"2022-09-22T12:31:24.596Z","TimeGenerated":"2022-09-22T04:31:24.596Z","EventRecordID":"1350077","EventID":4690,"Message":"An attempt was made to duplicate a handle to an object.\r\n\r\nSubject:\r\n\tSecurity ID:\t\tS-1-5-21-1569727641-2518674866-3296776394-500\r\n\tAccount Name:\t\twardog\r\n\tAccount Domain:\t\tMSSENTINEL\r\n\tLogon ID:\t\t0x1EF7E8E\r\n\r\nSource Handle Information:\r\n\tSource Handle ID:\t0x754\r\n\tSource Process ID:\t0x3054\r\n\r\nNew Handle Information:\r\n\tTarget Handle ID:\t0x4b8c\r\n\tTarget Process ID:\t0x4","EventData":"\u003cEventData xmlns=\"http://schemas.microsoft.com/win/2004/08/events/event\"\u003e\u003cData Name=\"SubjectUserSid\"\u003eS-1-5-21-1569727641-2518674866-3296776394-500\u003c/Data\u003e\u003cData Name=\"SubjectUserName\"\u003ewardog\u003c/Data\u003e\u003cData Name=\"SubjectDomainName\"\u003eMSSENTINEL\u003c/Data\u003e\u003cData Name=\"SubjectLogonId\"\u003e0x1ef7e8e\u003c/Data\u003e\u003cData Name=\"SourceHandleId\"\u003e0x754\u003c/Data\u003e\u003cData Name=\"SourceProcessId\"\u003e0x3054\u003c/Data\u003e\u003cData Name=\"TargetHandleId\"\u003e0x4b8c\u003c/Data\u003e\u003cData Name=\"TargetProcessId\"\u003e0x4\u003c/Data\u003e\u003c/EventData\u003e","Task":"12807","SubjectUserSid":"S-1-5-21-1569727641-2518674866-3296776394-500","SubjectUserName":"wardog","SubjectDomainName":"MSSENTINEL","SubjectLogonId":"0x1ef7e8e","SourceHandleId":"0x754","SourceProcessId":"0x3054","TargetHandleId":"0x4b8c","TargetProcessId":"0x4"},{"EventSourceName":"Microsoft-Windows-Security-Auditing","Provider":"Microsoft-Windows-Security-Auditing","ProviderGuid":"{54849625-5478-4994-a5ba-3e3b0328c30d}","Level":"0","Keywords":"0x8020000000000000","Channel":"Security","Computer":"WORKSTATION6.mssentinel.local","TimeCreated":"2022-09-22T12:31:24.596Z","TimeGenerated":"2022-09-22T04:31:24.596Z","EventRecordID":"1350078","EventID":4658,"Message":"The handle to an object was closed.\r\n\r\nSubject :\r\n\tSecurity ID:\t\tS-1-5-21-1569727641-2518674866-3296776394-500\r\n\tAccount Name:\t\twardog\r\n\tAccount Domain:\t\tMSSENTINEL\r\n\tLogon ID:\t\t0x1EF7E8E\r\n\r\nObject:\r\n\tObject Server:\t\tSecurity\r\n\tHandle ID:\t\t0x4b8c\r\n\r\nProcess Information:\r\n\tProcess ID:\t\t0x3054\r\n\tProcess Name:\t\tC:\\Windows\\System32\\notepad.exe","EventData":"\u003cEventData xmlns=\"http://schemas.microsoft.com/win/2004/08/events/event\"\u003e\u003cData Name=\"SubjectUserSid\"\u003eS-1-5-21-1569727641-2518674866-3296776394-500\u003c/Data\u003e\u003cData Name=\"SubjectUserName\"\u003ewardog\u003c/Data\u003e\u003cData Name=\"SubjectDomainName\"\u003eMSSENTINEL\u003c/Data\u003e\u003cData Name=\"SubjectLogonId\"\u003e0x1ef7e8e\u003c/Data\u003e\u003cData Name=\"ObjectServer\"\u003eSecurity\u003c/Data\u003e\u003cData Name=\"HandleId\"\u003e0x4b8c\u003c/Data\u003e\u003cData Name=\"ProcessId\"\u003e0x3054\u003c/Data\u003e\u003cData Name=\"ProcessName\"\u003eC:\\Windows\\System32\\notepad.exe\u003c/Data\u003e\u003c/EventData\u003e","Task":"12801","SubjectUserSid":"S-1-5-21-1569727641-2518674866-3296776394-500","SubjectUserName":"wardog","SubjectDomainName":"MSSENTINEL","SubjectLogonId":"0x1ef7e8e","ObjectServer":"Security","HandleId":"0x4b8c","ProcessId":"0x3054","ProcessName":"C:\\Windows\\System32\\notepad.exe"},{"EventSourceName":"Microsoft-Windows-Security-Auditing","Provider":"Microsoft-Windows-Security-Auditing","ProviderGuid":"{54849625-5478-4994-a5ba-3e3b0328c30d}","Level":"0","Keywords":"0x8020000000000000","Channel":"Security","Computer":"WORKSTATION6.mssentinel.local","TimeCreated":"2022-09-22T12:31:24.596Z","TimeGenerated":"2022-09-22T04:31:24.596Z","EventRecordID":"1350079","EventID":4656,"Message":"A handle to an object was requested.\r\n\r\nSubject:\r\n\tSecurity ID:\t\tS-1-5-21-1569727641-2518674866-3296776394-500\r\n\tAccount Name:\t\twardog\r\n\tAccount Domain:\t\tMSSENTINEL\r\n\tLogon ID:\t\t0x1EF7E8E\r\n\r\nObject:\r\n\tObject Server:\t\tSecurity\r\n\tObject Type:\t\tKey\r\n\tObject Name:\t\t\\REGISTRY\\MACHINE\\SOFTWARE\\Microsoft\\Windows NT\\CurrentVersion\\Winlogon\r\n\tHandle ID:\t\t0x754\r\n\tResource Attributes:\t-\r\n\r\nProcess Information:\r\n\tProcess ID:\t\t0x3054\r\n\tProcess Name:\t\tC:\\Windows\\System32\\notepad.exe\r\n\r\nAccess Request Information:\r\n\tTransaction ID:\t\t{00000000-0000-0000-0000-000000000000}\r\n\tAccesses:\t\tREAD_CONTROL\r\n\t\t\t\tQuery key value\r\n\t\t\t\tEnumerate sub-keys\r\n\t\t\t\tNotify about changes to keys\r\n\t\t\t\t\r\n\tAccess Reasons:\t\t-\r\n\tAccess Mask:\t\t0x20019\r\n\tPrivileges Used for Access Check:\t-\r\n\tRestricted SID Count:\t0","EventData":"\u003cEventData xmlns=\"http://schemas.microsoft.com/win/2004/08/events/event\"\u003e\u003cData Name=\"SubjectUserSid\"\u003eS-1-5-21-1569727641-2518674866-3296776394-500\u003c/Data\u003e\u003cData Name=\"SubjectUserName\"\u003ewardog\u003c/Data\u003e\u003cData Name=\"SubjectDomainName\"\u003eMSSENTINEL\u003c/Data\u003e\u003cData Name=\"SubjectLogonId\"\u003e0x1ef7e8e\u003c/Data\u003e\u003cData Name=\"ObjectServer\"\u003eSecurity\u003c/Data\u003e\u003cData Name=\"ObjectType\"\u003eKey\u003c/Data\u003e\u003cData Name=\"ObjectName\"\u003e\\REGISTRY\\MACHINE\\SOFTWARE\\Microsoft\\Windows NT\\CurrentVersion\\Winlogon\u003c/Data\u003e\u003cData Name=\"HandleId\"\u003e0x754\u003c/Data\u003e\u003cData Name=\"TransactionId\"\u003e{00000000-0000-0000-0000-000000000000}\u003c/Data\u003e\u003cData Name=\"AccessList\"\u003e%%1538\n\t\t\t\t%%4432\n\t\t\t\t%%4435\n\t\t\t\t%%4436\n\t\t\t\t\u003c/Data\u003e\u003cData Name=\"AccessReason\"\u003e-\u003c/Data\u003e\u003cData Name=\"AccessMask\"\u003e0x20019\u003c/Data\u003e\u003cData Name=\"PrivilegeList\"\u003e-\u003c/Data\u003e\u003cData Name=\"RestrictedSidCount\"\u003e0\u003c/Data\u003e\u003cData Name=\"ProcessId\"\u003e0x3054\u003c/Data\u003e\u003cData Name=\"ProcessName\"\u003eC:\\Windows\\System32\\notepad.exe\u003c/Data\u003e\u003cData Name=\"ResourceAttributes\"\u003e-\u003c/Data\u003e\u003c/EventData\u003e","Task":"12801","SubjectUserSid":"S-1-5-21-1569727641-2518674866-3296776394-500","SubjectUserName":"wardog","SubjectDomainName":"MSSENTINEL","SubjectLogonId":"0x1ef7e8e","ObjectServer":"Security","ObjectType":"Key","ObjectName":"\\REGISTRY\\MACHINE\\SOFTWARE\\Microsoft\\Windows NT\\CurrentVersion\\Winlogon","HandleId":"0x754","TransactionId":"{00000000-0000-0000-0000-000000000000}","AccessList":"%%1538\n\t\t\t\t%%4432\n\t\t\t\t%%4435\n\t\t\t\t%%4436\n\t\t\t\t","AccessReason":"-","AccessMask":"0x20019","PrivilegeList":"-","RestrictedSidCount":"0","ProcessId":"0x3054","ProcessName":"C:\\Windows\\System32\\notepad.exe","ResourceAttributes":"-"},{"EventSourceName":"Microsoft-Windows-Security-Auditing","Provider":"Microsoft-Windows-Security-Auditing","ProviderGuid":"{54849625-5478-4994-a5ba-3e3b0328c30d}","Level":"0","Keywords":"0x8020000000000000","Channel":"Security","Computer":"WORKSTATION6.mssentinel.local","TimeCreated":"2022-09-22T12:31:24.596Z","TimeGenerated":"2022-09-22T04:31:24.596Z","EventRecordID":"1350080","EventID":4663,"Message":"An attempt was made to access an object.\r\n\r\nSubject:\r\n\tSecurity ID:\t\tS-1-5-21-1569727641-2518674866-3296776394-500\r\n\tAccount Name:\t\twardog\r\n\tAccount Domain:\t\tMSSENTINEL\r\n\tLogon ID:\t\t0x1EF7E8E\r\n\r\nObject:\r\n\tObject Server:\t\tSecurity\r\n\tObject Type:\t\tKey\r\n\tObject Name:\t\t\\REGISTRY\\MACHINE\\SOFTWARE\\Microsoft\\Windows NT\\CurrentVersion\\Winlogon\r\n\tHandle ID:\t\t0x754\r\n\tResource Attributes:\t-\r\n\r\nProcess Information:\r\n\tProcess ID:\t\t0x3054\r\n\tProcess Name:\t\tC:\\Windows\\System32\\notepad.exe\r\n\r\nAccess Request Information:\r\n\tAccesses:\t\tQuery key value\r\n\t\t\t\t\r\n\tAccess Mask:\t\t0x1","EventData":"\u003cEventData xmlns=\"http://schemas.microsoft.com/win/2004/08/events/event\"\u003e\u003cData Name=\"SubjectUserSid\"\u003eS-1-5-21-1569727641-2518674866-3296776394-500\u003c/Data\u003e\u003cData Name=\"SubjectUserName\"\u003ewardog\u003c/Data\u003e\u003cData Name=\"SubjectDomainName\"\u003eMSSENTINEL\u003c/Data\u003e\u003cData Name=\"SubjectLogonId\"\u003e0x1ef7e8e\u003c/Data\u003e\u003cData Name=\"ObjectServer\"\u003eSecurity\u003c/Data\u003e\u003cData Name=\"ObjectType\"\u003eKey\u003c/Data\u003e\u003cData Name=\"ObjectName\"\u003e\\REGISTRY\\MACHINE\\SOFTWARE\\Microsoft\\Windows NT\\CurrentVersion\\Winlogon\u003c/Data\u003e\u003cData Name=\"HandleId\"\u003e0x754\u003c/Data\u003e\u003cData Name=\"AccessList\"\u003e%%4432\n\t\t\t\t\u003c/Data\u003e\u003cData Name=\"AccessMask\"\u003e0x1\u003c/Data\u003e\u003cData Name=\"ProcessId\"\u003e0x3054\u003c/Data\u003e\u003cData Name=\"ProcessName\"\u003eC:\\Windows\\System32\\notepad.exe\u003c/Data\u003e\u003cData Name=\"ResourceAttributes\"\u003e-\u003c/Data\u003e\u003c/EventData\u003e","Task":"12801","SubjectUserSid":"S-1-5-21-1569727641-2518674866-3296776394-500","SubjectUserName":"wardog","SubjectDomainName":"MSSENTINEL","SubjectLogonId":"0x1ef7e8e","ObjectServer":"Security","ObjectType":"Key","ObjectName":"\\REGISTRY\\MACHINE\\SOFTWARE\\Microsoft\\Windows NT\\CurrentVersion\\Winlogon","HandleId":"0x754","AccessList":"%%4432\n\t\t\t\t","AccessMask":"0x1","ProcessId":"0x3054","ProcessName":"C:\\Windows\\System32\\notepad.exe","ResourceAttributes":"-"},{"EventSourceName":"Microsoft-Windows-Security-Auditing","Provider":"Microsoft-Windows-Security-Auditing","ProviderGuid":"{54849625-5478-4994-a5ba-3e3b0328c30d}","Level":"0","Keywords":"0x8020000000000000","Channel":"Security","Computer":"WORKSTATION6.mssentinel.local","TimeCreated":"2022-09-22T12:31:24.596Z","TimeGenerated":"2022-09-22T04:31:24.596Z","EventRecordID":"1350081","EventID":4658,"Message":"The handle to an object was closed.\r\n\r\nSubject :\r\n\tSecurity ID:\t\tS-1-5-21-1569727641-2518674866-3296776394-500\r\n\tAccount Name:\t\twardog\r\n\tAccount Domain:\t\tMSSENTINEL\r\n\tLogon ID:\t\t0x1EF7E8E\r\n\r\nObject:\r\n\tObject Server:\t\tSecurity\r\n\tHandle ID:\t\t0x754\r\n\r\nProcess Information:\r\n\tProcess ID:\t\t0x3054\r\n\tProcess Name:\t\tC:\\Windows\\System32\\notepad.exe","EventData":"\u003cEventData xmlns=\"http://schemas.microsoft.com/win/2004/08/events/event\"\u003e\u003cData Name=\"SubjectUserSid\"\u003eS-1-5-21-1569727641-2518674866-3296776394-500\u003c/Data\u003e\u003cData Name=\"SubjectUserName\"\u003ewardog\u003c/Data\u003e\u003cData Name=\"SubjectDomainName\"\u003eMSSENTINEL\u003c/Data\u003e\u003cData Name=\"SubjectLogonId\"\u003e0x1ef7e8e\u003c/Data\u003e\u003cData Name=\"ObjectServer\"\u003eSecurity\u003c/Data\u003e\u003cData Name=\"HandleId\"\u003e0x754\u003c/Data\u003e\u003cData Name=\"ProcessId\"\u003e0x3054\u003c/Data\u003e\u003cData Name=\"ProcessName\"\u003eC:\\Windows\\System32\\notepad.exe\u003c/Data\u003e\u003c/EventData\u003e","Task":"12801","SubjectUserSid":"S-1-5-21-1569727641-2518674866-3296776394-500","SubjectUserName":"wardog","SubjectDomainName":"MSSENTINEL","SubjectLogonId":"0x1ef7e8e","ObjectServer":"Security","HandleId":"0x754","ProcessId":"0x3054","ProcessName":"C:\\Windows\\System32\\notepad.exe"},{"EventSourceName":"Microsoft-Windows-Security-Auditing","Provider":"Microsoft-Windows-Security-Auditing","ProviderGuid":"{54849625-5478-4994-a5ba-3e3b0328c30d}","Level":"0","Keywords":"0x8020000000000000","Channel":"Security","Computer":"WORKSTATION6.mssentinel.local","TimeCreated":"2022-09-22T12:31:24.599Z","TimeGenerated":"2022-09-22T04:31:24.599Z","EventRecordID":"1350082","EventID":4690,"Message":"An attempt was made to duplicate a handle to an object.\r\n\r\nSubject:\r\n\tSecurity ID:\t\tS-1-5-21-1569727641-2518674866-3296776394-500\r\n\tAccount Name:\t\twardog\r\n\tAccount Domain:\t\tMSSENTINEL\r\n\tLogon ID:\t\t0x1EF7E8E\r\n\r\nSource Handle Information:\r\n\tSource Handle ID:\t0x770\r\n\tSource Process ID:\t0x3054\r\n\r\nNew Handle Information:\r\n\tTarget Handle ID:\t0x4b8c\r\n\tTarget Process ID:\t0x4","EventData":"\u003cEventData xmlns=\"http://schemas.microsoft.com/win/2004/08/events/event\"\u003e\u003cData Name=\"SubjectUserSid\"\u003eS-1-5-21-1569727641-2518674866-3296776394-500\u003c/Data\u003e\u003cData Name=\"SubjectUserName\"\u003ewardog\u003c/Data\u003e\u003cData Name=\"SubjectDomainName\"\u003eMSSENTINEL\u003c/Data\u003e\u003cData Name=\"SubjectLogonId\"\u003e0x1ef7e8e\u003c/Data\u003e\u003cData Name=\"SourceHandleId\"\u003e0x770\u003c/Data\u003e\u003cData Name=\"SourceProcessId\"\u003e0x3054\u003c/Data\u003e\u003cData Name=\"TargetHandleId\"\u003e0x4b8c\u003c/Data\u003e\u003cData Name=\"TargetProcessId\"\u003e0x4\u003c/Data\u003e\u003c/EventData\u003e","Task":"12807","SubjectUserSid":"S-1-5-21-1569727641-2518674866-3296776394-500","SubjectUserName":"wardog","SubjectDomainName":"MSSENTINEL","SubjectLogonId":"0x1ef7e8e","SourceHandleId":"0x770","SourceProcessId":"0x3054","TargetHandleId":"0x4b8c","TargetProcessId":"0x4"},{"EventSourceName":"Microsoft-Windows-Security-Auditing","Provider":"Microsoft-Windows-Security-Auditing","ProviderGuid":"{54849625-5478-4994-a5ba-3e3b0328c30d}","Level":"0","Keywords":"0x8020000000000000","Channel":"Security","Computer":"WORKSTATION6.mssentinel.local","TimeCreated":"2022-09-22T12:31:24.599Z","TimeGenerated":"2022-09-22T04:31:24.599Z","EventRecordID":"1350083","EventID":4658,"Message":"The handle to an object was closed.\r\n\r\nSubject :\r\n\tSecurity ID:\t\tS-1-5-21-1569727641-2518674866-3296776394-500\r\n\tAccount Name:\t\twardog\r\n\tAccount Domain:\t\tMSSENTINEL\r\n\tLogon ID:\t\t0x1EF7E8E\r\n\r\nObject:\r\n\tObject Server:\t\tSecurity\r\n\tHandle ID:\t\t0x4b8c\r\n\r\nProcess Information:\r\n\tProcess ID:\t\t0x3054\r\n\tProcess Name:\t\tC:\\Windows\\System32\\notepad.exe","EventData":"\u003cEventData xmlns=\"http://schemas.microsoft.com/win/2004/08/events/event\"\u003e\u003cData Name=\"SubjectUserSid\"\u003eS-1-5-21-1569727641-2518674866-3296776394-500\u003c/Data\u003e\u003cData Name=\"SubjectUserName\"\u003ewardog\u003c/Data\u003e\u003cData Name=\"SubjectDomainName\"\u003eMSSENTINEL\u003c/Data\u003e\u003cData Name=\"SubjectLogonId\"\u003e0x1ef7e8e\u003c/Data\u003e\u003cData Name=\"ObjectServer\"\u003eSecurity\u003c/Data\u003e\u003cData Name=\"HandleId\"\u003e0x4b8c\u003c/Data\u003e\u003cData Name=\"ProcessId\"\u003e0x3054\u003c/Data\u003e\u003cData Name=\"ProcessName\"\u003eC:\\Windows\\System32\\notepad.exe\u003c/Data\u003e\u003c/EventData\u003e","Task":"12801","SubjectUserSid":"S-1-5-21-1569727641-2518674866-3296776394-500","SubjectUserName":"wardog","SubjectDomainName":"MSSENTINEL","SubjectLogonId":"0x1ef7e8e","ObjectServer":"Security","HandleId":"0x4b8c","ProcessId":"0x3054","ProcessName":"C:\\Windows\\System32\\notepad.exe"},{"EventSourceName":"Microsoft-Windows-Security-Auditing","Provider":"Microsoft-Windows-Security-Auditing","ProviderGuid":"{54849625-5478-4994-a5ba-3e3b0328c30d}","Level":"0","Keywords":"0x8020000000000000","Channel":"Security","Computer":"WORKSTATION6.mssentinel.local","TimeCreated":"2022-09-22T12:31:24.599Z","TimeGenerated":"2022-09-22T04:31:24.599Z","EventRecordID":"1350084","EventID":4656,"Message":"A handle to an object was requested.\r\n\r\nSubject:\r\n\tSecurity ID:\t\tS-1-5-21-1569727641-2518674866-3296776394-500\r\n\tAccount Name:\t\twardog\r\n\tAccount Domain:\t\tMSSENTINEL\r\n\tLogon ID:\t\t0x1EF7E8E\r\n\r\nObject:\r\n\tObject Server:\t\tSecurity\r\n\tObject Type:\t\tKey\r\n\tObject Name:\t\t\\REGISTRY\\MACHINE\\SOFTWARE\\Microsoft\\Windows NT\\CurrentVersion\\Winlogon\r\n\tHandle ID:\t\t0x770\r\n\tResource Attributes:\t-\r\n\r\nProcess Information:\r\n\tProcess ID:\t\t0x3054\r\n\tProcess Name:\t\tC:\\Windows\\System32\\notepad.exe\r\n\r\nAccess Request Information:\r\n\tTransaction ID:\t\t{00000000-0000-0000-0000-000000000000}\r\n\tAccesses:\t\tREAD_CONTROL\r\n\t\t\t\tQuery key value\r\n\t\t\t\tEnumerate sub-keys\r\n\t\t\t\tNotify about changes to keys\r\n\t\t\t\t\r\n\tAccess Reasons:\t\t-\r\n\tAccess Mask:\t\t0x20019\r\n\tPrivileges Used for Access Check:\t-\r\n\tRestricted SID Count:\t0","EventData":"\u003cEventData xmlns=\"http://schemas.microsoft.com/win/2004/08/events/event\"\u003e\u003cData Name=\"SubjectUserSid\"\u003eS-1-5-21-1569727641-2518674866-3296776394-500\u003c/Data\u003e\u003cData Name=\"SubjectUserName\"\u003ewardog\u003c/Data\u003e\u003cData Name=\"SubjectDomainName\"\u003eMSSENTINEL\u003c/Data\u003e\u003cData Name=\"SubjectLogonId\"\u003e0x1ef7e8e\u003c/Data\u003e\u003cData Name=\"ObjectServer\"\u003eSecurity\u003c/Data\u003e\u003cData Name=\"ObjectType\"\u003eKey\u003c/Data\u003e\u003cData Name=\"ObjectName\"\u003e\\REGISTRY\\MACHINE\\SOFTWARE\\Microsoft\\Windows NT\\CurrentVersion\\Winlogon\u003c/Data\u003e\u003cData Name=\"HandleId\"\u003e0x770\u003c/Data\u003e\u003cData Name=\"TransactionId\"\u003e{00000000-0000-0000-0000-000000000000}\u003c/Data\u003e\u003cData Name=\"AccessList\"\u003e%%1538\n\t\t\t\t%%4432\n\t\t\t\t%%4435\n\t\t\t\t%%4436\n\t\t\t\t\u003c/Data\u003e\u003cData Name=\"AccessReason\"\u003e-\u003c/Data\u003e\u003cData Name=\"AccessMask\"\u003e0x20019\u003c/Data\u003e\u003cData Name=\"PrivilegeList\"\u003e-\u003c/Data\u003e\u003cData Name=\"RestrictedSidCount\"\u003e0\u003c/Data\u003e\u003cData Name=\"ProcessId\"\u003e0x3054\u003c/Data\u003e\u003cData Name=\"ProcessName\"\u003eC:\\Windows\\System32\\notepad.exe\u003c/Data\u003e\u003cData Name=\"ResourceAttributes\"\u003e-\u003c/Data\u003e\u003c/EventData\u003e","Task":"12801","SubjectUserSid":"S-1-5-21-1569727641-2518674866-3296776394-500","SubjectUserName":"wardog","SubjectDomainName":"MSSENTINEL","SubjectLogonId":"0x1ef7e8e","ObjectServer":"Security","ObjectType":"Key","ObjectName":"\\REGISTRY\\MACHINE\\SOFTWARE\\Microsoft\\Windows NT\\CurrentVersion\\Winlogon","HandleId":"0x770","TransactionId":"{00000000-0000-0000-0000-000000000000}","AccessList":"%%1538\n\t\t\t\t%%4432\n\t\t\t\t%%4435\n\t\t\t\t%%4436\n\t\t\t\t","AccessReason":"-","AccessMask":"0x20019","PrivilegeList":"-","RestrictedSidCount":"0","ProcessId":"0x3054","ProcessName":"C:\\Windows\\System32\\notepad.exe","ResourceAttributes":"-"},{"EventSourceName":"Microsoft-Windows-Security-Auditing","Provider":"Microsoft-Windows-Security-Auditing","ProviderGuid":"{54849625-5478-4994-a5ba-3e3b0328c30d}","Level":"0","Keywords":"0x8020000000000000","Channel":"Security","Computer":"WORKSTATION6.mssentinel.local","TimeCreated":"2022-09-22T12:31:24.599Z","TimeGenerated":"2022-09-22T04:31:24.599Z","EventRecordID":"1350085","EventID":4663,"Message":"An attempt was made to access an object.\r\n\r\nSubject:\r\n\tSecurity ID:\t\tS-1-5-21-1569727641-2518674866-3296776394-500\r\n\tAccount Name:\t\twardog\r\n\tAccount Domain:\t\tMSSENTINEL\r\n\tLogon ID:\t\t0x1EF7E8E\r\n\r\nObject:\r\n\tObject Server:\t\tSecurity\r\n\tObject Type:\t\tKey\r\n\tObject Name:\t\t\\REGISTRY\\MACHINE\\SOFTWARE\\Microsoft\\Windows NT\\CurrentVersion\\Winlogon\r\n\tHandle ID:\t\t0x770\r\n\tResource Attributes:\t-\r\n\r\nProcess Information:\r\n\tProcess ID:\t\t0x3054\r\n\tProcess Name:\t\tC:\\Windows\\System32\\notepad.exe\r\n\r\nAccess Request Information:\r\n\tAccesses:\t\tQuery key value\r\n\t\t\t\t\r\n\tAccess Mask:\t\t0x1","EventData":"\u003cEventData xmlns=\"http://schemas.microsoft.com/win/2004/08/events/event\"\u003e\u003cData Name=\"SubjectUserSid\"\u003eS-1-5-21-1569727641-2518674866-3296776394-500\u003c/Data\u003e\u003cData Name=\"SubjectUserName\"\u003ewardog\u003c/Data\u003e\u003cData Name=\"SubjectDomainName\"\u003eMSSENTINEL\u003c/Data\u003e\u003cData Name=\"SubjectLogonId\"\u003e0x1ef7e8e\u003c/Data\u003e\u003cData Name=\"ObjectServer\"\u003eSecurity\u003c/Data\u003e\u003cData Name=\"ObjectType\"\u003eKey\u003c/Data\u003e\u003cData Name=\"ObjectName\"\u003e\\REGISTRY\\MACHINE\\SOFTWARE\\Microsoft\\Windows NT\\CurrentVersion\\Winlogon\u003c/Data\u003e\u003cData Name=\"HandleId\"\u003e0x770\u003c/Data\u003e\u003cData Name=\"AccessList\"\u003e%%4432\n\t\t\t\t\u003c/Data\u003e\u003cData Name=\"AccessMask\"\u003e0x1\u003c/Data\u003e\u003cData Name=\"ProcessId\"\u003e0x3054\u003c/Data\u003e\u003cData Name=\"ProcessName\"\u003eC:\\Windows\\System32\\notepad.exe\u003c/Data\u003e\u003cData Name=\"ResourceAttributes\"\u003e-\u003c/Data\u003e\u003c/EventData\u003e","Task":"12801","SubjectUserSid":"S-1-5-21-1569727641-2518674866-3296776394-500","SubjectUserName":"wardog","SubjectDomainName":"MSSENTINEL","SubjectLogonId":"0x1ef7e8e","ObjectServer":"Security","ObjectType":"Key","ObjectName":"\\REGISTRY\\MACHINE\\SOFTWARE\\Microsoft\\Windows NT\\CurrentVersion\\Winlogon","HandleId":"0x770","AccessList":"%%4432\n\t\t\t\t","AccessMask":"0x1","ProcessId":"0x3054","ProcessName":"C:\\Windows\\System32\\notepad.exe","ResourceAttributes":"-"},{"EventSourceName":"Microsoft-Windows-Security-Auditing","Provider":"Microsoft-Windows-Security-Auditing","ProviderGuid":"{54849625-5478-4994-a5ba-3e3b0328c30d}","Level":"0","Keywords":"0x8020000000000000","Channel":"Security","Computer":"WORKSTATION6.mssentinel.local","TimeCreated":"2022-09-22T12:31:24.599Z","TimeGenerated":"2022-09-22T04:31:24.599Z","EventRecordID":"1350086","EventID":4658,"Message":"The handle to an object was closed.\r\n\r\nSubject :\r\n\tSecurity ID:\t\tS-1-5-21-1569727641-2518674866-3296776394-500\r\n\tAccount Name:\t\twardog\r\n\tAccount Domain:\t\tMSSENTINEL\r\n\tLogon ID:\t\t0x1EF7E8E\r\n\r\nObject:\r\n\tObject Server:\t\tSecurity\r\n\tHandle ID:\t\t0x770\r\n\r\nProcess Information:\r\n\tProcess ID:\t\t0x3054\r\n\tProcess Name:\t\tC:\\Windows\\System32\\notepad.exe","EventData":"\u003cEventData xmlns=\"http://schemas.microsoft.com/win/2004/08/events/event\"\u003e\u003cData Name=\"SubjectUserSid\"\u003eS-1-5-21-1569727641-2518674866-3296776394-500\u003c/Data\u003e\u003cData Name=\"SubjectUserName\"\u003ewardog\u003c/Data\u003e\u003cData Name=\"SubjectDomainName\"\u003eMSSENTINEL\u003c/Data\u003e\u003cData Name=\"SubjectLogonId\"\u003e0x1ef7e8e\u003c/Data\u003e\u003cData Name=\"ObjectServer\"\u003eSecurity\u003c/Data\u003e\u003cData Name=\"HandleId\"\u003e0x770\u003c/Data\u003e\u003cData Name=\"ProcessId\"\u003e0x3054\u003c/Data\u003e\u003cData Name=\"ProcessName\"\u003eC:\\Windows\\System32\\notepad.exe\u003c/Data\u003e\u003c/EventData\u003e","Task":"12801","SubjectUserSid":"S-1-5-21-1569727641-2518674866-3296776394-500","SubjectUserName":"wardog","SubjectDomainName":"MSSENTINEL","SubjectLogonId":"0x1ef7e8e","ObjectServer":"Security","HandleId":"0x770","ProcessId":"0x3054","ProcessName":"C:\\Windows\\System32\\notepad.exe"},{"EventSourceName":"Microsoft-Windows-Security-Auditing","Provider":"Microsoft-Windows-Security-Auditing","ProviderGuid":"{54849625-5478-4994-a5ba-3e3b0328c30d}","Level":"0","Keywords":"0x8020000000000000","Channel":"Security","Computer":"WORKSTATION6.mssentinel.local","TimeCreated":"2022-09-22T12:31:24.600Z","TimeGenerated":"2022-09-22T04:31:24.600Z","EventRecordID":"1350087","EventID":4690,"Message":"An attempt was made to duplicate a handle to an object.\r\n\r\nSubject:\r\n\tSecurity ID:\t\tS-1-5-21-1569727641-2518674866-3296776394-500\r\n\tAccount Name:\t\twardog\r\n\tAccount Domain:\t\tMSSENTINEL\r\n\tLogon ID:\t\t0x1EF7E8E\r\n\r\nSource Handle Information:\r\n\tSource Handle ID:\t0x768\r\n\tSource Process ID:\t0x3054\r\n\r\nNew Handle Information:\r\n\tTarget Handle ID:\t0x4b8c\r\n\tTarget Process ID:\t0x4","EventData":"\u003cEventData xmlns=\"http://schemas.microsoft.com/win/2004/08/events/event\"\u003e\u003cData Name=\"SubjectUserSid\"\u003eS-1-5-21-1569727641-2518674866-3296776394-500\u003c/Data\u003e\u003cData Name=\"SubjectUserName\"\u003ewardog\u003c/Data\u003e\u003cData Name=\"SubjectDomainName\"\u003eMSSENTINEL\u003c/Data\u003e\u003cData Name=\"SubjectLogonId\"\u003e0x1ef7e8e\u003c/Data\u003e\u003cData Name=\"SourceHandleId\"\u003e0x768\u003c/Data\u003e\u003cData Name=\"SourceProcessId\"\u003e0x3054\u003c/Data\u003e\u003cData Name=\"TargetHandleId\"\u003e0x4b8c\u003c/Data\u003e\u003cData Name=\"TargetProcessId\"\u003e0x4\u003c/Data\u003e\u003c/EventData\u003e","Task":"12807","SubjectUserSid":"S-1-5-21-1569727641-2518674866-3296776394-500","SubjectUserName":"wardog","SubjectDomainName":"MSSENTINEL","SubjectLogonId":"0x1ef7e8e","SourceHandleId":"0x768","SourceProcessId":"0x3054","TargetHandleId":"0x4b8c","TargetProcessId":"0x4"},{"EventSourceName":"Microsoft-Windows-Security-Auditing","Provider":"Microsoft-Windows-Security-Auditing","ProviderGuid":"{54849625-5478-4994-a5ba-3e3b0328c30d}","Level":"0","Keywords":"0x8020000000000000","Channel":"Security","Computer":"WORKSTATION6.mssentinel.local","TimeCreated":"2022-09-22T12:31:24.600Z","TimeGenerated":"2022-09-22T04:31:24.600Z","EventRecordID":"1350088","EventID":4658,"Message":"The handle to an object was closed.\r\n\r\nSubject :\r\n\tSecurity ID:\t\tS-1-5-21-1569727641-2518674866-3296776394-500\r\n\tAccount Name:\t\twardog\r\n\tAccount Domain:\t\tMSSENTINEL\r\n\tLogon ID:\t\t0x1EF7E8E\r\n\r\nObject:\r\n\tObject Server:\t\tSecurity\r\n\tHandle ID:\t\t0x4b8c\r\n\r\nProcess Information:\r\n\tProcess ID:\t\t0x3054\r\n\tProcess Name:\t\tC:\\Windows\\System32\\notepad.exe","EventData":"\u003cEventData xmlns=\"http://schemas.microsoft.com/win/2004/08/events/event\"\u003e\u003cData Name=\"SubjectUserSid\"\u003eS-1-5-21-1569727641-2518674866-3296776394-500\u003c/Data\u003e\u003cData Name=\"SubjectUserName\"\u003ewardog\u003c/Data\u003e\u003cData Name=\"SubjectDomainName\"\u003eMSSENTINEL\u003c/Data\u003e\u003cData Name=\"SubjectLogonId\"\u003e0x1ef7e8e\u003c/Data\u003e\u003cData Name=\"ObjectServer\"\u003eSecurity\u003c/Data\u003e\u003cData Name=\"HandleId\"\u003e0x4b8c\u003c/Data\u003e\u003cData Name=\"ProcessId\"\u003e0x3054\u003c/Data\u003e\u003cData Name=\"ProcessName\"\u003eC:\\Windows\\System32\\notepad.exe\u003c/Data\u003e\u003c/EventData\u003e","Task":"12801","SubjectUserSid":"S-1-5-21-1569727641-2518674866-3296776394-500","SubjectUserName":"wardog","SubjectDomainName":"MSSENTINEL","SubjectLogonId":"0x1ef7e8e","ObjectServer":"Security","HandleId":"0x4b8c","ProcessId":"0x3054","ProcessName":"C:\\Windows\\System32\\notepad.exe"},{"EventSourceName":"Microsoft-Windows-Security-Auditing","Provider":"Microsoft-Windows-Security-Auditing","ProviderGuid":"{54849625-5478-4994-a5ba-3e3b0328c30d}","Level":"0","Keywords":"0x8020000000000000","Channel":"Security","Computer":"WORKSTATION6.mssentinel.local","TimeCreated":"2022-09-22T12:31:24.600Z","TimeGenerated":"2022-09-22T04:31:24.600Z","EventRecordID":"1350089","EventID":4656,"Message":"A handle to an object was requested.\r\n\r\nSubject:\r\n\tSecurity ID:\t\tS-1-5-21-1569727641-2518674866-3296776394-500\r\n\tAccount Name:\t\twardog\r\n\tAccount Domain:\t\tMSSENTINEL\r\n\tLogon ID:\t\t0x1EF7E8E\r\n\r\nObject:\r\n\tObject Server:\t\tSecurity\r\n\tObject Type:\t\tKey\r\n\tObject Name:\t\t\\REGISTRY\\MACHINE\\SOFTWARE\\Microsoft\\Windows NT\\CurrentVersion\\Winlogon\r\n\tHandle ID:\t\t0x768\r\n\tResource Attributes:\t-\r\n\r\nProcess Information:\r\n\tProcess ID:\t\t0x3054\r\n\tProcess Name:\t\tC:\\Windows\\System32\\notepad.exe\r\n\r\nAccess Request Information:\r\n\tTransaction ID:\t\t{00000000-0000-0000-0000-000000000000}\r\n\tAccesses:\t\tREAD_CONTROL\r\n\t\t\t\tQuery key value\r\n\t\t\t\tEnumerate sub-keys\r\n\t\t\t\tNotify about changes to keys\r\n\t\t\t\t\r\n\tAccess Reasons:\t\t-\r\n\tAccess Mask:\t\t0x20019\r\n\tPrivileges Used for Access Check:\t-\r\n\tRestricted SID Count:\t0","EventData":"\u003cEventData xmlns=\"http://schemas.microsoft.com/win/2004/08/events/event\"\u003e\u003cData Name=\"SubjectUserSid\"\u003eS-1-5-21-1569727641-2518674866-3296776394-500\u003c/Data\u003e\u003cData Name=\"SubjectUserName\"\u003ewardog\u003c/Data\u003e\u003cData Name=\"SubjectDomainName\"\u003eMSSENTINEL\u003c/Data\u003e\u003cData Name=\"SubjectLogonId\"\u003e0x1ef7e8e\u003c/Data\u003e\u003cData Name=\"ObjectServer\"\u003eSecurity\u003c/Data\u003e\u003cData Name=\"ObjectType\"\u003eKey\u003c/Data\u003e\u003cData Name=\"ObjectName\"\u003e\\REGISTRY\\MACHINE\\SOFTWARE\\Microsoft\\Windows NT\\CurrentVersion\\Winlogon\u003c/Data\u003e\u003cData Name=\"HandleId\"\u003e0x768\u003c/Data\u003e\u003cData Name=\"TransactionId\"\u003e{00000000-0000-0000-0000-000000000000}\u003c/Data\u003e\u003cData Name=\"AccessList\"\u003e%%1538\n\t\t\t\t%%4432\n\t\t\t\t%%4435\n\t\t\t\t%%4436\n\t\t\t\t\u003c/Data\u003e\u003cData Name=\"AccessReason\"\u003e-\u003c/Data\u003e\u003cData Name=\"AccessMask\"\u003e0x20019\u003c/Data\u003e\u003cData Name=\"PrivilegeList\"\u003e-\u003c/Data\u003e\u003cData Name=\"RestrictedSidCount\"\u003e0\u003c/Data\u003e\u003cData Name=\"ProcessId\"\u003e0x3054\u003c/Data\u003e\u003cData Name=\"ProcessName\"\u003eC:\\Windows\\System32\\notepad.exe\u003c/Data\u003e\u003cData Name=\"ResourceAttributes\"\u003e-\u003c/Data\u003e\u003c/EventData\u003e","Task":"12801","SubjectUserSid":"S-1-5-21-1569727641-2518674866-3296776394-500","SubjectUserName":"wardog","SubjectDomainName":"MSSENTINEL","SubjectLogonId":"0x1ef7e8e","ObjectServer":"Security","ObjectType":"Key","ObjectName":"\\REGISTRY\\MACHINE\\SOFTWARE\\Microsoft\\Windows NT\\CurrentVersion\\Winlogon","HandleId":"0x768","TransactionId":"{00000000-0000-0000-0000-000000000000}","AccessList":"%%1538\n\t\t\t\t%%4432\n\t\t\t\t%%4435\n\t\t\t\t%%4436\n\t\t\t\t","AccessReason":"-","AccessMask":"0x20019","PrivilegeList":"-","RestrictedSidCount":"0","ProcessId":"0x3054","ProcessName":"C:\\Windows\\System32\\notepad.exe","ResourceAttributes":"-"},{"EventSourceName":"Microsoft-Windows-Security-Auditing","Provider":"Microsoft-Windows-Security-Auditing","ProviderGuid":"{54849625-5478-4994-a5ba-3e3b0328c30d}","Level":"0","Keywords":"0x8020000000000000","Channel":"Security","Computer":"WORKSTATION6.mssentinel.local","TimeCreated":"2022-09-22T12:31:24.600Z","TimeGenerated":"2022-09-22T04:31:24.600Z","EventRecordID":"1350090","EventID":4663,"Message":"An attempt was made to access an object.\r\n\r\nSubject:\r\n\tSecurity ID:\t\tS-1-5-21-1569727641-2518674866-3296776394-500\r\n\tAccount Name:\t\twardog\r\n\tAccount Domain:\t\tMSSENTINEL\r\n\tLogon ID:\t\t0x1EF7E8E\r\n\r\nObject:\r\n\tObject Server:\t\tSecurity\r\n\tObject Type:\t\tKey\r\n\tObject Name:\t\t\\REGISTRY\\MACHINE\\SOFTWARE\\Microsoft\\Windows NT\\CurrentVersion\\Winlogon\r\n\tHandle ID:\t\t0x768\r\n\tResource Attributes:\t-\r\n\r\nProcess Information:\r\n\tProcess ID:\t\t0x3054\r\n\tProcess Name:\t\tC:\\Windows\\System32\\notepad.exe\r\n\r\nAccess Request Information:\r\n\tAccesses:\t\tQuery key value\r\n\t\t\t\t\r\n\tAccess Mask:\t\t0x1","EventData":"\u003cEventData xmlns=\"http://schemas.microsoft.com/win/2004/08/events/event\"\u003e\u003cData Name=\"SubjectUserSid\"\u003eS-1-5-21-1569727641-2518674866-3296776394-500\u003c/Data\u003e\u003cData Name=\"SubjectUserName\"\u003ewardog\u003c/Data\u003e\u003cData Name=\"SubjectDomainName\"\u003eMSSENTINEL\u003c/Data\u003e\u003cData Name=\"SubjectLogonId\"\u003e0x1ef7e8e\u003c/Data\u003e\u003cData Name=\"ObjectServer\"\u003eSecurity\u003c/Data\u003e\u003cData Name=\"ObjectType\"\u003eKey\u003c/Data\u003e\u003cData Name=\"ObjectName\"\u003e\\REGISTRY\\MACHINE\\SOFTWARE\\Microsoft\\Windows NT\\CurrentVersion\\Winlogon\u003c/Data\u003e\u003cData Name=\"HandleId\"\u003e0x768\u003c/Data\u003e\u003cData Name=\"AccessList\"\u003e%%4432\n\t\t\t\t\u003c/Data\u003e\u003cData Name=\"AccessMask\"\u003e0x1\u003c/Data\u003e\u003cData Name=\"ProcessId\"\u003e0x3054\u003c/Data\u003e\u003cData Name=\"ProcessName\"\u003eC:\\Windows\\System32\\notepad.exe\u003c/Data\u003e\u003cData Name=\"ResourceAttributes\"\u003e-\u003c/Data\u003e\u003c/EventData\u003e","Task":"12801","SubjectUserSid":"S-1-5-21-1569727641-2518674866-3296776394-500","SubjectUserName":"wardog","SubjectDomainName":"MSSENTINEL","SubjectLogonId":"0x1ef7e8e","ObjectServer":"Security","ObjectType":"Key","ObjectName":"\\REGISTRY\\MACHINE\\SOFTWARE\\Microsoft\\Windows NT\\CurrentVersion\\Winlogon","HandleId":"0x768","AccessList":"%%4432\n\t\t\t\t","AccessMask":"0x1","ProcessId":"0x3054","ProcessName":"C:\\Windows\\System32\\notepad.exe","ResourceAttributes":"-"},{"EventSourceName":"Microsoft-Windows-Security-Auditing","Provider":"Microsoft-Windows-Security-Auditing","ProviderGuid":"{54849625-5478-4994-a5ba-3e3b0328c30d}","Level":"0","Keywords":"0x8020000000000000","Channel":"Security","Computer":"WORKSTATION6.mssentinel.local","TimeCreated":"2022-09-22T12:31:24.600Z","TimeGenerated":"2022-09-22T04:31:24.600Z","EventRecordID":"1350091","EventID":4658,"Message":"The handle to an object was closed.\r\n\r\nSubject :\r\n\tSecurity ID:\t\tS-1-5-21-1569727641-2518674866-3296776394-500\r\n\tAccount Name:\t\twardog\r\n\tAccount Domain:\t\tMSSENTINEL\r\n\tLogon ID:\t\t0x1EF7E8E\r\n\r\nObject:\r\n\tObject Server:\t\tSecurity\r\n\tHandle ID:\t\t0x768\r\n\r\nProcess Information:\r\n\tProcess ID:\t\t0x3054\r\n\tProcess Name:\t\tC:\\Windows\\System32\\notepad.exe","EventData":"\u003cEventData xmlns=\"http://schemas.microsoft.com/win/2004/08/events/event\"\u003e\u003cData Name=\"SubjectUserSid\"\u003eS-1-5-21-1569727641-2518674866-3296776394-500\u003c/Data\u003e\u003cData Name=\"SubjectUserName\"\u003ewardog\u003c/Data\u003e\u003cData Name=\"SubjectDomainName\"\u003eMSSENTINEL\u003c/Data\u003e\u003cData Name=\"SubjectLogonId\"\u003e0x1ef7e8e\u003c/Data\u003e\u003cData Name=\"ObjectServer\"\u003eSecurity\u003c/Data\u003e\u003cData Name=\"HandleId\"\u003e0x768\u003c/Data\u003e\u003cData Name=\"ProcessId\"\u003e0x3054\u003c/Data\u003e\u003cData Name=\"ProcessName\"\u003eC:\\Windows\\System32\\notepad.exe\u003c/Data\u003e\u003c/EventData\u003e","Task":"12801","SubjectUserSid":"S-1-5-21-1569727641-2518674866-3296776394-500","SubjectUserName":"wardog","SubjectDomainName":"MSSENTINEL","SubjectLogonId":"0x1ef7e8e","ObjectServer":"Security","HandleId":"0x768","ProcessId":"0x3054","ProcessName":"C:\\Windows\\System32\\notepad.exe"},{"EventSourceName":"Microsoft-Windows-Security-Auditing","Provider":"Microsoft-Windows-Security-Auditing","ProviderGuid":"{54849625-5478-4994-a5ba-3e3b0328c30d}","Level":"0","Keywords":"0x8020000000000000","Channel":"Security","Computer":"WORKSTATION6.mssentinel.local","TimeCreated":"2022-09-22T12:31:24.602Z","TimeGenerated":"2022-09-22T04:31:24.602Z","EventRecordID":"1350092","EventID":4690,"Message":"An attempt was made to duplicate a handle to an object.\r\n\r\nSubject:\r\n\tSecurity ID:\t\tS-1-5-21-1569727641-2518674866-3296776394-500\r\n\tAccount Name:\t\twardog\r\n\tAccount Domain:\t\tMSSENTINEL\r\n\tLogon ID:\t\t0x1EF7E8E\r\n\r\nSource Handle Information:\r\n\tSource Handle ID:\t0x758\r\n\tSource Process ID:\t0x3054\r\n\r\nNew Handle Information:\r\n\tTarget Handle ID:\t0x2a4c\r\n\tTarget Process ID:\t0x4","EventData":"\u003cEventData xmlns=\"http://schemas.microsoft.com/win/2004/08/events/event\"\u003e\u003cData Name=\"SubjectUserSid\"\u003eS-1-5-21-1569727641-2518674866-3296776394-500\u003c/Data\u003e\u003cData Name=\"SubjectUserName\"\u003ewardog\u003c/Data\u003e\u003cData Name=\"SubjectDomainName\"\u003eMSSENTINEL\u003c/Data\u003e\u003cData Name=\"SubjectLogonId\"\u003e0x1ef7e8e\u003c/Data\u003e\u003cData Name=\"SourceHandleId\"\u003e0x758\u003c/Data\u003e\u003cData Name=\"SourceProcessId\"\u003e0x3054\u003c/Data\u003e\u003cData Name=\"TargetHandleId\"\u003e0x2a4c\u003c/Data\u003e\u003cData Name=\"TargetProcessId\"\u003e0x4\u003c/Data\u003e\u003c/EventData\u003e","Task":"12807","SubjectUserSid":"S-1-5-21-1569727641-2518674866-3296776394-500","SubjectUserName":"wardog","SubjectDomainName":"MSSENTINEL","SubjectLogonId":"0x1ef7e8e","SourceHandleId":"0x758","SourceProcessId":"0x3054","TargetHandleId":"0x2a4c","TargetProcessId":"0x4"},{"EventSourceName":"Microsoft-Windows-Security-Auditing","Provider":"Microsoft-Windows-Security-Auditing","ProviderGuid":"{54849625-5478-4994-a5ba-3e3b0328c30d}","Level":"0","Keywords":"0x8020000000000000","Channel":"Security","Computer":"WORKSTATION6.mssentinel.local","TimeCreated":"2022-09-22T12:31:24.602Z","TimeGenerated":"2022-09-22T04:31:24.602Z","EventRecordID":"1350093","EventID":4658,"Message":"The handle to an object was closed.\r\n\r\nSubject :\r\n\tSecurity ID:\t\tS-1-5-21-1569727641-2518674866-3296776394-500\r\n\tAccount Name:\t\twardog\r\n\tAccount Domain:\t\tMSSENTINEL\r\n\tLogon ID:\t\t0x1EF7E8E\r\n\r\nObject:\r\n\tObject Server:\t\tSecurity\r\n\tHandle ID:\t\t0x2a4c\r\n\r\nProcess Information:\r\n\tProcess ID:\t\t0x3054\r\n\tProcess Name:\t\tC:\\Windows\\System32\\notepad.exe","EventData":"\u003cEventData xmlns=\"http://schemas.microsoft.com/win/2004/08/events/event\"\u003e\u003cData Name=\"SubjectUserSid\"\u003eS-1-5-21-1569727641-2518674866-3296776394-500\u003c/Data\u003e\u003cData Name=\"SubjectUserName\"\u003ewardog\u003c/Data\u003e\u003cData Name=\"SubjectDomainName\"\u003eMSSENTINEL\u003c/Data\u003e\u003cData Name=\"SubjectLogonId\"\u003e0x1ef7e8e\u003c/Data\u003e\u003cData Name=\"ObjectServer\"\u003eSecurity\u003c/Data\u003e\u003cData Name=\"HandleId\"\u003e0x2a4c\u003c/Data\u003e\u003cData Name=\"ProcessId\"\u003e0x3054\u003c/Data\u003e\u003cData Name=\"ProcessName\"\u003eC:\\Windows\\System32\\notepad.exe\u003c/Data\u003e\u003c/EventData\u003e","Task":"12801","SubjectUserSid":"S-1-5-21-1569727641-2518674866-3296776394-500","SubjectUserName":"wardog","SubjectDomainName":"MSSENTINEL","SubjectLogonId":"0x1ef7e8e","ObjectServer":"Security","HandleId":"0x2a4c","ProcessId":"0x3054","ProcessName":"C:\\Windows\\System32\\notepad.exe"},{"EventSourceName":"Microsoft-Windows-Security-Auditing","Provider":"Microsoft-Windows-Security-Auditing","ProviderGuid":"{54849625-5478-4994-a5ba-3e3b0328c30d}","Level":"0","Keywords":"0x8020000000000000","Channel":"Security","Computer":"WORKSTATION6.mssentinel.local","TimeCreated":"2022-09-22T12:31:24.602Z","TimeGenerated":"2022-09-22T04:31:24.602Z","EventRecordID":"1350094","EventID":4656,"Message":"A handle to an object was requested.\r\n\r\nSubject:\r\n\tSecurity ID:\t\tS-1-5-21-1569727641-2518674866-3296776394-500\r\n\tAccount Name:\t\twardog\r\n\tAccount Domain:\t\tMSSENTINEL\r\n\tLogon ID:\t\t0x1EF7E8E\r\n\r\nObject:\r\n\tObject Server:\t\tSecurity\r\n\tObject Type:\t\tKey\r\n\tObject Name:\t\t\\REGISTRY\\MACHINE\\SOFTWARE\\Microsoft\\Windows NT\\CurrentVersion\\Winlogon\r\n\tHandle ID:\t\t0x758\r\n\tResource Attributes:\t-\r\n\r\nProcess Information:\r\n\tProcess ID:\t\t0x3054\r\n\tProcess Name:\t\tC:\\Windows\\System32\\notepad.exe\r\n\r\nAccess Request Information:\r\n\tTransaction ID:\t\t{00000000-0000-0000-0000-000000000000}\r\n\tAccesses:\t\tREAD_CONTROL\r\n\t\t\t\tQuery key value\r\n\t\t\t\tEnumerate sub-keys\r\n\t\t\t\tNotify about changes to keys\r\n\t\t\t\t\r\n\tAccess Reasons:\t\t-\r\n\tAccess Mask:\t\t0x20019\r\n\tPrivileges Used for Access Check:\t-\r\n\tRestricted SID Count:\t0","EventData":"\u003cEventData xmlns=\"http://schemas.microsoft.com/win/2004/08/events/event\"\u003e\u003cData Name=\"SubjectUserSid\"\u003eS-1-5-21-1569727641-2518674866-3296776394-500\u003c/Data\u003e\u003cData Name=\"SubjectUserName\"\u003ewardog\u003c/Data\u003e\u003cData Name=\"SubjectDomainName\"\u003eMSSENTINEL\u003c/Data\u003e\u003cData Name=\"SubjectLogonId\"\u003e0x1ef7e8e\u003c/Data\u003e\u003cData Name=\"ObjectServer\"\u003eSecurity\u003c/Data\u003e\u003cData Name=\"ObjectType\"\u003eKey\u003c/Data\u003e\u003cData Name=\"ObjectName\"\u003e\\REGISTRY\\MACHINE\\SOFTWARE\\Microsoft\\Windows NT\\CurrentVersion\\Winlogon\u003c/Data\u003e\u003cData Name=\"HandleId\"\u003e0x758\u003c/Data\u003e\u003cData Name=\"TransactionId\"\u003e{00000000-0000-0000-0000-000000000000}\u003c/Data\u003e\u003cData Name=\"AccessList\"\u003e%%1538\n\t\t\t\t%%4432\n\t\t\t\t%%4435\n\t\t\t\t%%4436\n\t\t\t\t\u003c/Data\u003e\u003cData Name=\"AccessReason\"\u003e-\u003c/Data\u003e\u003cData Name=\"AccessMask\"\u003e0x20019\u003c/Data\u003e\u003cData Name=\"PrivilegeList\"\u003e-\u003c/Data\u003e\u003cData Name=\"RestrictedSidCount\"\u003e0\u003c/Data\u003e\u003cData Name=\"ProcessId\"\u003e0x3054\u003c/Data\u003e\u003cData Name=\"ProcessName\"\u003eC:\\Windows\\System32\\notepad.exe\u003c/Data\u003e\u003cData Name=\"ResourceAttributes\"\u003e-\u003c/Data\u003e\u003c/EventData\u003e","Task":"12801","SubjectUserSid":"S-1-5-21-1569727641-2518674866-3296776394-500","SubjectUserName":"wardog","SubjectDomainName":"MSSENTINEL","SubjectLogonId":"0x1ef7e8e","ObjectServer":"Security","ObjectType":"Key","ObjectName":"\\REGISTRY\\MACHINE\\SOFTWARE\\Microsoft\\Windows NT\\CurrentVersion\\Winlogon","HandleId":"0x758","TransactionId":"{00000000-0000-0000-0000-000000000000}","AccessList":"%%1538\n\t\t\t\t%%4432\n\t\t\t\t%%4435\n\t\t\t\t%%4436\n\t\t\t\t","AccessReason":"-","AccessMask":"0x20019","PrivilegeList":"-","RestrictedSidCount":"0","ProcessId":"0x3054","ProcessName":"C:\\Windows\\System32\\notepad.exe","ResourceAttributes":"-"},{"EventSourceName":"Microsoft-Windows-Security-Auditing","Provider":"Microsoft-Windows-Security-Auditing","ProviderGuid":"{54849625-5478-4994-a5ba-3e3b0328c30d}","Level":"0","Keywords":"0x8020000000000000","Channel":"Security","Computer":"WORKSTATION6.mssentinel.local","TimeCreated":"2022-09-22T12:31:24.602Z","TimeGenerated":"2022-09-22T04:31:24.602Z","EventRecordID":"1350095","EventID":4663,"Message":"An attempt was made to access an object.\r\n\r\nSubject:\r\n\tSecurity ID:\t\tS-1-5-21-1569727641-2518674866-3296776394-500\r\n\tAccount Name:\t\twardog\r\n\tAccount Domain:\t\tMSSENTINEL\r\n\tLogon ID:\t\t0x1EF7E8E\r\n\r\nObject:\r\n\tObject Server:\t\tSecurity\r\n\tObject Type:\t\tKey\r\n\tObject Name:\t\t\\REGISTRY\\MACHINE\\SOFTWARE\\Microsoft\\Windows NT\\CurrentVersion\\Winlogon\r\n\tHandle ID:\t\t0x758\r\n\tResource Attributes:\t-\r\n\r\nProcess Information:\r\n\tProcess ID:\t\t0x3054\r\n\tProcess Name:\t\tC:\\Windows\\System32\\notepad.exe\r\n\r\nAccess Request Information:\r\n\tAccesses:\t\tQuery key value\r\n\t\t\t\t\r\n\tAccess Mask:\t\t0x1","EventData":"\u003cEventData xmlns=\"http://schemas.microsoft.com/win/2004/08/events/event\"\u003e\u003cData Name=\"SubjectUserSid\"\u003eS-1-5-21-1569727641-2518674866-3296776394-500\u003c/Data\u003e\u003cData Name=\"SubjectUserName\"\u003ewardog\u003c/Data\u003e\u003cData Name=\"SubjectDomainName\"\u003eMSSENTINEL\u003c/Data\u003e\u003cData Name=\"SubjectLogonId\"\u003e0x1ef7e8e\u003c/Data\u003e\u003cData Name=\"ObjectServer\"\u003eSecurity\u003c/Data\u003e\u003cData Name=\"ObjectType\"\u003eKey\u003c/Data\u003e\u003cData Name=\"ObjectName\"\u003e\\REGISTRY\\MACHINE\\SOFTWARE\\Microsoft\\Windows NT\\CurrentVersion\\Winlogon\u003c/Data\u003e\u003cData Name=\"HandleId\"\u003e0x758\u003c/Data\u003e\u003cData Name=\"AccessList\"\u003e%%4432\n\t\t\t\t\u003c/Data\u003e\u003cData Name=\"AccessMask\"\u003e0x1\u003c/Data\u003e\u003cData Name=\"ProcessId\"\u003e0x3054\u003c/Data\u003e\u003cData Name=\"ProcessName\"\u003eC:\\Windows\\System32\\notepad.exe\u003c/Data\u003e\u003cData Name=\"ResourceAttributes\"\u003e-\u003c/Data\u003e\u003c/EventData\u003e","Task":"12801","SubjectUserSid":"S-1-5-21-1569727641-2518674866-3296776394-500","SubjectUserName":"wardog","SubjectDomainName":"MSSENTINEL","SubjectLogonId":"0x1ef7e8e","ObjectServer":"Security","ObjectType":"Key","ObjectName":"\\REGISTRY\\MACHINE\\SOFTWARE\\Microsoft\\Windows NT\\CurrentVersion\\Winlogon","HandleId":"0x758","AccessList":"%%4432\n\t\t\t\t","AccessMask":"0x1","ProcessId":"0x3054","ProcessName":"C:\\Windows\\System32\\notepad.exe","ResourceAttributes":"-"},{"EventSourceName":"Microsoft-Windows-Security-Auditing","Provider":"Microsoft-Windows-Security-Auditing","ProviderGuid":"{54849625-5478-4994-a5ba-3e3b0328c30d}","Level":"0","Keywords":"0x8020000000000000","Channel":"Security","Computer":"WORKSTATION6.mssentinel.local","TimeCreated":"2022-09-22T12:31:24.602Z","TimeGenerated":"2022-09-22T04:31:24.602Z","EventRecordID":"1350096","EventID":4658,"Message":"The handle to an object was closed.\r\n\r\nSubject :\r\n\tSecurity ID:\t\tS-1-5-21-1569727641-2518674866-3296776394-500\r\n\tAccount Name:\t\twardog\r\n\tAccount Domain:\t\tMSSENTINEL\r\n\tLogon ID:\t\t0x1EF7E8E\r\n\r\nObject:\r\n\tObject Server:\t\tSecurity\r\n\tHandle ID:\t\t0x758\r\n\r\nProcess Information:\r\n\tProcess ID:\t\t0x3054\r\n\tProcess Name:\t\tC:\\Windows\\System32\\notepad.exe","EventData":"\u003cEventData xmlns=\"http://schemas.microsoft.com/win/2004/08/events/event\"\u003e\u003cData Name=\"SubjectUserSid\"\u003eS-1-5-21-1569727641-2518674866-3296776394-500\u003c/Data\u003e\u003cData Name=\"SubjectUserName\"\u003ewardog\u003c/Data\u003e\u003cData Name=\"SubjectDomainName\"\u003eMSSENTINEL\u003c/Data\u003e\u003cData Name=\"SubjectLogonId\"\u003e0x1ef7e8e\u003c/Data\u003e\u003cData Name=\"ObjectServer\"\u003eSecurity\u003c/Data\u003e\u003cData Name=\"HandleId\"\u003e0x758\u003c/Data\u003e\u003cData Name=\"ProcessId\"\u003e0x3054\u003c/Data\u003e\u003cData Name=\"ProcessName\"\u003eC:\\Windows\\System32\\notepad.exe\u003c/Data\u003e\u003c/EventData\u003e","Task":"12801","SubjectUserSid":"S-1-5-21-1569727641-2518674866-3296776394-500","SubjectUserName":"wardog","SubjectDomainName":"MSSENTINEL","SubjectLogonId":"0x1ef7e8e","ObjectServer":"Security","HandleId":"0x758","ProcessId":"0x3054","ProcessName":"C:\\Windows\\System32\\notepad.exe"}]
