{"TenantId":"00000000-0000-0000-0000-000000000000","SourceSystem":"Azure AD","TimeGenerated":"2021-08-02T13:29:25.983Z","ResourceId":"/tenants/00000000-0000-0000-0000-000000000000/providers/Microsoft.aadiam","OperationName":"Update application – Certificates and secrets management ","OperationVersion":"1.0","Category":"ApplicationManagement","ResultSignature":"None","CorrelationId":"10065ffb-8199-48bc-8ff5-912cb5b8295a","Resource":"Microsoft.aadiam","ResourceGroup":"Microsoft.aadiam","Level":"4","AdditionalDetails":"[{\"key\":\"User-Agent\",\"value\":\"Mozilla/5.0 (Windows NT; Windows NT 10.0; en-US) WindowsPowerShell/5.1.17763.1971\"}]","Id":"Directory_10065ffb-8199-48bc-8ff5-912cb5b8295a_AUMVX_13992832","InitiatedBy":"{\"user\":{\"id\":\"aead923d-498b-4f64-a66c-2af91447a8b6\",\"displayName\":null,\"userPrincipalName\":\"pgustavo@simulandlabs.com\",\"ipAddress\":null,\"roles\":[]}}","LoggedByService":"Core Directory","Result":"success","TargetResources":"[{\"id\":\"11b49e19-2326-4be6-93cb-7f37439bbd81\",\"displayName\":\"SimuLandApp\",\"type\":\"Application\",\"modifiedProperties\":[{\"displayName\":\"KeyDescription\",\"oldValue\":\"[]\",\"newValue\":\"[\\\"[KeyIdentifier=59eaeebc-8a6b-44a6-9f24-7d55e64420c9,KeyType=Password,KeyUsage=Verify,DisplayName=SimuLandCreds]\\\"]\"},{\"displayName\":\"Included Updated Properties\",\"oldValue\":null,\"newValue\":\"\\\"KeyDescription\\\"\"}],\"administrativeUnits\":[]}]","AADTenantId":"00000000-0000-0000-0000-000000000000","ActivityDisplayName":"Update application – Certificates and secrets management ","ActivityDateTime":"2021-08-02T13:29:25.983Z","AADOperationType":"Update","Type":"AuditLogs","UserAgent":"Mozilla/5.0 (Windows NT; Windows NT 10.0; en-US) WindowsPowerShell/5.1.17763.1971","target":"{\"id\":\"11b49e19-2326-4be6-93cb-7f37439bbd81\",\"displayName\":\"SimuLandApp\",\"type\":\"Application\",\"modifiedProperties\":[{\"displayName\":\"KeyDescription\",\"oldValue\":\"[]\",\"newValue\":\"[\\\"[KeyIdentifier=59eaeebc-8a6b-44a6-9f24-7d55e64420c9,KeyType=Password,KeyUsage=Verify,DisplayName=SimuLandCreds]\\\"]\"},{\"displayName\":\"Included Updated Properties\",\"oldValue\":null,\"newValue\":\"\\\"KeyDescription\\\"\"}],\"administrativeUnits\":[]}","targetDisplayName":"SimuLandApp","targetId":"11b49e19-2326-4be6-93cb-7f37439bbd81","targetType":"Application","keyEvents":"{\"displayName\":\"KeyDescription\",\"oldValue\":\"[]\",\"newValue\":\"[\\\"[KeyIdentifier=59eaeebc-8a6b-44a6-9f24-7d55e64420c9,KeyType=Password,KeyUsage=Verify,DisplayName=SimuLandCreds]\\\"]\"}","InitiatingUserOrApp":"pgustavo@simulandlabs.com"}
{"TenantId":"00000000-0000-0000-0000-000000000000","SourceSystem":"Azure AD","TimeGenerated":"2021-08-02T13:29:25.983Z","ResourceId":"/tenants/00000000-0000-0000-0000-000000000000/providers/Microsoft.aadiam","OperationName":"Update application – Certificates and secrets management ","OperationVersion":"1.0","Category":"ApplicationManagement","ResultSignature":"None","CorrelationId":"10065ffb-8199-48bc-8ff5-912cb5b8295a","Resource":"Microsoft.aadiam","ResourceGroup":"Microsoft.aadiam","Level":"4","AdditionalDetails":"[{\"key\":\"User-Agent\",\"value\":\"Mozilla/5.0 (Windows NT; Windows NT 10.0; en-US) WindowsPowerShell/5.1.17763.1971\"}]","Id":"Directory_10065ffb-8199-48bc-8ff5-912cb5b8295a_AUMVX_13992832","InitiatedBy":"{\"user\":{\"id\":\"aead923d-498b-4f64-a66c-2af91447a8b6\",\"displayName\":null,\"userPrincipalName\":\"pgustavo@simulandlabs.com\",\"ipAddress\":null,\"roles\":[]}}","LoggedByService":"Core Directory","Result":"success","TargetResources":"[{\"id\":\"11b49e19-2326-4be6-93cb-7f37439bbd81\",\"displayName\":\"SimuLandApp\",\"type\":\"Application\",\"modifiedProperties\":[{\"displayName\":\"KeyDescription\",\"oldValue\":\"[]\",\"newValue\":\"[\\\"[KeyIdentifier=59eaeebc-8a6b-44a6-9f24-7d55e64420c9,KeyType=Password,KeyUsage=Verify,DisplayName=SimuLandCreds]\\\"]\"},{\"displayName\":\"Included Updated Properties\",\"oldValue\":null,\"newValue\":\"\\\"KeyDescription\\\"\"}],\"administrativeUnits\":[]}]","AADTenantId":"00000000-0000-0000-0000-000000000000","ActivityDisplayName":"Update application – Certificates and secrets management ","ActivityDateTime":"2021-08-02T13:29:25.983Z","AADOperationType":"Update","Type":"AuditLogs","UserAgent":"Mozilla/5.0 (Windows NT; Windows NT 10.0; en-US) WindowsPowerShell/5.1.17763.1971","target":"{\"id\":\"11b49e19-2326-4be6-93cb-7f37439bbd81\",\"displayName\":\"SimuLandApp\",\"type\":\"Application\",\"modifiedProperties\":[{\"displayName\":\"KeyDescription\",\"oldValue\":\"[]\",\"newValue\":\"[\\\"[KeyIdentifier=59eaeebc-8a6b-44a6-9f24-7d55e64420c9,KeyType=Password,KeyUsage=Verify,DisplayName=SimuLandCreds]\\\"]\"},{\"displayName\":\"Included Updated Properties\",\"oldValue\":null,\"newValue\":\"\\\"KeyDescription\\\"\"}],\"administrativeUnits\":[]}","targetDisplayName":"SimuLandApp","targetId":"11b49e19-2326-4be6-93cb-7f37439bbd81","targetType":"Application","keyEvents":"{\"displayName\":\"Included Updated Properties\",\"oldValue\":null,\"newValue\":\"\\\"KeyDescription\\\"\"}","InitiatingUserOrApp":"pgustavo@simulandlabs.com"}
{"TenantId":"00000000-0000-0000-0000-000000000000","SourceSystem":"Azure AD","TimeGenerated":"2021-08-02T13:25:12.246Z","ResourceId":"/tenants/00000000-0000-0000-0000-000000000000/providers/Microsoft.aadiam","OperationName":"Update application","OperationVersion":"1.0","Category":"ApplicationManagement","ResultSignature":"None","CorrelationId":"ae69aa7a-e9b7-4066-84f2-58582994d8cb","Resource":"Microsoft.aadiam","ResourceGroup":"Microsoft.aadiam","Level":"4","AdditionalDetails":"[{\"key\":\"User-Agent\",\"value\":\"Mozilla/5.0 (Windows NT; Windows NT 10.0; en-US) WindowsPowerShell/5.1.17763.1971\"}]","Id":"Directory_ae69aa7a-e9b7-4066-84f2-58582994d8cb_7H1JL_8584070","InitiatedBy":"{\"user\":{\"id\":\"aead923d-498b-4f64-a66c-2af91447a8b6\",\"displayName\":null,\"userPrincipalName\":\"pgustavo@simulandlabs.com\",\"ipAddress\":null,\"roles\":[]}}","LoggedByService":"Core Directory","Result":"success","TargetResources":"[{\"id\":\"11b49e19-2326-4be6-93cb-7f37439bbd81\",\"displayName\":\"SimuLandApp\",\"type\":\"Application\",\"modifiedProperties\":[{\"displayName\":\"RequiredResourceAccess\",\"oldValue\":\"[{\\\"ResourceAppId\\\":\\\"00000003-0000-0000-c000-000000000000\\\",\\\"RequiredAppPermissions\\\":[{\\\"EntitlementId\\\":\\\"e1fe6dd8-ba31-4d61-89e7-88639da4683d\\\",\\\"DirectAccessGrant\\\":false,\\\"ImpersonationAccessGrants\\\":[20]}],\\\"EncodingVersion\\\":1}]\",\"newValue\":\"[{\\\"ResourceAppId\\\":\\\"00000003-0000-0000-c000-000000000000\\\",\\\"RequiredAppPermissions\\\":[{\\\"EntitlementId\\\":\\\"e1fe6dd8-ba31-4d61-89e7-88639da4683d\\\",\\\"DirectAccessGrant\\\":false,\\\"ImpersonationAccessGrants\\\":[20]},{\\\"EntitlementId\\\":\\\"024d486e-b451-40bb-833d-3e66d98c5c73\\\",\\\"DirectAccessGrant\\\":false,\\\"ImpersonationAccessGrants\\\":[20]}],\\\"EncodingVersion\\\":1}]\"},{\"displayName\":\"Included Updated Properties\",\"oldValue\":null,\"newValue\":\"\\\"RequiredResourceAccess\\\"\"}],\"administrativeUnits\":[]}]","AADTenantId":"00000000-0000-0000-0000-000000000000","ActivityDisplayName":"Update application","ActivityDateTime":"2021-08-02T13:25:12.246Z","AADOperationType":"Update","Type":"Application","UserAgent":"Mozilla/5.0 (Windows NT; Windows NT 10.0; en-US) WindowsPowerShell/5.1.17763.1971","InitiatingUser":"pgustavo@simulandlabs.com","ModifiedApplication":"SimuLandApp","ModifiedApplicationObjectId":"11b49e19-2326-4be6-93cb-7f37439bbd81","ModifiedPropertyName":"RequiredResourceAccess","ResourceAppId":"00000003-0000-0000-c000-000000000000"}
{"TenantId":"00000000-0000-0000-0000-000000000000","SourceSystem":"Azure AD","TimeGenerated":"2021-08-02T13:27:20.017Z","ResourceId":"/tenants/00000000-0000-0000-0000-000000000000/providers/Microsoft.aadiam","OperationName":"Add delegated permission grant","OperationVersion":"1.0","Category":"ApplicationManagement","ResultSignature":"None","CorrelationId":"630d7f0c-acc4-4596-85ab-7e5d839b4291","Resource":"Microsoft.aadiam","ResourceGroup":"Microsoft.aadiam","Level":"4","AdditionalDetails":"[{\"key\":\"User-Agent\",\"value\":\"Mozilla/5.0 (Windows NT; Windows NT 10.0; en-US) WindowsPowerShell/5.1.17763.1971\"}]","Id":"Directory_630d7f0c-acc4-4596-85ab-7e5d839b4291_9VRQI_37762000","InitiatedBy":"{\"user\":{\"id\":\"aead923d-498b-4f64-a66c-2af91447a8b6\",\"displayName\":null,\"userPrincipalName\":\"pgustavo@simulandlabs.com\",\"ipAddress\":null,\"roles\":[]}}","LoggedByService":"Core Directory","Result":"success","TargetResources":"[{\"id\":\"401dd906-ea4f-4d41-b762-7e936d222368\",\"displayName\":\"Microsoft Graph\",\"type\":\"ServicePrincipal\",\"modifiedProperties\":[{\"displayName\":\"DelegatedPermissionGrant.Scope\",\"oldValue\":\"\\\"User.Read\\\"\",\"newValue\":\"\\\"User.Read Mail.ReadWrite\\\"\"},{\"displayName\":\"DelegatedPermissionGrant.ConsentType\",\"oldValue\":\"\\\"AllPrincipals\\\"\",\"newValue\":\"\\\"AllPrincipals\\\"\"},{\"displayName\":\"ServicePrincipal.ObjectID\",\"oldValue\":null,\"newValue\":\"\\\"0d2f5969-011b-460d-ac74-3291d227d49f\\\"\"},{\"displayName\":\"ServicePrincipal.DisplayName\",\"oldValue\":null,\"newValue\":null},{\"displayName\":\"ServicePrincipal.AppId\",\"oldValue\":null,\"newValue\":null},{\"displayName\":\"ServicePrincipal.Name\",\"oldValue\":null,\"newValue\":null},{\"displayName\":\"TargetId.ServicePrincipalNames\",\"oldValue\":null,\"newValue\":\"\\\"00000003-0000-0000-c000-000000000000/ags.windows.net;00000003-0000-0000-c000-000000000000;https://canary.graph.microsoft.com;https://graph.microsoft.com;https://ags.windows.net;https://graph.microsoft.us;https://graph.microsoft.com/;https://dod-graph.microsoft.us;https://canary.graph.microsoft.com/;https://graph.microsoft.us/;https://dod-graph.microsoft.us/\\\"\"}],\"administrativeUnits\":[]},{\"id\":\"0d2f5969-011b-460d-ac74-3291d227d49f\",\"displayName\":null,\"type\":\"ServicePrincipal\",\"modifiedProperties\":[],\"administrativeUnits\":[]}]","AADTenantId":"00000000-0000-0000-0000-000000000000","ActivityDisplayName":"Add delegated permission grant","ActivityDateTime":"2021-08-02T13:27:20.017Z","AADOperationType":"Assign","Type":"ServicePrincipal","UserAgent":"Mozilla/5.0 (Windows NT; Windows NT 10.0; en-US) WindowsPowerShell/5.1.17763.1971","InitiatingUser":"pgustavo@simulandlabs.com","DisplayName":"DelegatedPermissionGrant.Scope","Permissions":"User.Read Mail.ReadWrite","PermissionsAddedTo":"Microsoft Graph"}
