<BackupInst xmlns="http://www.microsoft.com/GroupPolicy/GPOOperations/Manifest"><GPOGuid><![CDATA[{5d28bda6-45ee-4e69-8ea0-746d513732f7}]]></GPOGuid><GPODomain><![CDATA[shire.com]]></GPODomain><GPODomainGuid><![CDATA[{0071b080-6b81-498b-b00b-51b45474a348}]]></GPODomainGuid><GPODomainController><![CDATA[HFDC01.shire.com]]></GPODomainController><BackupTime><![CDATA[2019-05-15T11:19:54]]></BackupTime><ID><![CDATA[{60FDCFA3-155E-43A1-9D1F-62FB66E196FC}]]></ID><Comment><![CDATA[]]></Comment><GPODisplayName><![CDATA[Windows Event Forwarding]]></GPODisplayName></BackupInst>
