[{"EventSourceName":"Microsoft-Windows-Security-Auditing","Provider":"Microsoft-Windows-Security-Auditing","ProviderGuid":"{54849625-5478-4994-a5ba-3e3b0328c30d}","Level":"0","Keywords":"0x8020000000000000","Channel":"Security","Computer":"WORKSTATION6.mssentinel.local","TimeCreated":"2022-09-22T09:43:39.246Z","TimeGenerated":"2022-09-23T01:43:39.246Z","EventRecordID":"1456534","EventID":5158,"Message":"The Windows Filtering Platform has permitted a bind to a local port.\r\n\r\nApplication Information:\r\n\tProcess ID:\t\t4476\r\n\tApplication Name:\t\\device\\harddiskvolume2\\windows\\system32\\windowspowershell\\v1.0\\powershell.exe\r\n\r\nNetwork Information:\r\n\tSource Address:\t\t0.0.0.0\r\n\tSource Port:\t\t50192\r\n\tProtocol:\t\t6\r\n\r\nFilter Information:\r\n\tFilter Run-Time ID:\t0\r\n\tLayer Name:\t\tResource Assignment\r\n\tLayer Run-Time ID:\t36","EventData":"\u003cEventData xmlns=\"http://schemas.microsoft.com/win/2004/08/events/event\"\u003e\u003cData Name=\"ProcessId\"\u003e4476\u003c/Data\u003e\u003cData Name=\"Application\"\u003e\\device\\harddiskvolume2\\windows\\system32\\windowspowershell\\v1.0\\powershell.exe\u003c/Data\u003e\u003cData Name=\"SourceAddress\"\u003e0.0.0.0\u003c/Data\u003e\u003cData Name=\"SourcePort\"\u003e50192\u003c/Data\u003e\u003cData Name=\"Protocol\"\u003e6\u003c/Data\u003e\u003cData Name=\"FilterRTID\"\u003e0\u003c/Data\u003e\u003cData Name=\"LayerName\"\u003e%%14608\u003c/Data\u003e\u003cData Name=\"LayerRTID\"\u003e36\u003c/Data\u003e\u003c/EventData\u003e","Task":"12810","ProcessId":"4476","Application":"\\device\\harddiskvolume2\\windows\\system32\\windowspowershell\\v1.0\\powershell.exe","SourceAddress":"0.0.0.0","SourcePort":"50192","Protocol":"6","FilterRTID":"0","LayerName":"%%14608","LayerRTID":"36"},{"EventSourceName":"Microsoft-Windows-Security-Auditing","Provider":"Microsoft-Windows-Security-Auditing","ProviderGuid":"{54849625-5478-4994-a5ba-3e3b0328c30d}","Level":"0","Keywords":"0x8020000000000000","Channel":"Security","Computer":"WORKSTATION6.mssentinel.local","TimeCreated":"2022-09-22T09:43:39.246Z","TimeGenerated":"2022-09-23T01:43:39.246Z","EventRecordID":"1456535","EventID":5156,"Message":"The Windows Filtering Platform has permitted a connection.\r\n\r\nApplication Information:\r\n\tProcess ID:\t\t4476\r\n\tApplication Name:\t\\device\\harddiskvolume2\\windows\\system32\\windowspowershell\\v1.0\\powershell.exe\r\n\r\nNetwork Information:\r\n\tDirection:\t\tOutbound\r\n\tSource Address:\t\t192.168.2.6\r\n\tSource Port:\t\t50192\r\n\tDestination Address:\t192.168.2.4\r\n\tDestination Port:\t\t445\r\n\tProtocol:\t\t6\r\n\r\nFilter Information:\r\n\tFilter Run-Time ID:\t80075\r\n\tLayer Name:\t\tConnect\r\n\tLayer Run-Time ID:\t48","EventData":"\u003cEventData xmlns=\"http://schemas.microsoft.com/win/2004/08/events/event\"\u003e\u003cData Name=\"ProcessID\"\u003e4476\u003c/Data\u003e\u003cData Name=\"Application\"\u003e\\device\\harddiskvolume2\\windows\\system32\\windowspowershell\\v1.0\\powershell.exe\u003c/Data\u003e\u003cData Name=\"Direction\"\u003e%%14593\u003c/Data\u003e\u003cData Name=\"SourceAddress\"\u003e192.168.2.6\u003c/Data\u003e\u003cData Name=\"SourcePort\"\u003e50192\u003c/Data\u003e\u003cData Name=\"DestAddress\"\u003e192.168.2.4\u003c/Data\u003e\u003cData Name=\"DestPort\"\u003e445\u003c/Data\u003e\u003cData Name=\"Protocol\"\u003e6\u003c/Data\u003e\u003cData Name=\"FilterRTID\"\u003e80075\u003c/Data\u003e\u003cData Name=\"LayerName\"\u003e%%14611\u003c/Data\u003e\u003cData Name=\"LayerRTID\"\u003e48\u003c/Data\u003e\u003cData Name=\"RemoteUserID\"\u003eS-1-0-0\u003c/Data\u003e\u003cData Name=\"RemoteMachineID\"\u003eS-1-0-0\u003c/Data\u003e\u003c/EventData\u003e","Task":"12810","ProcessID":"4476","Application":"\\device\\harddiskvolume2\\windows\\system32\\windowspowershell\\v1.0\\powershell.exe","Direction":"%%14593","SourceAddress":"192.168.2.6","SourcePort":"50192","DestAddress":"192.168.2.4","DestPort":"445","Protocol":"6","FilterRTID":"80075","LayerName":"%%14611","LayerRTID":"48","RemoteUserID":"S-1-0-0","RemoteMachineID":"S-1-0-0"},{"EventSourceName":"Microsoft-Windows-Security-Auditing","Provider":"Microsoft-Windows-Security-Auditing","ProviderGuid":"{54849625-5478-4994-a5ba-3e3b0328c30d}","Level":"0","Keywords":"0x8020000000000000","Channel":"Security","Computer":"WORKSTATION6.mssentinel.local","TimeCreated":"2022-09-22T09:43:40.127Z","TimeGenerated":"2022-09-23T01:43:40.127Z","EventRecordID":"1456541","EventID":4690,"Message":"An attempt was made to duplicate a handle to an object.\r\n\r\nSubject:\r\n\tSecurity ID:\t\tS-1-5-18\r\n\tAccount Name:\t\tWORKSTATION6$\r\n\tAccount Domain:\t\tMSSENTINEL\r\n\tLogon ID:\t\t0x3E7\r\n\r\nSource Handle Information:\r\n\tSource Handle ID:\t0x174\r\n\tSource Process ID:\t0x1af4\r\n\r\nNew Handle Information:\r\n\tTarget Handle ID:\t0x3b54\r\n\tTarget Process ID:\t0x4","EventData":"\u003cEventData xmlns=\"http://schemas.microsoft.com/win/2004/08/events/event\"\u003e\u003cData Name=\"SubjectUserSid\"\u003eS-1-5-18\u003c/Data\u003e\u003cData Name=\"SubjectUserName\"\u003eWORKSTATION6$\u003c/Data\u003e\u003cData Name=\"SubjectDomainName\"\u003eMSSENTINEL\u003c/Data\u003e\u003cData Name=\"SubjectLogonId\"\u003e0x3e7\u003c/Data\u003e\u003cData Name=\"SourceHandleId\"\u003e0x174\u003c/Data\u003e\u003cData Name=\"SourceProcessId\"\u003e0x1af4\u003c/Data\u003e\u003cData Name=\"TargetHandleId\"\u003e0x3b54\u003c/Data\u003e\u003cData Name=\"TargetProcessId\"\u003e0x4\u003c/Data\u003e\u003c/EventData\u003e","Task":"12807","SubjectUserSid":"S-1-5-18","SubjectUserName":"WORKSTATION6$","SubjectDomainName":"MSSENTINEL","SubjectLogonId":"0x3e7","SourceHandleId":"0x174","SourceProcessId":"0x1af4","TargetHandleId":"0x3b54","TargetProcessId":"0x4"},{"EventSourceName":"Microsoft-Windows-Security-Auditing","Provider":"Microsoft-Windows-Security-Auditing","ProviderGuid":"{54849625-5478-4994-a5ba-3e3b0328c30d}","Level":"0","Keywords":"0x8020000000000000","Channel":"Security","Computer":"WORKSTATION6.mssentinel.local","TimeCreated":"2022-09-22T09:43:40.173Z","TimeGenerated":"2022-09-23T01:43:40.173Z","EventRecordID":"1456548","EventID":4690,"Message":"An attempt was made to duplicate a handle to an object.\r\n\r\nSubject:\r\n\tSecurity ID:\t\tS-1-5-18\r\n\tAccount Name:\t\tWORKSTATION6$\r\n\tAccount Domain:\t\tMSSENTINEL\r\n\tLogon ID:\t\t0x3E7\r\n\r\nSource Handle Information:\r\n\tSource Handle ID:\t0x170\r\n\tSource Process ID:\t0x384\r\n\r\nNew Handle Information:\r\n\tTarget Handle ID:\t0x1b9c\r\n\tTarget Process ID:\t0x4","EventData":"\u003cEventData xmlns=\"http://schemas.microsoft.com/win/2004/08/events/event\"\u003e\u003cData Name=\"SubjectUserSid\"\u003eS-1-5-18\u003c/Data\u003e\u003cData Name=\"SubjectUserName\"\u003eWORKSTATION6$\u003c/Data\u003e\u003cData Name=\"SubjectDomainName\"\u003eMSSENTINEL\u003c/Data\u003e\u003cData Name=\"SubjectLogonId\"\u003e0x3e7\u003c/Data\u003e\u003cData Name=\"SourceHandleId\"\u003e0x170\u003c/Data\u003e\u003cData Name=\"SourceProcessId\"\u003e0x384\u003c/Data\u003e\u003cData Name=\"TargetHandleId\"\u003e0x1b9c\u003c/Data\u003e\u003cData Name=\"TargetProcessId\"\u003e0x4\u003c/Data\u003e\u003c/EventData\u003e","Task":"12807","SubjectUserSid":"S-1-5-18","SubjectUserName":"WORKSTATION6$","SubjectDomainName":"MSSENTINEL","SubjectLogonId":"0x3e7","SourceHandleId":"0x170","SourceProcessId":"0x384","TargetHandleId":"0x1b9c","TargetProcessId":"0x4"},{"EventSourceName":"Microsoft-Windows-Security-Auditing","Provider":"Microsoft-Windows-Security-Auditing","ProviderGuid":"{54849625-5478-4994-a5ba-3e3b0328c30d}","Level":"0","Keywords":"0x8020000000000000","Channel":"Security","Computer":"WORKSTATION6.mssentinel.local","TimeCreated":"2022-09-22T09:43:40.173Z","TimeGenerated":"2022-09-23T01:43:40.173Z","EventRecordID":"1456549","EventID":4658,"Message":"The handle to an object was closed.\r\n\r\nSubject :\r\n\tSecurity ID:\t\tS-1-5-18\r\n\tAccount Name:\t\tWORKSTATION6$\r\n\tAccount Domain:\t\tMSSENTINEL\r\n\tLogon ID:\t\t0x3E7\r\n\r\nObject:\r\n\tObject Server:\t\tSecurity\r\n\tHandle ID:\t\t0x1b9c\r\n\r\nProcess Information:\r\n\tProcess ID:\t\t0x384\r\n\tProcess Name:\t\tC:\\Windows\\System32\\SearchFilterHost.exe","EventData":"\u003cEventData xmlns=\"http://schemas.microsoft.com/win/2004/08/events/event\"\u003e\u003cData Name=\"SubjectUserSid\"\u003eS-1-5-18\u003c/Data\u003e\u003cData Name=\"SubjectUserName\"\u003eWORKSTATION6$\u003c/Data\u003e\u003cData Name=\"SubjectDomainName\"\u003eMSSENTINEL\u003c/Data\u003e\u003cData Name=\"SubjectLogonId\"\u003e0x3e7\u003c/Data\u003e\u003cData Name=\"ObjectServer\"\u003eSecurity\u003c/Data\u003e\u003cData Name=\"HandleId\"\u003e0x1b9c\u003c/Data\u003e\u003cData Name=\"ProcessId\"\u003e0x384\u003c/Data\u003e\u003cData Name=\"ProcessName\"\u003eC:\\Windows\\System32\\SearchFilterHost.exe\u003c/Data\u003e\u003c/EventData\u003e","Task":"12801","SubjectUserSid":"S-1-5-18","SubjectUserName":"WORKSTATION6$","SubjectDomainName":"MSSENTINEL","SubjectLogonId":"0x3e7","ObjectServer":"Security","HandleId":"0x1b9c","ProcessId":"0x384","ProcessName":"C:\\Windows\\System32\\SearchFilterHost.exe"},{"EventSourceName":"Microsoft-Windows-Security-Auditing","Provider":"Microsoft-Windows-Security-Auditing","ProviderGuid":"{54849625-5478-4994-a5ba-3e3b0328c30d}","Level":"0","Keywords":"0x8020000000000000","Channel":"Security","Computer":"WORKSTATION6.mssentinel.local","TimeCreated":"2022-09-22T09:43:40.173Z","TimeGenerated":"2022-09-23T01:43:40.173Z","EventRecordID":"1456550","EventID":4656,"Message":"A handle to an object was requested.\r\n\r\nSubject:\r\n\tSecurity ID:\t\tS-1-5-18\r\n\tAccount Name:\t\tWORKSTATION6$\r\n\tAccount Domain:\t\tMSSENTINEL\r\n\tLogon ID:\t\t0x3E7\r\n\r\nObject:\r\n\tObject Server:\t\tSecurity\r\n\tObject Type:\t\tKey\r\n\tObject Name:\t\t\\REGISTRY\\MACHINE\\SYSTEM\\ControlSet001\\Control\\Lsa\r\n\tHandle ID:\t\t0x170\r\n\tResource Attributes:\t-\r\n\r\nProcess Information:\r\n\tProcess ID:\t\t0x384\r\n\tProcess Name:\t\tC:\\Windows\\System32\\SearchFilterHost.exe\r\n\r\nAccess Request Information:\r\n\tTransaction ID:\t\t{00000000-0000-0000-0000-000000000000}\r\n\tAccesses:\t\tQuery key value\r\n\t\t\t\t\r\n\tAccess Reasons:\t\t-\r\n\tAccess Mask:\t\t0x1\r\n\tPrivileges Used for Access Check:\t-\r\n\tRestricted SID Count:\t7","EventData":"\u003cEventData xmlns=\"http://schemas.microsoft.com/win/2004/08/events/event\"\u003e\u003cData Name=\"SubjectUserSid\"\u003eS-1-5-18\u003c/Data\u003e\u003cData Name=\"SubjectUserName\"\u003eWORKSTATION6$\u003c/Data\u003e\u003cData Name=\"SubjectDomainName\"\u003eMSSENTINEL\u003c/Data\u003e\u003cData Name=\"SubjectLogonId\"\u003e0x3e7\u003c/Data\u003e\u003cData Name=\"ObjectServer\"\u003eSecurity\u003c/Data\u003e\u003cData Name=\"ObjectType\"\u003eKey\u003c/Data\u003e\u003cData Name=\"ObjectName\"\u003e\\REGISTRY\\MACHINE\\SYSTEM\\ControlSet001\\Control\\Lsa\u003c/Data\u003e\u003cData Name=\"HandleId\"\u003e0x170\u003c/Data\u003e\u003cData Name=\"TransactionId\"\u003e{00000000-0000-0000-0000-000000000000}\u003c/Data\u003e\u003cData Name=\"AccessList\"\u003e%%4432\n\t\t\t\t\u003c/Data\u003e\u003cData Name=\"AccessReason\"\u003e-\u003c/Data\u003e\u003cData Name=\"AccessMask\"\u003e0x1\u003c/Data\u003e\u003cData Name=\"PrivilegeList\"\u003e-\u003c/Data\u003e\u003cData Name=\"RestrictedSidCount\"\u003e7\u003c/Data\u003e\u003cData Name=\"ProcessId\"\u003e0x384\u003c/Data\u003e\u003cData Name=\"ProcessName\"\u003eC:\\Windows\\System32\\SearchFilterHost.exe\u003c/Data\u003e\u003cData Name=\"ResourceAttributes\"\u003e-\u003c/Data\u003e\u003c/EventData\u003e","Task":"12801","SubjectUserSid":"S-1-5-18","SubjectUserName":"WORKSTATION6$","SubjectDomainName":"MSSENTINEL","SubjectLogonId":"0x3e7","ObjectServer":"Security","ObjectType":"Key","ObjectName":"\\REGISTRY\\MACHINE\\SYSTEM\\ControlSet001\\Control\\Lsa","HandleId":"0x170","TransactionId":"{00000000-0000-0000-0000-000000000000}","AccessList":"%%4432\n\t\t\t\t","AccessReason":"-","AccessMask":"0x1","PrivilegeList":"-","RestrictedSidCount":"7","ProcessId":"0x384","ProcessName":"C:\\Windows\\System32\\SearchFilterHost.exe","ResourceAttributes":"-"},{"EventSourceName":"Microsoft-Windows-Security-Auditing","Provider":"Microsoft-Windows-Security-Auditing","ProviderGuid":"{54849625-5478-4994-a5ba-3e3b0328c30d}","Level":"0","Keywords":"0x8020000000000000","Channel":"Security","Computer":"WORKSTATION6.mssentinel.local","TimeCreated":"2022-09-22T09:43:40.173Z","TimeGenerated":"2022-09-23T01:43:40.173Z","EventRecordID":"1456551","EventID":4663,"Message":"An attempt was made to access an object.\r\n\r\nSubject:\r\n\tSecurity ID:\t\tS-1-5-18\r\n\tAccount Name:\t\tWORKSTATION6$\r\n\tAccount Domain:\t\tMSSENTINEL\r\n\tLogon ID:\t\t0x3E7\r\n\r\nObject:\r\n\tObject Server:\t\tSecurity\r\n\tObject Type:\t\tKey\r\n\tObject Name:\t\t\\REGISTRY\\MACHINE\\SYSTEM\\ControlSet001\\Control\\Lsa\r\n\tHandle ID:\t\t0x170\r\n\tResource Attributes:\t-\r\n\r\nProcess Information:\r\n\tProcess ID:\t\t0x384\r\n\tProcess Name:\t\tC:\\Windows\\System32\\SearchFilterHost.exe\r\n\r\nAccess Request Information:\r\n\tAccesses:\t\tQuery key value\r\n\t\t\t\t\r\n\tAccess Mask:\t\t0x1","EventData":"\u003cEventData xmlns=\"http://schemas.microsoft.com/win/2004/08/events/event\"\u003e\u003cData Name=\"SubjectUserSid\"\u003eS-1-5-18\u003c/Data\u003e\u003cData Name=\"SubjectUserName\"\u003eWORKSTATION6$\u003c/Data\u003e\u003cData Name=\"SubjectDomainName\"\u003eMSSENTINEL\u003c/Data\u003e\u003cData Name=\"SubjectLogonId\"\u003e0x3e7\u003c/Data\u003e\u003cData Name=\"ObjectServer\"\u003eSecurity\u003c/Data\u003e\u003cData Name=\"ObjectType\"\u003eKey\u003c/Data\u003e\u003cData Name=\"ObjectName\"\u003e\\REGISTRY\\MACHINE\\SYSTEM\\ControlSet001\\Control\\Lsa\u003c/Data\u003e\u003cData Name=\"HandleId\"\u003e0x170\u003c/Data\u003e\u003cData Name=\"AccessList\"\u003e%%4432\n\t\t\t\t\u003c/Data\u003e\u003cData Name=\"AccessMask\"\u003e0x1\u003c/Data\u003e\u003cData Name=\"ProcessId\"\u003e0x384\u003c/Data\u003e\u003cData Name=\"ProcessName\"\u003eC:\\Windows\\System32\\SearchFilterHost.exe\u003c/Data\u003e\u003cData Name=\"ResourceAttributes\"\u003e-\u003c/Data\u003e\u003c/EventData\u003e","Task":"12801","SubjectUserSid":"S-1-5-18","SubjectUserName":"WORKSTATION6$","SubjectDomainName":"MSSENTINEL","SubjectLogonId":"0x3e7","ObjectServer":"Security","ObjectType":"Key","ObjectName":"\\REGISTRY\\MACHINE\\SYSTEM\\ControlSet001\\Control\\Lsa","HandleId":"0x170","AccessList":"%%4432\n\t\t\t\t","AccessMask":"0x1","ProcessId":"0x384","ProcessName":"C:\\Windows\\System32\\SearchFilterHost.exe","ResourceAttributes":"-"},{"EventSourceName":"Microsoft-Windows-Security-Auditing","Provider":"Microsoft-Windows-Security-Auditing","ProviderGuid":"{54849625-5478-4994-a5ba-3e3b0328c30d}","Level":"0","Keywords":"0x8020000000000000","Channel":"Security","Computer":"WORKSTATION6.mssentinel.local","TimeCreated":"2022-09-22T09:43:40.173Z","TimeGenerated":"2022-09-23T01:43:40.173Z","EventRecordID":"1456552","EventID":4658,"Message":"The handle to an object was closed.\r\n\r\nSubject :\r\n\tSecurity ID:\t\tS-1-5-18\r\n\tAccount Name:\t\tWORKSTATION6$\r\n\tAccount Domain:\t\tMSSENTINEL\r\n\tLogon ID:\t\t0x3E7\r\n\r\nObject:\r\n\tObject Server:\t\tSecurity\r\n\tHandle ID:\t\t0x170\r\n\r\nProcess Information:\r\n\tProcess ID:\t\t0x384\r\n\tProcess Name:\t\tC:\\Windows\\System32\\SearchFilterHost.exe","EventData":"\u003cEventData xmlns=\"http://schemas.microsoft.com/win/2004/08/events/event\"\u003e\u003cData Name=\"SubjectUserSid\"\u003eS-1-5-18\u003c/Data\u003e\u003cData Name=\"SubjectUserName\"\u003eWORKSTATION6$\u003c/Data\u003e\u003cData Name=\"SubjectDomainName\"\u003eMSSENTINEL\u003c/Data\u003e\u003cData Name=\"SubjectLogonId\"\u003e0x3e7\u003c/Data\u003e\u003cData Name=\"ObjectServer\"\u003eSecurity\u003c/Data\u003e\u003cData Name=\"HandleId\"\u003e0x170\u003c/Data\u003e\u003cData Name=\"ProcessId\"\u003e0x384\u003c/Data\u003e\u003cData Name=\"ProcessName\"\u003eC:\\Windows\\System32\\SearchFilterHost.exe\u003c/Data\u003e\u003c/EventData\u003e","Task":"12801","SubjectUserSid":"S-1-5-18","SubjectUserName":"WORKSTATION6$","SubjectDomainName":"MSSENTINEL","SubjectLogonId":"0x3e7","ObjectServer":"Security","HandleId":"0x170","ProcessId":"0x384","ProcessName":"C:\\Windows\\System32\\SearchFilterHost.exe"}]
