[{"EventSourceName":"Microsoft-Windows-Security-Auditing","Provider":"Microsoft-Windows-Security-Auditing","ProviderGuid":"{54849625-5478-4994-a5ba-3e3b0328c30d}","Level":"0","Keywords":"0x8020000000000000","Channel":"Security","Computer":"WORKSTATION6.mssentinel.local","TimeCreated":"2022-09-21T03:53:53.119Z","TimeGenerated":"2022-09-21T07:53:53.119Z","EventRecordID":"1080127","EventID":4688,"Message":"A new process has been created.\r\n\r\nCreator Subject:\r\n\tSecurity ID:\t\tS-1-5-21-3477790180-2159669281-522561665-500\r\n\tAccount Name:\t\twardog\r\n\tAccount Domain:\t\tWORKSTATION6\r\n\tLogon ID:\t\t0xEDA12\r\n\r\nTarget Subject:\r\n\tSecurity ID:\t\tS-1-0-0\r\n\tAccount Name:\t\t-\r\n\tAccount Domain:\t\t-\r\n\tLogon ID:\t\t0x0\r\n\r\nProcess Information:\r\n\tNew Process ID:\t\t0x564\r\n\tNew Process Name:\tC:\\ProgramData\\MiniDump.exe\r\n\tToken Elevation Type:\t%%1936\r\n\tMandatory Label:\t\tS-1-16-12288\r\n\tCreator Process ID:\t0x1b5c\r\n\tCreator Process Name:\tC:\\Windows\\System32\\cmd.exe\r\n\tProcess Command Line:\tMiniDump.exe\r\n\r\nToken Elevation Type indicates the type of token that was assigned to the new process in accordance with User Account Control policy.\r\n\r\nType 1 is a full token with no privileges removed or groups disabled.  A full token is only used if User Account Control is disabled or if the user is the built-in Administrator account or a service account.\r\n\r\nType 2 is an elevated token with no privileges removed or groups disabled.  An elevated token is used when User Account Control is enabled and the user chooses to start the program using Run as administrator.  An elevated token is also used when an application is configured to always require administrative privilege or to always require maximum privilege, and the user is a member of the Administrators group.\r\n\r\nType 3 is a limited token with administrative privileges removed and administrative groups disabled.  The limited token is used when User Account Control is enabled, the application does not require administrative privilege, and the user does not choose to start the program using Run as administrator.","EventData":"\u003cEventData xmlns=\"http://schemas.microsoft.com/win/2004/08/events/event\"\u003e\u003cData Name=\"SubjectUserSid\"\u003eS-1-5-21-3477790180-2159669281-522561665-500\u003c/Data\u003e\u003cData Name=\"SubjectUserName\"\u003ewardog\u003c/Data\u003e\u003cData Name=\"SubjectDomainName\"\u003eWORKSTATION6\u003c/Data\u003e\u003cData Name=\"SubjectLogonId\"\u003e0xeda12\u003c/Data\u003e\u003cData Name=\"NewProcessId\"\u003e0x564\u003c/Data\u003e\u003cData Name=\"NewProcessName\"\u003eC:\\ProgramData\\MiniDump.exe\u003c/Data\u003e\u003cData Name=\"TokenElevationType\"\u003e%%1936\u003c/Data\u003e\u003cData Name=\"ProcessId\"\u003e0x1b5c\u003c/Data\u003e\u003cData Name=\"CommandLine\"\u003eMiniDump.exe\u003c/Data\u003e\u003cData Name=\"TargetUserSid\"\u003eS-1-0-0\u003c/Data\u003e\u003cData Name=\"TargetUserName\"\u003e-\u003c/Data\u003e\u003cData Name=\"TargetDomainName\"\u003e-\u003c/Data\u003e\u003cData Name=\"TargetLogonId\"\u003e0x0\u003c/Data\u003e\u003cData Name=\"ParentProcessName\"\u003eC:\\Windows\\System32\\cmd.exe\u003c/Data\u003e\u003cData Name=\"MandatoryLabel\"\u003eS-1-16-12288\u003c/Data\u003e\u003c/EventData\u003e","Task":"13312","SubjectUserSid":"S-1-5-21-3477790180-2159669281-522561665-500","SubjectUserName":"wardog","SubjectDomainName":"WORKSTATION6","SubjectLogonId":"0xeda12","NewProcessId":"0x564","NewProcessName":"C:\\ProgramData\\MiniDump.exe","TokenElevationType":"%%1936","ProcessId":"0x1b5c","CommandLine":"MiniDump.exe","TargetUserSid":"S-1-0-0","TargetUserName":"-","TargetDomainName":"-","TargetLogonId":"0x0","ParentProcessName":"C:\\Windows\\System32\\cmd.exe","MandatoryLabel":"S-1-16-12288"},{"EventSourceName":"Microsoft-Windows-Security-Auditing","Provider":"Microsoft-Windows-Security-Auditing","ProviderGuid":"{54849625-5478-4994-a5ba-3e3b0328c30d}","Level":"0","Keywords":"0x8020000000000000","Channel":"Security","Computer":"WORKSTATION6.mssentinel.local","TimeCreated":"2022-09-21T03:53:53.155Z","TimeGenerated":"2022-09-21T07:53:53.155Z","EventRecordID":"1080128","EventID":4690,"Message":"An attempt was made to duplicate a handle to an object.\r\n\r\nSubject:\r\n\tSecurity ID:\t\tS-1-5-21-3477790180-2159669281-522561665-500\r\n\tAccount Name:\t\twardog\r\n\tAccount Domain:\t\tWORKSTATION6\r\n\tLogon ID:\t\t0xEDA12\r\n\r\nSource Handle Information:\r\n\tSource Handle ID:\t0xd4\r\n\tSource Process ID:\t0x564\r\n\r\nNew Handle Information:\r\n\tTarget Handle ID:\t0x3e34\r\n\tTarget Process ID:\t0x4","EventData":"\u003cEventData xmlns=\"http://schemas.microsoft.com/win/2004/08/events/event\"\u003e\u003cData Name=\"SubjectUserSid\"\u003eS-1-5-21-3477790180-2159669281-522561665-500\u003c/Data\u003e\u003cData Name=\"SubjectUserName\"\u003ewardog\u003c/Data\u003e\u003cData Name=\"SubjectDomainName\"\u003eWORKSTATION6\u003c/Data\u003e\u003cData Name=\"SubjectLogonId\"\u003e0xeda12\u003c/Data\u003e\u003cData Name=\"SourceHandleId\"\u003e0xd4\u003c/Data\u003e\u003cData Name=\"SourceProcessId\"\u003e0x564\u003c/Data\u003e\u003cData Name=\"TargetHandleId\"\u003e0x3e34\u003c/Data\u003e\u003cData Name=\"TargetProcessId\"\u003e0x4\u003c/Data\u003e\u003c/EventData\u003e","Task":"12807","SubjectUserSid":"S-1-5-21-3477790180-2159669281-522561665-500","SubjectUserName":"wardog","SubjectDomainName":"WORKSTATION6","SubjectLogonId":"0xeda12","SourceHandleId":"0xd4","SourceProcessId":"0x564","TargetHandleId":"0x3e34","TargetProcessId":"0x4"},{"EventSourceName":"Microsoft-Windows-Security-Auditing","Provider":"Microsoft-Windows-Security-Auditing","ProviderGuid":"{54849625-5478-4994-a5ba-3e3b0328c30d}","Level":"0","Keywords":"0x8020000000000000","Channel":"Security","Computer":"WORKSTATION6.mssentinel.local","TimeCreated":"2022-09-21T03:53:53.155Z","TimeGenerated":"2022-09-21T07:53:53.155Z","EventRecordID":"1080129","EventID":4658,"Message":"The handle to an object was closed.\r\n\r\nSubject :\r\n\tSecurity ID:\t\tS-1-5-21-3477790180-2159669281-522561665-500\r\n\tAccount Name:\t\twardog\r\n\tAccount Domain:\t\tWORKSTATION6\r\n\tLogon ID:\t\t0xEDA12\r\n\r\nObject:\r\n\tObject Server:\t\tSecurity\r\n\tHandle ID:\t\t0x3e34\r\n\r\nProcess Information:\r\n\tProcess ID:\t\t0x564\r\n\tProcess Name:\t\tC:\\ProgramData\\MiniDump.exe","EventData":"\u003cEventData xmlns=\"http://schemas.microsoft.com/win/2004/08/events/event\"\u003e\u003cData Name=\"SubjectUserSid\"\u003eS-1-5-21-3477790180-2159669281-522561665-500\u003c/Data\u003e\u003cData Name=\"SubjectUserName\"\u003ewardog\u003c/Data\u003e\u003cData Name=\"SubjectDomainName\"\u003eWORKSTATION6\u003c/Data\u003e\u003cData Name=\"SubjectLogonId\"\u003e0xeda12\u003c/Data\u003e\u003cData Name=\"ObjectServer\"\u003eSecurity\u003c/Data\u003e\u003cData Name=\"HandleId\"\u003e0x3e34\u003c/Data\u003e\u003cData Name=\"ProcessId\"\u003e0x564\u003c/Data\u003e\u003cData Name=\"ProcessName\"\u003eC:\\ProgramData\\MiniDump.exe\u003c/Data\u003e\u003c/EventData\u003e","Task":"12801","SubjectUserSid":"S-1-5-21-3477790180-2159669281-522561665-500","SubjectUserName":"wardog","SubjectDomainName":"WORKSTATION6","SubjectLogonId":"0xeda12","ObjectServer":"Security","HandleId":"0x3e34","ProcessId":"0x564","ProcessName":"C:\\ProgramData\\MiniDump.exe"},{"EventSourceName":"Microsoft-Windows-Security-Auditing","Provider":"Microsoft-Windows-Security-Auditing","ProviderGuid":"{54849625-5478-4994-a5ba-3e3b0328c30d}","Level":"0","Keywords":"0x8020000000000000","Channel":"Security","Computer":"WORKSTATION6.mssentinel.local","TimeCreated":"2022-09-21T03:53:53.155Z","TimeGenerated":"2022-09-21T07:53:53.155Z","EventRecordID":"1080130","EventID":4656,"Message":"A handle to an object was requested.\r\n\r\nSubject:\r\n\tSecurity ID:\t\tS-1-5-21-3477790180-2159669281-522561665-500\r\n\tAccount Name:\t\twardog\r\n\tAccount Domain:\t\tWORKSTATION6\r\n\tLogon ID:\t\t0xEDA12\r\n\r\nObject:\r\n\tObject Server:\t\tSecurity\r\n\tObject Type:\t\tKey\r\n\tObject Name:\t\t\\REGISTRY\\MACHINE\\SYSTEM\\ControlSet001\\Control\\Lsa\r\n\tHandle ID:\t\t0xd4\r\n\tResource Attributes:\t-\r\n\r\nProcess Information:\r\n\tProcess ID:\t\t0x564\r\n\tProcess Name:\t\tC:\\ProgramData\\MiniDump.exe\r\n\r\nAccess Request Information:\r\n\tTransaction ID:\t\t{00000000-0000-0000-0000-000000000000}\r\n\tAccesses:\t\tQuery key value\r\n\t\t\t\t\r\n\tAccess Reasons:\t\t-\r\n\tAccess Mask:\t\t0x1\r\n\tPrivileges Used for Access Check:\t-\r\n\tRestricted SID Count:\t0","EventData":"\u003cEventData xmlns=\"http://schemas.microsoft.com/win/2004/08/events/event\"\u003e\u003cData Name=\"SubjectUserSid\"\u003eS-1-5-21-3477790180-2159669281-522561665-500\u003c/Data\u003e\u003cData Name=\"SubjectUserName\"\u003ewardog\u003c/Data\u003e\u003cData Name=\"SubjectDomainName\"\u003eWORKSTATION6\u003c/Data\u003e\u003cData Name=\"SubjectLogonId\"\u003e0xeda12\u003c/Data\u003e\u003cData Name=\"ObjectServer\"\u003eSecurity\u003c/Data\u003e\u003cData Name=\"ObjectType\"\u003eKey\u003c/Data\u003e\u003cData Name=\"ObjectName\"\u003e\\REGISTRY\\MACHINE\\SYSTEM\\ControlSet001\\Control\\Lsa\u003c/Data\u003e\u003cData Name=\"HandleId\"\u003e0xd4\u003c/Data\u003e\u003cData Name=\"TransactionId\"\u003e{00000000-0000-0000-0000-000000000000}\u003c/Data\u003e\u003cData Name=\"AccessList\"\u003e%%4432\n\t\t\t\t\u003c/Data\u003e\u003cData Name=\"AccessReason\"\u003e-\u003c/Data\u003e\u003cData Name=\"AccessMask\"\u003e0x1\u003c/Data\u003e\u003cData Name=\"PrivilegeList\"\u003e-\u003c/Data\u003e\u003cData Name=\"RestrictedSidCount\"\u003e0\u003c/Data\u003e\u003cData Name=\"ProcessId\"\u003e0x564\u003c/Data\u003e\u003cData Name=\"ProcessName\"\u003eC:\\ProgramData\\MiniDump.exe\u003c/Data\u003e\u003cData Name=\"ResourceAttributes\"\u003e-\u003c/Data\u003e\u003c/EventData\u003e","Task":"12801","SubjectUserSid":"S-1-5-21-3477790180-2159669281-522561665-500","SubjectUserName":"wardog","SubjectDomainName":"WORKSTATION6","SubjectLogonId":"0xeda12","ObjectServer":"Security","ObjectType":"Key","ObjectName":"\\REGISTRY\\MACHINE\\SYSTEM\\ControlSet001\\Control\\Lsa","HandleId":"0xd4","TransactionId":"{00000000-0000-0000-0000-000000000000}","AccessList":"%%4432\n\t\t\t\t","AccessReason":"-","AccessMask":"0x1","PrivilegeList":"-","RestrictedSidCount":"0","ProcessId":"0x564","ProcessName":"C:\\ProgramData\\MiniDump.exe","ResourceAttributes":"-"},{"EventSourceName":"Microsoft-Windows-Security-Auditing","Provider":"Microsoft-Windows-Security-Auditing","ProviderGuid":"{54849625-5478-4994-a5ba-3e3b0328c30d}","Level":"0","Keywords":"0x8020000000000000","Channel":"Security","Computer":"WORKSTATION6.mssentinel.local","TimeCreated":"2022-09-21T03:53:53.155Z","TimeGenerated":"2022-09-21T07:53:53.155Z","EventRecordID":"1080131","EventID":4663,"Message":"An attempt was made to access an object.\r\n\r\nSubject:\r\n\tSecurity ID:\t\tS-1-5-21-3477790180-2159669281-522561665-500\r\n\tAccount Name:\t\twardog\r\n\tAccount Domain:\t\tWORKSTATION6\r\n\tLogon ID:\t\t0xEDA12\r\n\r\nObject:\r\n\tObject Server:\t\tSecurity\r\n\tObject Type:\t\tKey\r\n\tObject Name:\t\t\\REGISTRY\\MACHINE\\SYSTEM\\ControlSet001\\Control\\Lsa\r\n\tHandle ID:\t\t0xd4\r\n\tResource Attributes:\t-\r\n\r\nProcess Information:\r\n\tProcess ID:\t\t0x564\r\n\tProcess Name:\t\tC:\\ProgramData\\MiniDump.exe\r\n\r\nAccess Request Information:\r\n\tAccesses:\t\tQuery key value\r\n\t\t\t\t\r\n\tAccess Mask:\t\t0x1","EventData":"\u003cEventData xmlns=\"http://schemas.microsoft.com/win/2004/08/events/event\"\u003e\u003cData Name=\"SubjectUserSid\"\u003eS-1-5-21-3477790180-2159669281-522561665-500\u003c/Data\u003e\u003cData Name=\"SubjectUserName\"\u003ewardog\u003c/Data\u003e\u003cData Name=\"SubjectDomainName\"\u003eWORKSTATION6\u003c/Data\u003e\u003cData Name=\"SubjectLogonId\"\u003e0xeda12\u003c/Data\u003e\u003cData Name=\"ObjectServer\"\u003eSecurity\u003c/Data\u003e\u003cData Name=\"ObjectType\"\u003eKey\u003c/Data\u003e\u003cData Name=\"ObjectName\"\u003e\\REGISTRY\\MACHINE\\SYSTEM\\ControlSet001\\Control\\Lsa\u003c/Data\u003e\u003cData Name=\"HandleId\"\u003e0xd4\u003c/Data\u003e\u003cData Name=\"AccessList\"\u003e%%4432\n\t\t\t\t\u003c/Data\u003e\u003cData Name=\"AccessMask\"\u003e0x1\u003c/Data\u003e\u003cData Name=\"ProcessId\"\u003e0x564\u003c/Data\u003e\u003cData Name=\"ProcessName\"\u003eC:\\ProgramData\\MiniDump.exe\u003c/Data\u003e\u003cData Name=\"ResourceAttributes\"\u003e-\u003c/Data\u003e\u003c/EventData\u003e","Task":"12801","SubjectUserSid":"S-1-5-21-3477790180-2159669281-522561665-500","SubjectUserName":"wardog","SubjectDomainName":"WORKSTATION6","SubjectLogonId":"0xeda12","ObjectServer":"Security","ObjectType":"Key","ObjectName":"\\REGISTRY\\MACHINE\\SYSTEM\\ControlSet001\\Control\\Lsa","HandleId":"0xd4","AccessList":"%%4432\n\t\t\t\t","AccessMask":"0x1","ProcessId":"0x564","ProcessName":"C:\\ProgramData\\MiniDump.exe","ResourceAttributes":"-"},{"EventSourceName":"Microsoft-Windows-Security-Auditing","Provider":"Microsoft-Windows-Security-Auditing","ProviderGuid":"{54849625-5478-4994-a5ba-3e3b0328c30d}","Level":"0","Keywords":"0x8020000000000000","Channel":"Security","Computer":"WORKSTATION6.mssentinel.local","TimeCreated":"2022-09-21T03:53:53.155Z","TimeGenerated":"2022-09-21T07:53:53.155Z","EventRecordID":"1080132","EventID":4658,"Message":"The handle to an object was closed.\r\n\r\nSubject :\r\n\tSecurity ID:\t\tS-1-5-21-3477790180-2159669281-522561665-500\r\n\tAccount Name:\t\twardog\r\n\tAccount Domain:\t\tWORKSTATION6\r\n\tLogon ID:\t\t0xEDA12\r\n\r\nObject:\r\n\tObject Server:\t\tSecurity\r\n\tHandle ID:\t\t0xd4\r\n\r\nProcess Information:\r\n\tProcess ID:\t\t0x564\r\n\tProcess Name:\t\tC:\\ProgramData\\MiniDump.exe","EventData":"\u003cEventData xmlns=\"http://schemas.microsoft.com/win/2004/08/events/event\"\u003e\u003cData Name=\"SubjectUserSid\"\u003eS-1-5-21-3477790180-2159669281-522561665-500\u003c/Data\u003e\u003cData Name=\"SubjectUserName\"\u003ewardog\u003c/Data\u003e\u003cData Name=\"SubjectDomainName\"\u003eWORKSTATION6\u003c/Data\u003e\u003cData Name=\"SubjectLogonId\"\u003e0xeda12\u003c/Data\u003e\u003cData Name=\"ObjectServer\"\u003eSecurity\u003c/Data\u003e\u003cData Name=\"HandleId\"\u003e0xd4\u003c/Data\u003e\u003cData Name=\"ProcessId\"\u003e0x564\u003c/Data\u003e\u003cData Name=\"ProcessName\"\u003eC:\\ProgramData\\MiniDump.exe\u003c/Data\u003e\u003c/EventData\u003e","Task":"12801","SubjectUserSid":"S-1-5-21-3477790180-2159669281-522561665-500","SubjectUserName":"wardog","SubjectDomainName":"WORKSTATION6","SubjectLogonId":"0xeda12","ObjectServer":"Security","HandleId":"0xd4","ProcessId":"0x564","ProcessName":"C:\\ProgramData\\MiniDump.exe"},{"EventSourceName":"Microsoft-Windows-Security-Auditing","Provider":"Microsoft-Windows-Security-Auditing","ProviderGuid":"{54849625-5478-4994-a5ba-3e3b0328c30d}","Level":"0","Keywords":"0x8020000000000000","Channel":"Security","Computer":"WORKSTATION6.mssentinel.local","TimeCreated":"2022-09-21T03:53:53.155Z","TimeGenerated":"2022-09-21T07:53:53.155Z","EventRecordID":"1080133","EventID":4703,"Message":"A token right was adjusted.\r\n\r\nSubject:\r\n\tSecurity ID:\t\tS-1-5-21-3477790180-2159669281-522561665-500\r\n\tAccount Name:\t\twardog\r\n\tAccount Domain:\t\tWORKSTATION6\r\n\tLogon ID:\t\t0xEDA12\r\n\r\nTarget Account:\r\n\tSecurity ID:\t\tS-1-5-21-3477790180-2159669281-522561665-500\r\n\tAccount Name:\t\twardog\r\n\tAccount Domain:\t\tWORKSTATION6\r\n\tLogon ID:\t\t0xEDA12\r\n\r\nProcess Information:\r\n\tProcess ID:\t\t0x564\r\n\tProcess Name:\t\tC:\\ProgramData\\MiniDump.exe\r\n\r\nEnabled Privileges:\r\n\t\t\tSeDebugPrivilege\r\n\r\nDisabled Privileges:\r\n\t\t\t-","EventData":"\u003cEventData xmlns=\"http://schemas.microsoft.com/win/2004/08/events/event\"\u003e\u003cData Name=\"SubjectUserSid\"\u003eS-1-5-21-3477790180-2159669281-522561665-500\u003c/Data\u003e\u003cData Name=\"SubjectUserName\"\u003ewardog\u003c/Data\u003e\u003cData Name=\"SubjectDomainName\"\u003eWORKSTATION6\u003c/Data\u003e\u003cData Name=\"SubjectLogonId\"\u003e0xeda12\u003c/Data\u003e\u003cData Name=\"TargetUserSid\"\u003eS-1-5-21-3477790180-2159669281-522561665-500\u003c/Data\u003e\u003cData Name=\"TargetUserName\"\u003ewardog\u003c/Data\u003e\u003cData Name=\"TargetDomainName\"\u003eWORKSTATION6\u003c/Data\u003e\u003cData Name=\"TargetLogonId\"\u003e0xeda12\u003c/Data\u003e\u003cData Name=\"ProcessName\"\u003eC:\\ProgramData\\MiniDump.exe\u003c/Data\u003e\u003cData Name=\"ProcessId\"\u003e0x564\u003c/Data\u003e\u003cData Name=\"EnabledPrivilegeList\"\u003eSeDebugPrivilege\u003c/Data\u003e\u003cData Name=\"DisabledPrivilegeList\"\u003e-\u003c/Data\u003e\u003c/EventData\u003e","Task":"13317","SubjectUserSid":"S-1-5-21-3477790180-2159669281-522561665-500","SubjectUserName":"wardog","SubjectDomainName":"WORKSTATION6","SubjectLogonId":"0xeda12","TargetUserSid":"S-1-5-21-3477790180-2159669281-522561665-500","TargetUserName":"wardog","TargetDomainName":"WORKSTATION6","TargetLogonId":"0xeda12","ProcessName":"C:\\ProgramData\\MiniDump.exe","ProcessId":"0x564","EnabledPrivilegeList":"SeDebugPrivilege","DisabledPrivilegeList":"-"},{"EventSourceName":"Microsoft-Windows-Security-Auditing","Provider":"Microsoft-Windows-Security-Auditing","ProviderGuid":"{54849625-5478-4994-a5ba-3e3b0328c30d}","Level":"0","Keywords":"0x8020000000000000","Channel":"Security","Computer":"WORKSTATION6.mssentinel.local","TimeCreated":"2022-09-21T03:53:53.158Z","TimeGenerated":"2022-09-21T07:53:53.158Z","EventRecordID":"1080134","EventID":4690,"Message":"An attempt was made to duplicate a handle to an object.\r\n\r\nSubject:\r\n\tSecurity ID:\t\tS-1-5-21-3477790180-2159669281-522561665-500\r\n\tAccount Name:\t\twardog\r\n\tAccount Domain:\t\tWORKSTATION6\r\n\tLogon ID:\t\t0xEDA12\r\n\r\nSource Handle Information:\r\n\tSource Handle ID:\t0xec\r\n\tSource Process ID:\t0x564\r\n\r\nNew Handle Information:\r\n\tTarget Handle ID:\t0x3d40\r\n\tTarget Process ID:\t0x4","EventData":"\u003cEventData xmlns=\"http://schemas.microsoft.com/win/2004/08/events/event\"\u003e\u003cData Name=\"SubjectUserSid\"\u003eS-1-5-21-3477790180-2159669281-522561665-500\u003c/Data\u003e\u003cData Name=\"SubjectUserName\"\u003ewardog\u003c/Data\u003e\u003cData Name=\"SubjectDomainName\"\u003eWORKSTATION6\u003c/Data\u003e\u003cData Name=\"SubjectLogonId\"\u003e0xeda12\u003c/Data\u003e\u003cData Name=\"SourceHandleId\"\u003e0xec\u003c/Data\u003e\u003cData Name=\"SourceProcessId\"\u003e0x564\u003c/Data\u003e\u003cData Name=\"TargetHandleId\"\u003e0x3d40\u003c/Data\u003e\u003cData Name=\"TargetProcessId\"\u003e0x4\u003c/Data\u003e\u003c/EventData\u003e","Task":"12807","SubjectUserSid":"S-1-5-21-3477790180-2159669281-522561665-500","SubjectUserName":"wardog","SubjectDomainName":"WORKSTATION6","SubjectLogonId":"0xeda12","SourceHandleId":"0xec","SourceProcessId":"0x564","TargetHandleId":"0x3d40","TargetProcessId":"0x4"},{"EventSourceName":"Microsoft-Windows-Security-Auditing","Provider":"Microsoft-Windows-Security-Auditing","ProviderGuid":"{54849625-5478-4994-a5ba-3e3b0328c30d}","Level":"0","Keywords":"0x8020000000000000","Channel":"Security","Computer":"WORKSTATION6.mssentinel.local","TimeCreated":"2022-09-21T03:53:53.158Z","TimeGenerated":"2022-09-21T07:53:53.158Z","EventRecordID":"1080135","EventID":4658,"Message":"The handle to an object was closed.\r\n\r\nSubject :\r\n\tSecurity ID:\t\tS-1-5-21-3477790180-2159669281-522561665-500\r\n\tAccount Name:\t\twardog\r\n\tAccount Domain:\t\tWORKSTATION6\r\n\tLogon ID:\t\t0xEDA12\r\n\r\nObject:\r\n\tObject Server:\t\tSecurity\r\n\tHandle ID:\t\t0x3d40\r\n\r\nProcess Information:\r\n\tProcess ID:\t\t0x564\r\n\tProcess Name:\t\tC:\\ProgramData\\MiniDump.exe","EventData":"\u003cEventData xmlns=\"http://schemas.microsoft.com/win/2004/08/events/event\"\u003e\u003cData Name=\"SubjectUserSid\"\u003eS-1-5-21-3477790180-2159669281-522561665-500\u003c/Data\u003e\u003cData Name=\"SubjectUserName\"\u003ewardog\u003c/Data\u003e\u003cData Name=\"SubjectDomainName\"\u003eWORKSTATION6\u003c/Data\u003e\u003cData Name=\"SubjectLogonId\"\u003e0xeda12\u003c/Data\u003e\u003cData Name=\"ObjectServer\"\u003eSecurity\u003c/Data\u003e\u003cData Name=\"HandleId\"\u003e0x3d40\u003c/Data\u003e\u003cData Name=\"ProcessId\"\u003e0x564\u003c/Data\u003e\u003cData Name=\"ProcessName\"\u003eC:\\ProgramData\\MiniDump.exe\u003c/Data\u003e\u003c/EventData\u003e","Task":"12802","SubjectUserSid":"S-1-5-21-3477790180-2159669281-522561665-500","SubjectUserName":"wardog","SubjectDomainName":"WORKSTATION6","SubjectLogonId":"0xeda12","ObjectServer":"Security","HandleId":"0x3d40","ProcessId":"0x564","ProcessName":"C:\\ProgramData\\MiniDump.exe"},{"EventSourceName":"Microsoft-Windows-Security-Auditing","Provider":"Microsoft-Windows-Security-Auditing","ProviderGuid":"{54849625-5478-4994-a5ba-3e3b0328c30d}","Level":"0","Keywords":"0x8020000000000000","Channel":"Security","Computer":"WORKSTATION6.mssentinel.local","TimeCreated":"2022-09-21T03:53:53.158Z","TimeGenerated":"2022-09-21T07:53:53.158Z","EventRecordID":"1080136","EventID":4656,"Message":"A handle to an object was requested.\r\n\r\nSubject:\r\n\tSecurity ID:\t\tS-1-5-21-3477790180-2159669281-522561665-500\r\n\tAccount Name:\t\twardog\r\n\tAccount Domain:\t\tWORKSTATION6\r\n\tLogon ID:\t\t0xEDA12\r\n\r\nObject:\r\n\tObject Server:\t\tSecurity\r\n\tObject Type:\t\tProcess\r\n\tObject Name:\t\t\\Device\\HarddiskVolume2\\Windows\\System32\\lsass.exe\r\n\tHandle ID:\t\t0xec\r\n\tResource Attributes:\t-\r\n\r\nProcess Information:\r\n\tProcess ID:\t\t0x564\r\n\tProcess Name:\t\tC:\\ProgramData\\MiniDump.exe\r\n\r\nAccess Request Information:\r\n\tTransaction ID:\t\t{00000000-0000-0000-0000-000000000000}\r\n\tAccesses:\t\tRead from process memory\r\n\t\t\t\tQuery process information\r\n\t\t\t\tUndefined Access (no effect) Bit 12\r\n\t\t\t\t\r\n\tAccess Reasons:\t\t-\r\n\tAccess Mask:\t\t0x1410\r\n\tPrivileges Used for Access Check:\t-\r\n\tRestricted SID Count:\t0","EventData":"\u003cEventData xmlns=\"http://schemas.microsoft.com/win/2004/08/events/event\"\u003e\u003cData Name=\"SubjectUserSid\"\u003eS-1-5-21-3477790180-2159669281-522561665-500\u003c/Data\u003e\u003cData Name=\"SubjectUserName\"\u003ewardog\u003c/Data\u003e\u003cData Name=\"SubjectDomainName\"\u003eWORKSTATION6\u003c/Data\u003e\u003cData Name=\"SubjectLogonId\"\u003e0xeda12\u003c/Data\u003e\u003cData Name=\"ObjectServer\"\u003eSecurity\u003c/Data\u003e\u003cData Name=\"ObjectType\"\u003eProcess\u003c/Data\u003e\u003cData Name=\"ObjectName\"\u003e\\Device\\HarddiskVolume2\\Windows\\System32\\lsass.exe\u003c/Data\u003e\u003cData Name=\"HandleId\"\u003e0xec\u003c/Data\u003e\u003cData Name=\"TransactionId\"\u003e{00000000-0000-0000-0000-000000000000}\u003c/Data\u003e\u003cData Name=\"AccessList\"\u003e%%4484\n\t\t\t\t%%4490\n\t\t\t\t%%4492\n\t\t\t\t\u003c/Data\u003e\u003cData Name=\"AccessReason\"\u003e-\u003c/Data\u003e\u003cData Name=\"AccessMask\"\u003e0x1410\u003c/Data\u003e\u003cData Name=\"PrivilegeList\"\u003e-\u003c/Data\u003e\u003cData Name=\"RestrictedSidCount\"\u003e0\u003c/Data\u003e\u003cData Name=\"ProcessId\"\u003e0x564\u003c/Data\u003e\u003cData Name=\"ProcessName\"\u003eC:\\ProgramData\\MiniDump.exe\u003c/Data\u003e\u003cData Name=\"ResourceAttributes\"\u003e-\u003c/Data\u003e\u003c/EventData\u003e","Task":"12802","SubjectUserSid":"S-1-5-21-3477790180-2159669281-522561665-500","SubjectUserName":"wardog","SubjectDomainName":"WORKSTATION6","SubjectLogonId":"0xeda12","ObjectServer":"Security","ObjectType":"Process","ObjectName":"\\Device\\HarddiskVolume2\\Windows\\System32\\lsass.exe","HandleId":"0xec","TransactionId":"{00000000-0000-0000-0000-000000000000}","AccessList":"%%4484\n\t\t\t\t%%4490\n\t\t\t\t%%4492\n\t\t\t\t","AccessReason":"-","AccessMask":"0x1410","PrivilegeList":"-","RestrictedSidCount":"0","ProcessId":"0x564","ProcessName":"C:\\ProgramData\\MiniDump.exe","ResourceAttributes":"-"},{"EventSourceName":"Microsoft-Windows-Security-Auditing","Provider":"Microsoft-Windows-Security-Auditing","ProviderGuid":"{54849625-5478-4994-a5ba-3e3b0328c30d}","Level":"0","Keywords":"0x8020000000000000","Channel":"Security","Computer":"WORKSTATION6.mssentinel.local","TimeCreated":"2022-09-21T03:53:53.159Z","TimeGenerated":"2022-09-21T07:53:53.159Z","EventRecordID":"1080137","EventID":4663,"Message":"An attempt was made to access an object.\r\n\r\nSubject:\r\n\tSecurity ID:\t\tS-1-5-21-3477790180-2159669281-522561665-500\r\n\tAccount Name:\t\twardog\r\n\tAccount Domain:\t\tWORKSTATION6\r\n\tLogon ID:\t\t0xEDA12\r\n\r\nObject:\r\n\tObject Server:\t\tSecurity\r\n\tObject Type:\t\tProcess\r\n\tObject Name:\t\t\\Device\\HarddiskVolume2\\Windows\\System32\\lsass.exe\r\n\tHandle ID:\t\t0xec\r\n\tResource Attributes:\t-\r\n\r\nProcess Information:\r\n\tProcess ID:\t\t0x564\r\n\tProcess Name:\t\tC:\\ProgramData\\MiniDump.exe\r\n\r\nAccess Request Information:\r\n\tAccesses:\t\tRead from process memory\r\n\t\t\t\t\r\n\tAccess Mask:\t\t0x10","EventData":"\u003cEventData xmlns=\"http://schemas.microsoft.com/win/2004/08/events/event\"\u003e\u003cData Name=\"SubjectUserSid\"\u003eS-1-5-21-3477790180-2159669281-522561665-500\u003c/Data\u003e\u003cData Name=\"SubjectUserName\"\u003ewardog\u003c/Data\u003e\u003cData Name=\"SubjectDomainName\"\u003eWORKSTATION6\u003c/Data\u003e\u003cData Name=\"SubjectLogonId\"\u003e0xeda12\u003c/Data\u003e\u003cData Name=\"ObjectServer\"\u003eSecurity\u003c/Data\u003e\u003cData Name=\"ObjectType\"\u003eProcess\u003c/Data\u003e\u003cData Name=\"ObjectName\"\u003e\\Device\\HarddiskVolume2\\Windows\\System32\\lsass.exe\u003c/Data\u003e\u003cData Name=\"HandleId\"\u003e0xec\u003c/Data\u003e\u003cData Name=\"AccessList\"\u003e%%4484\n\t\t\t\t\u003c/Data\u003e\u003cData Name=\"AccessMask\"\u003e0x10\u003c/Data\u003e\u003cData Name=\"ProcessId\"\u003e0x564\u003c/Data\u003e\u003cData Name=\"ProcessName\"\u003eC:\\ProgramData\\MiniDump.exe\u003c/Data\u003e\u003cData Name=\"ResourceAttributes\"\u003e-\u003c/Data\u003e\u003c/EventData\u003e","Task":"12802","SubjectUserSid":"S-1-5-21-3477790180-2159669281-522561665-500","SubjectUserName":"wardog","SubjectDomainName":"WORKSTATION6","SubjectLogonId":"0xeda12","ObjectServer":"Security","ObjectType":"Process","ObjectName":"\\Device\\HarddiskVolume2\\Windows\\System32\\lsass.exe","HandleId":"0xec","AccessList":"%%4484\n\t\t\t\t","AccessMask":"0x10","ProcessId":"0x564","ProcessName":"C:\\ProgramData\\MiniDump.exe","ResourceAttributes":"-"},{"EventSourceName":"Microsoft-Windows-Security-Auditing","Provider":"Microsoft-Windows-Security-Auditing","ProviderGuid":"{54849625-5478-4994-a5ba-3e3b0328c30d}","Level":"0","Keywords":"0x8020000000000000","Channel":"Security","Computer":"WORKSTATION6.mssentinel.local","TimeCreated":"2022-09-21T03:53:53.161Z","TimeGenerated":"2022-09-21T07:53:53.161Z","EventRecordID":"1080138","EventID":4690,"Message":"An attempt was made to duplicate a handle to an object.\r\n\r\nSubject:\r\n\tSecurity ID:\t\tS-1-5-21-3477790180-2159669281-522561665-500\r\n\tAccount Name:\t\twardog\r\n\tAccount Domain:\t\tWORKSTATION6\r\n\tLogon ID:\t\t0xEDA12\r\n\r\nSource Handle Information:\r\n\tSource Handle ID:\t0xf8\r\n\tSource Process ID:\t0x564\r\n\r\nNew Handle Information:\r\n\tTarget Handle ID:\t0x23a4\r\n\tTarget Process ID:\t0x4","EventData":"\u003cEventData xmlns=\"http://schemas.microsoft.com/win/2004/08/events/event\"\u003e\u003cData Name=\"SubjectUserSid\"\u003eS-1-5-21-3477790180-2159669281-522561665-500\u003c/Data\u003e\u003cData Name=\"SubjectUserName\"\u003ewardog\u003c/Data\u003e\u003cData Name=\"SubjectDomainName\"\u003eWORKSTATION6\u003c/Data\u003e\u003cData Name=\"SubjectLogonId\"\u003e0xeda12\u003c/Data\u003e\u003cData Name=\"SourceHandleId\"\u003e0xf8\u003c/Data\u003e\u003cData Name=\"SourceProcessId\"\u003e0x564\u003c/Data\u003e\u003cData Name=\"TargetHandleId\"\u003e0x23a4\u003c/Data\u003e\u003cData Name=\"TargetProcessId\"\u003e0x4\u003c/Data\u003e\u003c/EventData\u003e","Task":"12807","SubjectUserSid":"S-1-5-21-3477790180-2159669281-522561665-500","SubjectUserName":"wardog","SubjectDomainName":"WORKSTATION6","SubjectLogonId":"0xeda12","SourceHandleId":"0xf8","SourceProcessId":"0x564","TargetHandleId":"0x23a4","TargetProcessId":"0x4"},{"EventSourceName":"Microsoft-Windows-Security-Auditing","Provider":"Microsoft-Windows-Security-Auditing","ProviderGuid":"{54849625-5478-4994-a5ba-3e3b0328c30d}","Level":"0","Keywords":"0x8020000000000000","Channel":"Security","Computer":"WORKSTATION6.mssentinel.local","TimeCreated":"2022-09-21T03:53:53.161Z","TimeGenerated":"2022-09-21T07:53:53.161Z","EventRecordID":"1080139","EventID":4658,"Message":"The handle to an object was closed.\r\n\r\nSubject :\r\n\tSecurity ID:\t\tS-1-5-21-3477790180-2159669281-522561665-500\r\n\tAccount Name:\t\twardog\r\n\tAccount Domain:\t\tWORKSTATION6\r\n\tLogon ID:\t\t0xEDA12\r\n\r\nObject:\r\n\tObject Server:\t\tSecurity\r\n\tHandle ID:\t\t0x23a4\r\n\r\nProcess Information:\r\n\tProcess ID:\t\t0x564\r\n\tProcess Name:\t\tC:\\ProgramData\\MiniDump.exe","EventData":"\u003cEventData xmlns=\"http://schemas.microsoft.com/win/2004/08/events/event\"\u003e\u003cData Name=\"SubjectUserSid\"\u003eS-1-5-21-3477790180-2159669281-522561665-500\u003c/Data\u003e\u003cData Name=\"SubjectUserName\"\u003ewardog\u003c/Data\u003e\u003cData Name=\"SubjectDomainName\"\u003eWORKSTATION6\u003c/Data\u003e\u003cData Name=\"SubjectLogonId\"\u003e0xeda12\u003c/Data\u003e\u003cData Name=\"ObjectServer\"\u003eSecurity\u003c/Data\u003e\u003cData Name=\"HandleId\"\u003e0x23a4\u003c/Data\u003e\u003cData Name=\"ProcessId\"\u003e0x564\u003c/Data\u003e\u003cData Name=\"ProcessName\"\u003eC:\\ProgramData\\MiniDump.exe\u003c/Data\u003e\u003c/EventData\u003e","Task":"12802","SubjectUserSid":"S-1-5-21-3477790180-2159669281-522561665-500","SubjectUserName":"wardog","SubjectDomainName":"WORKSTATION6","SubjectLogonId":"0xeda12","ObjectServer":"Security","HandleId":"0x23a4","ProcessId":"0x564","ProcessName":"C:\\ProgramData\\MiniDump.exe"},{"EventSourceName":"Microsoft-Windows-Security-Auditing","Provider":"Microsoft-Windows-Security-Auditing","ProviderGuid":"{54849625-5478-4994-a5ba-3e3b0328c30d}","Level":"0","Keywords":"0x8020000000000000","Channel":"Security","Computer":"WORKSTATION6.mssentinel.local","TimeCreated":"2022-09-21T03:53:53.161Z","TimeGenerated":"2022-09-21T07:53:53.161Z","EventRecordID":"1080140","EventID":4656,"Message":"A handle to an object was requested.\r\n\r\nSubject:\r\n\tSecurity ID:\t\tS-1-5-21-3477790180-2159669281-522561665-500\r\n\tAccount Name:\t\twardog\r\n\tAccount Domain:\t\tWORKSTATION6\r\n\tLogon ID:\t\t0xEDA12\r\n\r\nObject:\r\n\tObject Server:\t\tSecurity\r\n\tObject Type:\t\tProcess\r\n\tObject Name:\t\t\\Device\\HarddiskVolume2\\Windows\\System32\\lsass.exe\r\n\tHandle ID:\t\t0xf8\r\n\tResource Attributes:\t-\r\n\r\nProcess Information:\r\n\tProcess ID:\t\t0x564\r\n\tProcess Name:\t\tC:\\ProgramData\\MiniDump.exe\r\n\r\nAccess Request Information:\r\n\tTransaction ID:\t\t{00000000-0000-0000-0000-000000000000}\r\n\tAccesses:\t\tDELETE\r\n\t\t\t\tREAD_CONTROL\r\n\t\t\t\tWRITE_DAC\r\n\t\t\t\tWRITE_OWNER\r\n\t\t\t\tSYNCHRONIZE\r\n\t\t\t\tForce process termination\r\n\t\t\t\tCreate new thread in process\r\n\t\t\t\tSet process session ID\r\n\t\t\t\tPerform virtual memory operation\r\n\t\t\t\tRead from process memory\r\n\t\t\t\tWrite to process memory\r\n\t\t\t\tDuplicate handle into or out of process\r\n\t\t\t\tCreate a subprocess of process\r\n\t\t\t\tSet process quotas\r\n\t\t\t\tSet process information\r\n\t\t\t\tQuery process information\r\n\t\t\t\tSet process termination port\r\n\t\t\t\tUndefined Access (no effect) Bit 12\r\n\t\t\t\tUndefined Access (no effect) Bit 13\r\n\t\t\t\tUndefined Access (no effect) Bit 14\r\n\t\t\t\tUndefined Access (no effect) Bit 15\r\n\t\t\t\t\r\n\tAccess Reasons:\t\t-\r\n\tAccess Mask:\t\t0x1FFFFF\r\n\tPrivileges Used for Access Check:\t-\r\n\tRestricted SID Count:\t0","EventData":"\u003cEventData xmlns=\"http://schemas.microsoft.com/win/2004/08/events/event\"\u003e\u003cData Name=\"SubjectUserSid\"\u003eS-1-5-21-3477790180-2159669281-522561665-500\u003c/Data\u003e\u003cData Name=\"SubjectUserName\"\u003ewardog\u003c/Data\u003e\u003cData Name=\"SubjectDomainName\"\u003eWORKSTATION6\u003c/Data\u003e\u003cData Name=\"SubjectLogonId\"\u003e0xeda12\u003c/Data\u003e\u003cData Name=\"ObjectServer\"\u003eSecurity\u003c/Data\u003e\u003cData Name=\"ObjectType\"\u003eProcess\u003c/Data\u003e\u003cData Name=\"ObjectName\"\u003e\\Device\\HarddiskVolume2\\Windows\\System32\\lsass.exe\u003c/Data\u003e\u003cData Name=\"HandleId\"\u003e0xf8\u003c/Data\u003e\u003cData Name=\"TransactionId\"\u003e{00000000-0000-0000-0000-000000000000}\u003c/Data\u003e\u003cData Name=\"AccessList\"\u003e%%1537\n\t\t\t\t%%1538\n\t\t\t\t%%1539\n\t\t\t\t%%1540\n\t\t\t\t%%1541\n\t\t\t\t%%4480\n\t\t\t\t%%4481\n\t\t\t\t%%4482\n\t\t\t\t%%4483\n\t\t\t\t%%4484\n\t\t\t\t%%4485\n\t\t\t\t%%4486\n\t\t\t\t%%4487\n\t\t\t\t%%4488\n\t\t\t\t%%4489\n\t\t\t\t%%4490\n\t\t\t\t%%4491\n\t\t\t\t%%4492\n\t\t\t\t%%4493\n\t\t\t\t%%4494\n\t\t\t\t%%4495\n\t\t\t\t\u003c/Data\u003e\u003cData Name=\"AccessReason\"\u003e-\u003c/Data\u003e\u003cData Name=\"AccessMask\"\u003e0x1fffff\u003c/Data\u003e\u003cData Name=\"PrivilegeList\"\u003e-\u003c/Data\u003e\u003cData Name=\"RestrictedSidCount\"\u003e0\u003c/Data\u003e\u003cData Name=\"ProcessId\"\u003e0x564\u003c/Data\u003e\u003cData Name=\"ProcessName\"\u003eC:\\ProgramData\\MiniDump.exe\u003c/Data\u003e\u003cData Name=\"ResourceAttributes\"\u003e-\u003c/Data\u003e\u003c/EventData\u003e","Task":"12802","SubjectUserSid":"S-1-5-21-3477790180-2159669281-522561665-500","SubjectUserName":"wardog","SubjectDomainName":"WORKSTATION6","SubjectLogonId":"0xeda12","ObjectServer":"Security","ObjectType":"Process","ObjectName":"\\Device\\HarddiskVolume2\\Windows\\System32\\lsass.exe","HandleId":"0xf8","TransactionId":"{00000000-0000-0000-0000-000000000000}","AccessList":"%%1537\n\t\t\t\t%%1538\n\t\t\t\t%%1539\n\t\t\t\t%%1540\n\t\t\t\t%%1541\n\t\t\t\t%%4480\n\t\t\t\t%%4481\n\t\t\t\t%%4482\n\t\t\t\t%%4483\n\t\t\t\t%%4484\n\t\t\t\t%%4485\n\t\t\t\t%%4486\n\t\t\t\t%%4487\n\t\t\t\t%%4488\n\t\t\t\t%%4489\n\t\t\t\t%%4490\n\t\t\t\t%%4491\n\t\t\t\t%%4492\n\t\t\t\t%%4493\n\t\t\t\t%%4494\n\t\t\t\t%%4495\n\t\t\t\t","AccessReason":"-","AccessMask":"0x1fffff","PrivilegeList":"-","RestrictedSidCount":"0","ProcessId":"0x564","ProcessName":"C:\\ProgramData\\MiniDump.exe","ResourceAttributes":"-"},{"EventSourceName":"Microsoft-Windows-Security-Auditing","Provider":"Microsoft-Windows-Security-Auditing","ProviderGuid":"{54849625-5478-4994-a5ba-3e3b0328c30d}","Level":"0","Keywords":"0x8020000000000000","Channel":"Security","Computer":"WORKSTATION6.mssentinel.local","TimeCreated":"2022-09-21T03:53:53.162Z","TimeGenerated":"2022-09-21T07:53:53.162Z","EventRecordID":"1080141","EventID":4663,"Message":"An attempt was made to access an object.\r\n\r\nSubject:\r\n\tSecurity ID:\t\tS-1-5-21-3477790180-2159669281-522561665-500\r\n\tAccount Name:\t\twardog\r\n\tAccount Domain:\t\tWORKSTATION6\r\n\tLogon ID:\t\t0xEDA12\r\n\r\nObject:\r\n\tObject Server:\t\tSecurity\r\n\tObject Type:\t\tProcess\r\n\tObject Name:\t\t\\Device\\HarddiskVolume2\\Windows\\System32\\lsass.exe\r\n\tHandle ID:\t\t0xf8\r\n\tResource Attributes:\t-\r\n\r\nProcess Information:\r\n\tProcess ID:\t\t0x564\r\n\tProcess Name:\t\tC:\\ProgramData\\MiniDump.exe\r\n\r\nAccess Request Information:\r\n\tAccesses:\t\tRead from process memory\r\n\t\t\t\t\r\n\tAccess Mask:\t\t0x10","EventData":"\u003cEventData xmlns=\"http://schemas.microsoft.com/win/2004/08/events/event\"\u003e\u003cData Name=\"SubjectUserSid\"\u003eS-1-5-21-3477790180-2159669281-522561665-500\u003c/Data\u003e\u003cData Name=\"SubjectUserName\"\u003ewardog\u003c/Data\u003e\u003cData Name=\"SubjectDomainName\"\u003eWORKSTATION6\u003c/Data\u003e\u003cData Name=\"SubjectLogonId\"\u003e0xeda12\u003c/Data\u003e\u003cData Name=\"ObjectServer\"\u003eSecurity\u003c/Data\u003e\u003cData Name=\"ObjectType\"\u003eProcess\u003c/Data\u003e\u003cData Name=\"ObjectName\"\u003e\\Device\\HarddiskVolume2\\Windows\\System32\\lsass.exe\u003c/Data\u003e\u003cData Name=\"HandleId\"\u003e0xf8\u003c/Data\u003e\u003cData Name=\"AccessList\"\u003e%%4484\n\t\t\t\t\u003c/Data\u003e\u003cData Name=\"AccessMask\"\u003e0x10\u003c/Data\u003e\u003cData Name=\"ProcessId\"\u003e0x564\u003c/Data\u003e\u003cData Name=\"ProcessName\"\u003eC:\\ProgramData\\MiniDump.exe\u003c/Data\u003e\u003cData Name=\"ResourceAttributes\"\u003e-\u003c/Data\u003e\u003c/EventData\u003e","Task":"12802","SubjectUserSid":"S-1-5-21-3477790180-2159669281-522561665-500","SubjectUserName":"wardog","SubjectDomainName":"WORKSTATION6","SubjectLogonId":"0xeda12","ObjectServer":"Security","ObjectType":"Process","ObjectName":"\\Device\\HarddiskVolume2\\Windows\\System32\\lsass.exe","HandleId":"0xf8","AccessList":"%%4484\n\t\t\t\t","AccessMask":"0x10","ProcessId":"0x564","ProcessName":"C:\\ProgramData\\MiniDump.exe","ResourceAttributes":"-"},{"EventSourceName":"Microsoft-Windows-Security-Auditing","Provider":"Microsoft-Windows-Security-Auditing","ProviderGuid":"{54849625-5478-4994-a5ba-3e3b0328c30d}","Level":"0","Keywords":"0x8020000000000000","Channel":"Security","Computer":"WORKSTATION6.mssentinel.local","TimeCreated":"2022-09-21T03:53:53.165Z","TimeGenerated":"2022-09-21T07:53:53.165Z","EventRecordID":"1080142","EventID":4658,"Message":"The handle to an object was closed.\r\n\r\nSubject :\r\n\tSecurity ID:\t\tS-1-5-21-3477790180-2159669281-522561665-500\r\n\tAccount Name:\t\twardog\r\n\tAccount Domain:\t\tWORKSTATION6\r\n\tLogon ID:\t\t0xEDA12\r\n\r\nObject:\r\n\tObject Server:\t\tSecurity\r\n\tHandle ID:\t\t0xf8\r\n\r\nProcess Information:\r\n\tProcess ID:\t\t0x564\r\n\tProcess Name:\t\tC:\\ProgramData\\MiniDump.exe","EventData":"\u003cEventData xmlns=\"http://schemas.microsoft.com/win/2004/08/events/event\"\u003e\u003cData Name=\"SubjectUserSid\"\u003eS-1-5-21-3477790180-2159669281-522561665-500\u003c/Data\u003e\u003cData Name=\"SubjectUserName\"\u003ewardog\u003c/Data\u003e\u003cData Name=\"SubjectDomainName\"\u003eWORKSTATION6\u003c/Data\u003e\u003cData Name=\"SubjectLogonId\"\u003e0xeda12\u003c/Data\u003e\u003cData Name=\"ObjectServer\"\u003eSecurity\u003c/Data\u003e\u003cData Name=\"HandleId\"\u003e0xf8\u003c/Data\u003e\u003cData Name=\"ProcessId\"\u003e0x564\u003c/Data\u003e\u003cData Name=\"ProcessName\"\u003eC:\\ProgramData\\MiniDump.exe\u003c/Data\u003e\u003c/EventData\u003e","Task":"12802","SubjectUserSid":"S-1-5-21-3477790180-2159669281-522561665-500","SubjectUserName":"wardog","SubjectDomainName":"WORKSTATION6","SubjectLogonId":"0xeda12","ObjectServer":"Security","HandleId":"0xf8","ProcessId":"0x564","ProcessName":"C:\\ProgramData\\MiniDump.exe"},{"EventSourceName":"Microsoft-Windows-Security-Auditing","Provider":"Microsoft-Windows-Security-Auditing","ProviderGuid":"{54849625-5478-4994-a5ba-3e3b0328c30d}","Level":"0","Keywords":"0x8020000000000000","Channel":"Security","Computer":"WORKSTATION6.mssentinel.local","TimeCreated":"2022-09-21T03:53:53.480Z","TimeGenerated":"2022-09-21T07:53:53.480Z","EventRecordID":"1080143","EventID":4689,"Message":"A process has exited.\r\n\r\nSubject:\r\n\tSecurity ID:\t\tS-1-5-21-3477790180-2159669281-522561665-500\r\n\tAccount Name:\t\twardog\r\n\tAccount Domain:\t\tWORKSTATION6\r\n\tLogon ID:\t\t0xEDA12\r\n\r\nProcess Information:\r\n\tProcess ID:\t0x564\r\n\tProcess Name:\tC:\\ProgramData\\MiniDump.exe\r\n\tExit Status:\t0x1","EventData":"\u003cEventData xmlns=\"http://schemas.microsoft.com/win/2004/08/events/event\"\u003e\u003cData Name=\"SubjectUserSid\"\u003eS-1-5-21-3477790180-2159669281-522561665-500\u003c/Data\u003e\u003cData Name=\"SubjectUserName\"\u003ewardog\u003c/Data\u003e\u003cData Name=\"SubjectDomainName\"\u003eWORKSTATION6\u003c/Data\u003e\u003cData Name=\"SubjectLogonId\"\u003e0xeda12\u003c/Data\u003e\u003cData Name=\"Status\"\u003e0x1\u003c/Data\u003e\u003cData Name=\"ProcessId\"\u003e0x564\u003c/Data\u003e\u003cData Name=\"ProcessName\"\u003eC:\\ProgramData\\MiniDump.exe\u003c/Data\u003e\u003c/EventData\u003e","Task":"13313","SubjectUserSid":"S-1-5-21-3477790180-2159669281-522561665-500","SubjectUserName":"wardog","SubjectDomainName":"WORKSTATION6","SubjectLogonId":"0xeda12","Status":"0x1","ProcessId":"0x564","ProcessName":"C:\\ProgramData\\MiniDump.exe"},{"EventSourceName":"Microsoft-Windows-Security-Auditing","Provider":"Microsoft-Windows-Security-Auditing","ProviderGuid":"{54849625-5478-4994-a5ba-3e3b0328c30d}","Level":"0","Keywords":"0x8020000000000000","Channel":"Security","Computer":"WORKSTATION6.mssentinel.local","TimeCreated":"2022-09-21T03:53:53.757Z","TimeGenerated":"2022-09-21T07:53:53.757Z","EventRecordID":"1080144","EventID":4658,"Message":"The handle to an object was closed.\r\n\r\nSubject :\r\n\tSecurity ID:\t\tS-1-5-21-3477790180-2159669281-522561665-500\r\n\tAccount Name:\t\twardog\r\n\tAccount Domain:\t\tWORKSTATION6\r\n\tLogon ID:\t\t0xEDA12\r\n\r\nObject:\r\n\tObject Server:\t\tSecurity\r\n\tHandle ID:\t\t0xec\r\n\r\nProcess Information:\r\n\tProcess ID:\t\t0x564\r\n\tProcess Name:\t\tC:\\ProgramData\\MiniDump.exe","EventData":"\u003cEventData xmlns=\"http://schemas.microsoft.com/win/2004/08/events/event\"\u003e\u003cData Name=\"SubjectUserSid\"\u003eS-1-5-21-3477790180-2159669281-522561665-500\u003c/Data\u003e\u003cData Name=\"SubjectUserName\"\u003ewardog\u003c/Data\u003e\u003cData Name=\"SubjectDomainName\"\u003eWORKSTATION6\u003c/Data\u003e\u003cData Name=\"SubjectLogonId\"\u003e0xeda12\u003c/Data\u003e\u003cData Name=\"ObjectServer\"\u003eSecurity\u003c/Data\u003e\u003cData Name=\"HandleId\"\u003e0xec\u003c/Data\u003e\u003cData Name=\"ProcessId\"\u003e0x564\u003c/Data\u003e\u003cData Name=\"ProcessName\"\u003eC:\\ProgramData\\MiniDump.exe\u003c/Data\u003e\u003c/EventData\u003e","Task":"12802","SubjectUserSid":"S-1-5-21-3477790180-2159669281-522561665-500","SubjectUserName":"wardog","SubjectDomainName":"WORKSTATION6","SubjectLogonId":"0xeda12","ObjectServer":"Security","HandleId":"0xec","ProcessId":"0x564","ProcessName":"C:\\ProgramData\\MiniDump.exe"}]
