{"CreationTime":"2023-05-20T11:33:55","Id":"632c63c7-551a-4ef8-b043-3012e49e709d","Operation":"Update user.","OrganizationId":"8d4121ed-0008-406d-bff9-0d5bb312183c","RecordType":8,"ResultStatus":"Success","UserKey":"10032002643F6746@contoso.onmicrosoft.com","UserType":0,"Version":1,"Workload":"AzureActiveDirectory","ObjectId":"stinger@contoso.onmicrosoft.com","UserId":"stinger@contoso.onmicrosoft.com","AzureActiveDirectoryEventType":1,"ExtendedProperties":[{"Name":"additionalDetails","Value":"{\"UserType\":\"Member\"}"},{"Name":"extendedAuditEventCategory","Value":"User"}],"ModifiedProperties":[{"Name":"StrongAuthenticationRequirement","NewValue":"[]","OldValue":"[\r\n  {\r\n    \"RelyingParty\": \"*\",\r\n    \"State\": 1,\r\n    \"RememberDevicesNotIssuedBefore\": \"2023-03-07T20:17:18+00:00\"\r\n  }\r\n]"},{"Name":"Included Updated Properties","NewValue":"StrongAuthenticationRequirement","OldValue":""},{"Name":"TargetId.UserType","NewValue":"Member","OldValue":""}],"Actor":[{"ID":"stinger@contoso.onmicrosoft.com","Type":5},{"ID":"10032002643F6746","Type":3},{"ID":"User_7dccacb0-c3ff-4b02-964b-dd04c5a8f9fe","Type":2},{"ID":"7dccacb0-c3ff-4b02-964b-dd04c5a8f9fe","Type":2},{"ID":"User","Type":2}],"ActorContextId":"8d4121ed-0008-406d-bff9-0d5bb312183c","InterSystemsId":"a118f6ef-b53a-46e8-97e9-0971a249dbdf","IntraSystemId":"667646a9-dea2-402f-972d-c65116eea81f","SupportTicketId":"","Target":[{"ID":"User_7dccacb0-c3ff-4b02-964b-dd04c5a8f9fe","Type":2},{"ID":"7dccacb0-c3ff-4b02-964b-dd04c5a8f9fe","Type":2},{"ID":"User","Type":2},{"ID":"stinger@contoso.onmicrosoft.com","Type":5},{"ID":"10032002643F6746","Type":3}],"TargetContextId":"8d4121ed-0008-406d-bff9-0d5bb312183c"}
{"CreationTime":"2023-05-20T11:33:55","Id":"2787b9e4-6a7f-43c1-a5c7-8607d030ca1d","Operation":"Disable Strong Authentication.","OrganizationId":"8d4121ed-0008-406d-bff9-0d5bb312183c","RecordType":8,"ResultStatus":"Success","UserKey":"10032002643F6746@contoso.onmicrosoft.com","UserType":0,"Version":1,"Workload":"AzureActiveDirectory","ObjectId":"stinger@contoso.onmicrosoft.com","UserId":"stinger@contoso.onmicrosoft.com","AzureActiveDirectoryEventType":1,"ExtendedProperties":[{"Name":"additionalDetails","Value":"{}"},{"Name":"extendedAuditEventCategory","Value":"User"}],"ModifiedProperties":[{"Name":"StrongAuthenticationRequirement","NewValue":"[]","OldValue":"[\r\n  {\r\n    \"RelyingParty\": \"*\",\r\n    \"State\": 1,\r\n    \"RememberDevicesNotIssuedBefore\": \"2023-03-07T20:17:18+00:00\"\r\n  }\r\n]"},{"Name":"Included Updated Properties","NewValue":"StrongAuthenticationRequirement","OldValue":""}],"Actor":[{"ID":"stinger@contoso.onmicrosoft.com","Type":5},{"ID":"10032002643F6746","Type":3},{"ID":"User_7dccacb0-c3ff-4b02-964b-dd04c5a8f9fe","Type":2},{"ID":"7dccacb0-c3ff-4b02-964b-dd04c5a8f9fe","Type":2},{"ID":"User","Type":2}],"ActorContextId":"8d4121ed-0008-406d-bff9-0d5bb312183c","InterSystemsId":"a118f6ef-b53a-46e8-97e9-0971a249dbdf","IntraSystemId":"667646a9-dea2-402f-972d-c65116eea81f","SupportTicketId":"","Target":[{"ID":"User_7dccacb0-c3ff-4b02-964b-dd04c5a8f9fe","Type":2},{"ID":"7dccacb0-c3ff-4b02-964b-dd04c5a8f9fe","Type":2},{"ID":"User","Type":2},{"ID":"stinger@contoso.onmicrosoft.com","Type":5},{"ID":"10032002643F6746","Type":3}],"TargetContextId":"8d4121ed-0008-406d-bff9-0d5bb312183c"}
{"CreationTime":"2023-05-20T11:33:55","Id":"4188763d-8606-4c6f-a324-193ed25225e4","Operation":"Delete application password for user.","OrganizationId":"8d4121ed-0008-406d-bff9-0d5bb312183c","RecordType":8,"ResultStatus":"Success","UserKey":"10032002643F6746@contoso.onmicrosoft.com","UserType":0,"Version":1,"Workload":"AzureActiveDirectory","ObjectId":"stinger@contoso.onmicrosoft.com","UserId":"stinger@contoso.onmicrosoft.com","AzureActiveDirectoryEventType":1,"ExtendedProperties":[{"Name":"additionalDetails","Value":"{}"},{"Name":"extendedAuditEventCategory","Value":"User"}],"ModifiedProperties":[],"Actor":[{"ID":"stinger@contoso.onmicrosoft.com","Type":5},{"ID":"10032002643F6746","Type":3},{"ID":"User_7dccacb0-c3ff-4b02-964b-dd04c5a8f9fe","Type":2},{"ID":"7dccacb0-c3ff-4b02-964b-dd04c5a8f9fe","Type":2},{"ID":"User","Type":2}],"ActorContextId":"8d4121ed-0008-406d-bff9-0d5bb312183c","InterSystemsId":"a118f6ef-b53a-46e8-97e9-0971a249dbdf","IntraSystemId":"667646a9-dea2-402f-972d-c65116eea81f","SupportTicketId":"","Target":[{"ID":"User_7dccacb0-c3ff-4b02-964b-dd04c5a8f9fe","Type":2},{"ID":"7dccacb0-c3ff-4b02-964b-dd04c5a8f9fe","Type":2},{"ID":"User","Type":2},{"ID":"stinger@contoso.onmicrosoft.com","Type":5},{"ID":"10032002643F6746","Type":3}],"TargetContextId":"8d4121ed-0008-406d-bff9-0d5bb312183c"}