<Backups xmlns="http://www.microsoft.com/GroupPolicy/GPOOperations/Manifest" xmlns:mfst="http://www.microsoft.com/GroupPolicy/GPOOperations/Manifest" mfst:version="1.0"><BackupInst><GPOGuid><![CDATA[{ffe6760f-4df9-4ddb-a10a-1026583da543}]]></GPOGuid><GPODomain><![CDATA[shire.com]]></GPODomain><GPODomainGuid><![CDATA[{d9b80ea0-0b7a-4e5f-b704-0e940bee3935}]]></GPODomainGuid><GPODomainController><![CDATA[HFDC01.shire.com]]></GPODomainController><BackupTime><![CDATA[2019-09-27T13:45:19]]></BackupTime><ID><![CDATA[{A4AFB00C-D9DE-4D45-A36D-2D6DD4BAF566}]]></ID><Comment><![CDATA[]]></Comment><GPODisplayName><![CDATA[disable network level authentication]]></GPODisplayName></BackupInst></Backups>