{"CreationTime":"2023-07-23T12:13:33","Id":"2eaee53c-1a71-468b-ae64-3b61f5770600","Operation":"UserLoginFailed","OrganizationId":"8d4121ed-0008-406d-bff9-0d5bb312183c","RecordType":15,"ResultStatus":"Failed","UserKey":"e4ad2d28-703e-4189-9752-6b827ef9107d","UserType":0,"Version":1,"Workload":"AzureActiveDirectory","ClientIP":"2a09:bac5:114:105::1a:9b","ObjectId":"Unknown","UserId":"Henrietta@contoso.onmicrosoft.com","AzureActiveDirectoryEventType":1,"ExtendedProperties":[{"Name":"ResultStatusDetail","Value":"UserError"},{"Name":"UserAgent","Value":"Mozilla\/5.0 (Windows NT 10.0; Win64; x64) AppleWebKit\/537.36 (KHTML, like Gecko) Chrome\/104.0.0.0 Safari\/537.36"},{"Name":"UserAuthenticationMethod","Value":"1"},{"Name":"RequestType","Value":"OAuth2:Token"}],"ModifiedProperties":[],"Actor":[{"ID":"e4ad2d28-703e-4189-9752-6b827ef9107d","Type":0},{"ID":"Henrietta@contoso.onmicrosoft.com","Type":5}],"ActorContextId":"8d4121ed-0008-406d-bff9-0d5bb312183c","ActorIpAddress":"2a09:bac5:114:105::1a:9b","InterSystemsId":"029418d1-ff76-4a02-b682-b5d3200e14b4","IntraSystemId":"2eaee53c-1a71-468b-ae64-3b61f5770600","SupportTicketId":"","Target":[{"ID":"Unknown","Type":0}],"TargetContextId":"8d4121ed-0008-406d-bff9-0d5bb312183c","ApplicationId":"eb539595-3fe1-474e-9c1d-feb3625d1be5","DeviceProperties":[{"Name":"OS","Value":"Windows 10"},{"Name":"BrowserType","Value":"Chrome"},{"Name":"IsCompliantAndManaged","Value":"False"},{"Name":"SessionId","Value":"b3d59e5f-04e2-46a5-879c-a8ef255a6b57"}],"ErrorNumber":"500011","LogonError":"InvalidResourceServicePrincipalNotFound"}
{"CreationTime":"2023-07-23T12:13:33","Id":"f3d31ad2-1cd5-4a62-a296-b11e0d250700","Operation":"UserLoginFailed","OrganizationId":"8d4121ed-0008-406d-bff9-0d5bb312183c","RecordType":15,"ResultStatus":"Failed","UserKey":"f23cb258-50ca-4092-9027-5c4ca2f1d999","UserType":0,"Version":1,"Workload":"AzureActiveDirectory","ClientIP":"2a09:bac5:114:105::1a:9b","ObjectId":"Unknown","UserId":"Lidia@contoso.onmicrosoft.com","AzureActiveDirectoryEventType":1,"ExtendedProperties":[{"Name":"ResultStatusDetail","Value":"UserError"},{"Name":"UserAgent","Value":"Mozilla\/5.0 (Windows NT 10.0; Win64; x64) AppleWebKit\/537.36 (KHTML, like Gecko) Chrome\/104.0.0.0 Safari\/537.36"},{"Name":"UserAuthenticationMethod","Value":"1"},{"Name":"RequestType","Value":"OAuth2:Token"}],"ModifiedProperties":[],"Actor":[{"ID":"f23cb258-50ca-4092-9027-5c4ca2f1d999","Type":0},{"ID":"Lidia@contoso.onmicrosoft.com","Type":5}],"ActorContextId":"8d4121ed-0008-406d-bff9-0d5bb312183c","ActorIpAddress":"2a09:bac5:114:105::1a:9b","InterSystemsId":"3b7680bc-d354-4e4a-a08b-4e89f639059d","IntraSystemId":"f3d31ad2-1cd5-4a62-a296-b11e0d250700","SupportTicketId":"","Target":[{"ID":"Unknown","Type":0}],"TargetContextId":"8d4121ed-0008-406d-bff9-0d5bb312183c","ApplicationId":"e9c51622-460d-4d3d-952d-966a5b1da34c","DeviceProperties":[{"Name":"OS","Value":"Windows 10"},{"Name":"BrowserType","Value":"Chrome"},{"Name":"IsCompliantAndManaged","Value":"False"}],"ErrorNumber":"50126","LogonError":"InvalidUserNameOrPassword"}
{"CreationTime":"2023-07-23T12:13:33","Id":"27f4d215-093d-4604-8fbd-c8fa4ccd0600","Operation":"UserLoginFailed","OrganizationId":"8d4121ed-0008-406d-bff9-0d5bb312183c","RecordType":15,"ResultStatus":"Failed","UserKey":"1abf30d3-7fe7-4e94-a578-a9d52e7a6e9f","UserType":0,"Version":1,"Workload":"AzureActiveDirectory","ClientIP":"2a09:bac5:114:105::1a:9b","ObjectId":"Unknown","UserId":"Adele@contoso.onmicrosoft.com","AzureActiveDirectoryEventType":1,"ExtendedProperties":[{"Name":"ResultStatusDetail","Value":"UserError"},{"Name":"UserAgent","Value":"Mozilla\/5.0 (Windows NT 10.0; Win64; x64) AppleWebKit\/537.36 (KHTML, like Gecko) Chrome\/104.0.0.0 Safari\/537.36"},{"Name":"UserAuthenticationMethod","Value":"1"},{"Name":"RequestType","Value":"OAuth2:Token"}],"ModifiedProperties":[],"Actor":[{"ID":"1abf30d3-7fe7-4e94-a578-a9d52e7a6e9f","Type":0},{"ID":"Adele@contoso.onmicrosoft.com","Type":5}],"ActorContextId":"8d4121ed-0008-406d-bff9-0d5bb312183c","ActorIpAddress":"2a09:bac5:114:105::1a:9b","InterSystemsId":"061e44e6-0b91-42e7-8e07-fce8ca2e88a3","IntraSystemId":"27f4d215-093d-4604-8fbd-c8fa4ccd0600","SupportTicketId":"","Target":[{"ID":"Unknown","Type":0}],"TargetContextId":"8d4121ed-0008-406d-bff9-0d5bb312183c","ApplicationId":"4e291c71-d680-4d0e-9640-0a3358e31177","DeviceProperties":[{"Name":"OS","Value":"Windows 10"},{"Name":"BrowserType","Value":"Chrome"},{"Name":"IsCompliantAndManaged","Value":"False"}],"ErrorNumber":"50126","LogonError":"InvalidUserNameOrPassword"}
{"CreationTime":"2023-07-23T12:13:34","Id":"4cc5be65-3adc-4d8a-9e0e-a77fdfb40900","Operation":"UserLoginFailed","OrganizationId":"8d4121ed-0008-406d-bff9-0d5bb312183c","RecordType":15,"ResultStatus":"Failed","UserKey":"311b45d6-1a3e-46ac-8434-721367961e19","UserType":0,"Version":1,"Workload":"AzureActiveDirectory","ClientIP":"2a09:bac5:114:105::1a:9b","ObjectId":"Unknown","UserId":"Matt@contoso.onmicrosoft.com","AzureActiveDirectoryEventType":1,"ExtendedProperties":[{"Name":"ResultStatusDetail","Value":"UserError"},{"Name":"UserAgent","Value":"Mozilla\/5.0 (Windows NT 10.0; Win64; x64) AppleWebKit\/537.36 (KHTML, like Gecko) Chrome\/104.0.0.0 Safari\/537.36"},{"Name":"UserAuthenticationMethod","Value":"1"},{"Name":"RequestType","Value":"OAuth2:Token"}],"ModifiedProperties":[],"Actor":[{"ID":"311b45d6-1a3e-46ac-8434-721367961e19","Type":0},{"ID":"Matt@contoso.onmicrosoft.com","Type":5}],"ActorContextId":"8d4121ed-0008-406d-bff9-0d5bb312183c","ActorIpAddress":"2a09:bac5:114:105::1a:9b","InterSystemsId":"7474247d-65fe-4b13-85f3-346e6762a4e0","IntraSystemId":"4cc5be65-3adc-4d8a-9e0e-a77fdfb40900","SupportTicketId":"","Target":[{"ID":"Unknown","Type":0}],"TargetContextId":"8d4121ed-0008-406d-bff9-0d5bb312183c","ApplicationId":"eb539595-3fe1-474e-9c1d-feb3625d1be5","DeviceProperties":[{"Name":"OS","Value":"Windows 10"},{"Name":"BrowserType","Value":"Chrome"},{"Name":"IsCompliantAndManaged","Value":"False"}],"ErrorNumber":"50126","LogonError":"InvalidUserNameOrPassword"}
{"CreationTime":"2023-07-23T12:13:34","Id":"ff8b8f87-16d1-4caa-b1c8-d0736df20800","Operation":"UserLoginFailed","OrganizationId":"8d4121ed-0008-406d-bff9-0d5bb312183c","RecordType":15,"ResultStatus":"Failed","UserKey":"035528ce-c325-4373-b65e-57087098d25d","UserType":0,"Version":1,"Workload":"AzureActiveDirectory","ClientIP":"2a09:bac5:114:105::1a:9b","ObjectId":"Unknown","UserId":"Johanna@contoso.onmicrosoft.com","AzureActiveDirectoryEventType":1,"ExtendedProperties":[{"Name":"ResultStatusDetail","Value":"UserError"},{"Name":"UserAgent","Value":"Mozilla\/5.0 (Windows NT 10.0; Win64; x64) AppleWebKit\/537.36 (KHTML, like Gecko) Chrome\/104.0.0.0 Safari\/537.36"},{"Name":"UserAuthenticationMethod","Value":"1"},{"Name":"RequestType","Value":"OAuth2:Token"}],"ModifiedProperties":[],"Actor":[{"ID":"035528ce-c325-4373-b65e-57087098d25d","Type":0},{"ID":"Johanna@contoso.onmicrosoft.com","Type":5}],"ActorContextId":"8d4121ed-0008-406d-bff9-0d5bb312183c","ActorIpAddress":"2a09:bac5:114:105::1a:9b","InterSystemsId":"ea26c63e-9b86-41cd-8ffd-692da68980d3","IntraSystemId":"ff8b8f87-16d1-4caa-b1c8-d0736df20800","SupportTicketId":"","Target":[{"ID":"Unknown","Type":0}],"TargetContextId":"8d4121ed-0008-406d-bff9-0d5bb312183c","ApplicationId":"c0d2a505-13b8-4ae0-aa9e-cddd5eab0b12","DeviceProperties":[{"Name":"OS","Value":"Windows 10"},{"Name":"BrowserType","Value":"Chrome"},{"Name":"IsCompliantAndManaged","Value":"False"}],"ErrorNumber":"50126","LogonError":"InvalidUserNameOrPassword"}
{"CreationTime":"2023-07-23T12:13:33","Id":"841e4ad0-c1ea-4135-bec0-5be2dfc60600","Operation":"UserLoginFailed","OrganizationId":"8d4121ed-0008-406d-bff9-0d5bb312183c","RecordType":15,"ResultStatus":"Failed","UserKey":"cccea98b-92f6-4e15-8e52-452bad586d7c","UserType":0,"Version":1,"Workload":"AzureActiveDirectory","ClientIP":"2a09:bac5:114:105::1a:9b","ObjectId":"Unknown","UserId":"Miriam@contoso.onmicrosoft.com","AzureActiveDirectoryEventType":1,"ExtendedProperties":[{"Name":"ResultStatusDetail","Value":"UserError"},{"Name":"UserAgent","Value":"Mozilla\/5.0 (Windows NT 10.0; Win64; x64) AppleWebKit\/537.36 (KHTML, like Gecko) Chrome\/104.0.0.0 Safari\/537.36"},{"Name":"UserAuthenticationMethod","Value":"1"},{"Name":"RequestType","Value":"OAuth2:Token"}],"ModifiedProperties":[],"Actor":[{"ID":"cccea98b-92f6-4e15-8e52-452bad586d7c","Type":0},{"ID":"Miriam@contoso.onmicrosoft.com","Type":5}],"ActorContextId":"8d4121ed-0008-406d-bff9-0d5bb312183c","ActorIpAddress":"2a09:bac5:114:105::1a:9b","InterSystemsId":"0ecc034f-89ae-404a-8404-99ab3c862aa5","IntraSystemId":"841e4ad0-c1ea-4135-bec0-5be2dfc60600","SupportTicketId":"","Target":[{"ID":"Unknown","Type":0}],"TargetContextId":"8d4121ed-0008-406d-bff9-0d5bb312183c","ApplicationId":"26a7ee05-5602-4d76-a7ba-eae8b7b67941","DeviceProperties":[{"Name":"OS","Value":"Windows 10"},{"Name":"BrowserType","Value":"Chrome"},{"Name":"IsCompliantAndManaged","Value":"False"}],"ErrorNumber":"50126","LogonError":"InvalidUserNameOrPassword"}
{"CreationTime":"2023-07-23T12:13:33","Id":"b65c1ca8-4e49-48fd-b0bc-794e09370700","Operation":"UserLoginFailed","OrganizationId":"8d4121ed-0008-406d-bff9-0d5bb312183c","RecordType":15,"ResultStatus":"Failed","UserKey":"082a4d9d-5735-4de1-aa28-d3d47ed8312a","UserType":0,"Version":1,"Workload":"AzureActiveDirectory","ClientIP":"2a09:bac5:114:105::1a:9b","ObjectId":"Unknown","UserId":"Megan@contoso.onmicrosoft.com","AzureActiveDirectoryEventType":1,"ExtendedProperties":[{"Name":"ResultStatusDetail","Value":"UserError"},{"Name":"UserAgent","Value":"Mozilla\/5.0 (Windows NT 10.0; Win64; x64) AppleWebKit\/537.36 (KHTML, like Gecko) Chrome\/104.0.0.0 Safari\/537.36"},{"Name":"UserAuthenticationMethod","Value":"1"},{"Name":"RequestType","Value":"OAuth2:Token"}],"ModifiedProperties":[],"Actor":[{"ID":"082a4d9d-5735-4de1-aa28-d3d47ed8312a","Type":0},{"ID":"Megan@contoso.onmicrosoft.com","Type":5}],"ActorContextId":"8d4121ed-0008-406d-bff9-0d5bb312183c","ActorIpAddress":"2a09:bac5:114:105::1a:9b","InterSystemsId":"273216ad-2513-4811-9197-beeb01560306","IntraSystemId":"b65c1ca8-4e49-48fd-b0bc-794e09370700","SupportTicketId":"","Target":[{"ID":"Unknown","Type":0}],"TargetContextId":"8d4121ed-0008-406d-bff9-0d5bb312183c","ApplicationId":"e9c51622-460d-4d3d-952d-966a5b1da34c","DeviceProperties":[{"Name":"OS","Value":"Windows 10"},{"Name":"BrowserType","Value":"Chrome"},{"Name":"IsCompliantAndManaged","Value":"False"}],"ErrorNumber":"50126","LogonError":"InvalidUserNameOrPassword"}
{"CreationTime":"2023-07-23T12:13:33","Id":"ef7f8279-bd74-42a0-86c7-2061faf20700","Operation":"UserLoginFailed","OrganizationId":"8d4121ed-0008-406d-bff9-0d5bb312183c","RecordType":15,"ResultStatus":"Failed","UserKey":"a88ae17c-f562-4c1f-a377-8910b6847d76","UserType":0,"Version":1,"Workload":"AzureActiveDirectory","ClientIP":"2a09:bac5:114:105::1a:9b","ObjectId":"Unknown","UserId":"Alex@contoso.onmicrosoft.com","AzureActiveDirectoryEventType":1,"ExtendedProperties":[{"Name":"ResultStatusDetail","Value":"UserError"},{"Name":"UserAgent","Value":"Mozilla\/5.0 (Windows NT 10.0; Win64; x64) AppleWebKit\/537.36 (KHTML, like Gecko) Chrome\/104.0.0.0 Safari\/537.36"},{"Name":"UserAuthenticationMethod","Value":"1"},{"Name":"RequestType","Value":"OAuth2:Token"}],"ModifiedProperties":[],"Actor":[{"ID":"a88ae17c-f562-4c1f-a377-8910b6847d76","Type":0},{"ID":"Alex@contoso.onmicrosoft.com","Type":5}],"ActorContextId":"8d4121ed-0008-406d-bff9-0d5bb312183c","ActorIpAddress":"2a09:bac5:114:105::1a:9b","InterSystemsId":"658d2ffe-d0cd-41e5-9c58-ef3e022f0f4c","IntraSystemId":"ef7f8279-bd74-42a0-86c7-2061faf20700","SupportTicketId":"","Target":[{"ID":"Unknown","Type":0}],"TargetContextId":"8d4121ed-0008-406d-bff9-0d5bb312183c","ApplicationId":"eb539595-3fe1-474e-9c1d-feb3625d1be5","DeviceProperties":[{"Name":"OS","Value":"Windows 10"},{"Name":"BrowserType","Value":"Chrome"},{"Name":"IsCompliantAndManaged","Value":"False"}],"ErrorNumber":"50126","LogonError":"InvalidUserNameOrPassword"}
{"CreationTime":"2023-07-23T12:13:33","Id":"5fdc26f5-1432-4eb0-96a2-60b4b6d30800","Operation":"UserLoginFailed","OrganizationId":"8d4121ed-0008-406d-bff9-0d5bb312183c","RecordType":15,"ResultStatus":"Failed","UserKey":"e49fa8dd-7cb3-46ee-9141-c9eda40f7906","UserType":0,"Version":1,"Workload":"AzureActiveDirectory","ClientIP":"2a09:bac5:114:105::1a:9b","ObjectId":"Unknown","UserId":"Lynne@contoso.onmicrosoft.com","AzureActiveDirectoryEventType":1,"ExtendedProperties":[{"Name":"ResultStatusDetail","Value":"UserError"},{"Name":"UserAgent","Value":"Mozilla\/5.0 (Windows NT 10.0; Win64; x64) AppleWebKit\/537.36 (KHTML, like Gecko) Chrome\/104.0.0.0 Safari\/537.36"},{"Name":"UserAuthenticationMethod","Value":"1"},{"Name":"RequestType","Value":"OAuth2:Token"}],"ModifiedProperties":[],"Actor":[{"ID":"e49fa8dd-7cb3-46ee-9141-c9eda40f7906","Type":0},{"ID":"Lynne@contoso.onmicrosoft.com","Type":5}],"ActorContextId":"8d4121ed-0008-406d-bff9-0d5bb312183c","ActorIpAddress":"2a09:bac5:114:105::1a:9b","InterSystemsId":"d763828c-3ee1-4104-bb8a-d20eace660b7","IntraSystemId":"5fdc26f5-1432-4eb0-96a2-60b4b6d30800","SupportTicketId":"","Target":[{"ID":"Unknown","Type":0}],"TargetContextId":"8d4121ed-0008-406d-bff9-0d5bb312183c","ApplicationId":"57336123-6e14-4acc-8dcf-287b6088aa28","DeviceProperties":[{"Name":"OS","Value":"Windows 10"},{"Name":"BrowserType","Value":"Chrome"},{"Name":"IsCompliantAndManaged","Value":"False"}],"ErrorNumber":"50126","LogonError":"InvalidUserNameOrPassword"}