{"Source":"Raccine","TimeCreated":"2020-10-18 03:38:05.959","Hostname":"WORKSTATION5","Task":"0","Channel":"Application","Message":"Raccine detected malicious activity:\nvssadmin delete shadows \n","EventID":2}
{"Source":"Raccine","TimeCreated":"2020-10-18 03:30:21.173","Hostname":"WORKSTATION5","Task":"0","Channel":"Application","Message":"Raccine detected malicious activity:\npowershell -enc JAB \n","EventID":2}
{"Source":"Raccine","TimeCreated":"2020-10-18 03:27:02.615","Hostname":"WORKSTATION5","Task":"0","Channel":"Application","Message":"Raccine event message","EventID":2}
{"Source":"Raccine","TimeCreated":"2020-10-18 03:26:57.319","Hostname":"WORKSTATION5","Task":"0","Channel":"Application","Message":"Raccine event message","EventID":2}
{"Source":"Raccine","TimeCreated":"2020-10-18 03:21:06.099","Hostname":"WORKSTATION5","Task":"0","Channel":"Application","Message":"Raccine event message","EventID":2}
{"Source":"Raccine","TimeCreated":"2020-10-18 03:20:56.489","Hostname":"WORKSTATION5","Task":"0","Channel":"Application","Message":"Raccine event message","EventID":2}
